sample_id,source,target,zone,n_spots,mean_z,z_msr,p_enrich,p_deplete,cohort,histology,who_grade,is_LGG,patient,q_enrich,q_deplete
bwh23,C1b,T_cell,inside,56,-0.0550252631455235,-0.450258172628858,0.694,0.308,IDHm,Oligodendroglioma,3,TRUE,BWH23,0.8928,0.924
bwh23,C1b,T_cell,ring,162,-0.0917702935095605,-1.41300638897347,0.924,0.078,IDHm,Oligodendroglioma,3,TRUE,BWH23,0.998,0.1872
bwh23,C1b,Endothelial,inside,56,0.228179440070713,1.25887615703938,0.12,0.882,IDHm,Oligodendroglioma,3,TRUE,BWH23,0.288,1
bwh23,C1b,Endothelial,ring,162,0.0685799340184674,0.620608782610315,0.262,0.74,IDHm,Oligodendroglioma,3,TRUE,BWH23,0.524,1
bwh23,C1b,Pericyte,inside,56,0.156655893203179,0.922748985175799,0.18,0.822,IDHm,Oligodendroglioma,3,TRUE,BWH23,0.36,1
bwh23,C1b,Pericyte,ring,162,0.108743191270072,1.06852921299019,0.132,0.87,IDHm,Oligodendroglioma,3,TRUE,BWH23,0.3168,1
bwh23,C1b,IFN_response,inside,56,-0.37503902051245,-1.54838611473598,0.932,0.07,IDHm,Oligodendroglioma,3,TRUE,BWH23,1,0.42
bwh23,C1b,IFN_response,ring,162,-0.372794113160215,-2.21878157168732,0.986,0.016,IDHm,Oligodendroglioma,3,TRUE,BWH23,0.998,0.064
bwh23,C1b,Hypoxia,inside,56,2.26362815815404,5.88163123256258,0.002,1,IDHm,Oligodendroglioma,3,TRUE,BWH23,0.008,1
bwh23,C1b,Hypoxia,ring,162,0.720682447645297,2.9713245064697,0.002,1,IDHm,Oligodendroglioma,3,TRUE,BWH23,0.012,1
bwh23,C1b,Inflammation,inside,56,0.569363858366108,2.8926155932092,0.002,1,IDHm,Oligodendroglioma,3,TRUE,BWH23,0.008,1
bwh23,C1b,Inflammation,ring,162,0.261051130269818,2.22942438302042,0.01,0.992,IDHm,Oligodendroglioma,3,TRUE,BWH23,0.04,1
bwh23,C1b,TAM_microglia,inside,56,0.0950526037736075,0.544103167477318,0.304,0.698,IDHm,Oligodendroglioma,3,TRUE,BWH23,0.474,1
bwh23,C1b,TAM_microglia,ring,162,-0.218198977044004,-2.94488663803175,0.998,0.004,IDHm,Oligodendroglioma,3,TRUE,BWH23,0.998,0.036
bwh23,C1b,TAM_monocyte,inside,56,-0.57794204556381,-2.99027460247035,1,0.002,IDHm,Oligodendroglioma,3,TRUE,BWH23,1,0.024
bwh23,C1b,TAM_monocyte,ring,162,-0.355386611763587,-2.69491337161759,0.996,0.006,IDHm,Oligodendroglioma,3,TRUE,BWH23,0.998,0.036
bwh23,C1b,TAM_SPP1_lipid,inside,56,1.32605638640388,5.07875709175159,0.002,1,IDHm,Oligodendroglioma,3,TRUE,BWH23,0.008,1
bwh23,C1b,TAM_SPP1_lipid,ring,162,0.28779115943683,1.82229255309985,0.048,0.954,IDHm,Oligodendroglioma,3,TRUE,BWH23,0.144,1
bwh23,C1b,TAM_C1Q,inside,56,0.197546132719171,1.22245576888296,0.102,0.9,IDHm,Oligodendroglioma,3,TRUE,BWH23,0.288,1
bwh23,C1b,TAM_C1Q,ring,162,-0.123737695035341,-1.36376062137123,0.926,0.076,IDHm,Oligodendroglioma,3,TRUE,BWH23,0.998,0.1872
bwh23,C1b,IFNG_response,inside,56,0.0836386157086225,0.408261246016395,0.316,0.686,IDHm,Oligodendroglioma,3,TRUE,BWH23,0.474,1
bwh23,C1b,IFNG_response,ring,162,-0.016663202216796,-0.161636867811389,0.55,0.452,IDHm,Oligodendroglioma,3,TRUE,BWH23,0.942857142857143,0.904
bwh23,C1b,Malignant_CNA,inside,56,-0.149153007997076,-0.662978166936078,0.744,0.258,IDHm,Oligodendroglioma,3,TRUE,BWH23,0.8928,0.924
bwh23,C1b,Malignant_CNA,ring,162,0.57224184725132,4.22085496663863,0.002,1,IDHm,Oligodendroglioma,3,TRUE,BWH23,0.012,1
bwh23,nonMHC,T_cell,inside,39,-0.0895050325241416,-0.70544932630943,0.772,0.23,IDHm,Oligodendroglioma,3,TRUE,BWH23,0.976,0.552
bwh23,nonMHC,T_cell,ring,106,-0.068627277322442,-0.791785799100131,0.796,0.206,IDHm,Oligodendroglioma,3,TRUE,BWH23,1,0.4944
bwh23,nonMHC,Endothelial,inside,39,0.231108667964653,1.06364306058281,0.134,0.868,IDHm,Oligodendroglioma,3,TRUE,BWH23,0.3696,1
bwh23,nonMHC,Endothelial,ring,106,-0.00959725560193498,-0.0948735313117676,0.528,0.474,IDHm,Oligodendroglioma,3,TRUE,BWH23,0.905142857142857,0.888
bwh23,nonMHC,Pericyte,inside,39,-0.0754131161091366,-0.42790854798272,0.658,0.344,IDHm,Oligodendroglioma,3,TRUE,BWH23,0.976,0.688
bwh23,nonMHC,Pericyte,ring,106,0.0198013310080188,0.0510346487713782,0.484,0.518,IDHm,Oligodendroglioma,3,TRUE,BWH23,0.905142857142857,0.888
bwh23,nonMHC,IFN_response,inside,39,-0.370445436623108,-1.33292424773202,0.916,0.086,IDHm,Oligodendroglioma,3,TRUE,BWH23,0.976,0.344
bwh23,nonMHC,IFN_response,ring,106,-0.299499938668495,-1.39402957742612,0.922,0.08,IDHm,Oligodendroglioma,3,TRUE,BWH23,1,0.24
bwh23,nonMHC,Hypoxia,inside,39,1.91486840991012,3.49965811608415,0.002,1,IDHm,Oligodendroglioma,3,TRUE,BWH23,0.024,1
bwh23,nonMHC,Hypoxia,ring,106,1.21241000165872,3.216474608186,0.002,1,IDHm,Oligodendroglioma,3,TRUE,BWH23,0.012,1
bwh23,nonMHC,Inflammation,inside,39,0.243249272101107,1.03032090373926,0.154,0.848,IDHm,Oligodendroglioma,3,TRUE,BWH23,0.3696,1
bwh23,nonMHC,Inflammation,ring,106,0.471909697269824,3.02936399792065,0.002,1,IDHm,Oligodendroglioma,3,TRUE,BWH23,0.012,1
bwh23,nonMHC,TAM_microglia,inside,39,-0.228545098050821,-1.4167401671224,0.924,0.078,IDHm,Oligodendroglioma,3,TRUE,BWH23,0.976,0.344
bwh23,nonMHC,TAM_microglia,ring,106,-0.269797996794769,-2.82271832852566,1,0.002,IDHm,Oligodendroglioma,3,TRUE,BWH23,1,0.012
bwh23,nonMHC,TAM_monocyte,inside,39,-0.467864997525115,-1.91652928499711,0.976,0.026,IDHm,Oligodendroglioma,3,TRUE,BWH23,0.976,0.312
bwh23,nonMHC,TAM_monocyte,ring,106,-0.489153323066829,-2.81677948499171,1,0.002,IDHm,Oligodendroglioma,3,TRUE,BWH23,1,0.012
bwh23,nonMHC,TAM_SPP1_lipid,inside,39,0.727965018441364,2.20533347692587,0.012,0.99,IDHm,Oligodendroglioma,3,TRUE,BWH23,0.072,1
bwh23,nonMHC,TAM_SPP1_lipid,ring,106,0.488174773555199,2.11326363889378,0.014,0.988,IDHm,Oligodendroglioma,3,TRUE,BWH23,0.042,1
bwh23,nonMHC,TAM_C1Q,inside,39,-0.17610741050072,-0.965852092778778,0.834,0.168,IDHm,Oligodendroglioma,3,TRUE,BWH23,0.976,0.504
bwh23,nonMHC,TAM_C1Q,ring,106,-0.219912271501048,-1.89652581034468,0.978,0.024,IDHm,Oligodendroglioma,3,TRUE,BWH23,1,0.096
bwh23,nonMHC,IFNG_response,inside,39,0.0435090091765017,0.213745020253326,0.416,0.586,IDHm,Oligodendroglioma,3,TRUE,BWH23,0.832,1
bwh23,nonMHC,IFNG_response,ring,106,0.0728253165674687,0.519926494025995,0.322,0.68,IDHm,Oligodendroglioma,3,TRUE,BWH23,0.7728,1
bwh23,nonMHC,Malignant_CNA,inside,39,0.322987812989699,1.54896203201525,0.058,0.944,IDHm,Oligodendroglioma,3,TRUE,BWH23,0.232,1
bwh23,nonMHC,Malignant_CNA,ring,106,0.488911892381838,2.88601095869636,0.004,0.998,IDHm,Oligodendroglioma,3,TRUE,BWH23,0.016,1
bwh24,C1b,T_cell,inside,43,-0.00923849594141803,-0.0596862336157688,0.502,0.5,IDHm,Astrocytoma,4,FALSE,BWH24,0.6024,1
bwh24,C1b,T_cell,ring,258,0.112663919498252,1.2231818129661,0.124,0.878,IDHm,Astrocytoma,4,FALSE,BWH24,0.444,0.957818181818182
bwh24,C1b,Endothelial,inside,43,0.321977813780419,1.6498472625736,0.048,0.954,IDHm,Astrocytoma,4,FALSE,BWH24,0.1152,1
bwh24,C1b,Endothelial,ring,258,-0.00622926011905447,-0.0951564806444413,0.558,0.444,IDHm,Astrocytoma,4,FALSE,BWH24,0.837,0.957818181818182
bwh24,C1b,Pericyte,inside,43,1.97820957264654,9.87567613555649,0.002,1,IDHm,Astrocytoma,4,FALSE,BWH24,0.024,1
bwh24,C1b,Pericyte,ring,258,0.00857171844158553,0.10610575161659,0.432,0.57,IDHm,Astrocytoma,4,FALSE,BWH24,0.836571428571429,0.957818181818182
bwh24,C1b,IFN_response,inside,43,0.0958664455609989,0.417897444909834,0.332,0.67,IDHm,Astrocytoma,4,FALSE,BWH24,0.442666666666667,1
bwh24,C1b,IFN_response,ring,258,-0.153092631859918,-1.12449307143019,0.852,0.15,IDHm,Astrocytoma,4,FALSE,BWH24,0.929454545454545,0.882
bwh24,C1b,Hypoxia,inside,43,-0.236060992024706,-1.38486763563228,0.912,0.09,IDHm,Astrocytoma,4,FALSE,BWH24,0.912,1
bwh24,C1b,Hypoxia,ring,258,-0.123076119016457,-1.54380502658716,0.946,0.056,IDHm,Astrocytoma,4,FALSE,BWH24,0.946,0.672
bwh24,C1b,Inflammation,inside,43,0.295574148807281,1.52778320999632,0.068,0.934,IDHm,Astrocytoma,4,FALSE,BWH24,0.136,1
bwh24,C1b,Inflammation,ring,258,0.135784151760101,1.08792299027188,0.148,0.854,IDHm,Astrocytoma,4,FALSE,BWH24,0.444,0.957818181818182
bwh24,C1b,TAM_microglia,inside,43,0.482839191570831,2.69115705415567,0.006,0.996,IDHm,Astrocytoma,4,FALSE,BWH24,0.024,1
bwh24,C1b,TAM_microglia,ring,258,0.0487256240305745,0.676071032100979,0.256,0.746,IDHm,Astrocytoma,4,FALSE,BWH24,0.6144,0.957818181818182
bwh24,C1b,TAM_monocyte,inside,43,0.295223092043389,1.90479297291685,0.028,0.974,IDHm,Astrocytoma,4,FALSE,BWH24,0.084,1
bwh24,C1b,TAM_monocyte,ring,258,-0.0302298216453431,-0.535130143943353,0.708,0.294,IDHm,Astrocytoma,4,FALSE,BWH24,0.9192,0.882
bwh24,C1b,TAM_SPP1_lipid,inside,43,-0.14709751635581,-0.974667664725992,0.83,0.172,IDHm,Astrocytoma,4,FALSE,BWH24,0.905454545454545,1
bwh24,C1b,TAM_SPP1_lipid,ring,258,-0.001128654847914,0.00665159112340069,0.488,0.514,IDHm,Astrocytoma,4,FALSE,BWH24,0.836571428571429,0.957818181818182
bwh24,C1b,TAM_C1Q,inside,43,0.485650264167005,2.52845853369641,0.006,0.996,IDHm,Astrocytoma,4,FALSE,BWH24,0.024,1
bwh24,C1b,TAM_C1Q,ring,258,0.130984920541517,1.20215344270867,0.124,0.878,IDHm,Astrocytoma,4,FALSE,BWH24,0.444,0.957818181818182
bwh24,C1b,IFNG_response,inside,43,0.168141100098257,1.02137251035062,0.146,0.856,IDHm,Astrocytoma,4,FALSE,BWH24,0.250285714285714,1
bwh24,C1b,IFNG_response,ring,258,-0.0537066561159598,-0.694923200889724,0.766,0.236,IDHm,Astrocytoma,4,FALSE,BWH24,0.9192,0.882
bwh24,C1b,Malignant_CNA,inside,43,0.144657206637474,0.841063314252136,0.204,0.798,IDHm,Astrocytoma,4,FALSE,BWH24,0.306,1
bwh24,C1b,Malignant_CNA,ring,258,0.230259316195096,2.64628482241452,0.004,0.998,IDHm,Astrocytoma,4,FALSE,BWH24,0.048,0.998
bwh24,nonMHC,T_cell,inside,12,0.330393268459126,0.967742075552368,0.164,0.838,IDHm,Astrocytoma,4,FALSE,BWH24,0.281142857142857,1
bwh24,nonMHC,T_cell,ring,58,0.0435813739171264,0.230105095174637,0.388,0.614,IDHm,Astrocytoma,4,FALSE,BWH24,0.672,0.8232
bwh24,nonMHC,Endothelial,inside,12,0.540526375240662,1.5510787308016,0.054,0.948,IDHm,Astrocytoma,4,FALSE,BWH24,0.1584,1
bwh24,nonMHC,Endothelial,ring,58,-0.256246340009412,-1.45251925465969,0.938,0.064,IDHm,Astrocytoma,4,FALSE,BWH24,0.938,0.588
bwh24,nonMHC,Pericyte,inside,12,3.83395694504403,10.1922657507235,0.002,1,IDHm,Astrocytoma,4,FALSE,BWH24,0.024,1
bwh24,nonMHC,Pericyte,ring,58,0.080236697619877,0.395945943298636,0.316,0.686,IDHm,Astrocytoma,4,FALSE,BWH24,0.672,0.8232
bwh24,nonMHC,IFN_response,inside,12,0.0854463993051333,0.149040485280341,0.43,0.572,IDHm,Astrocytoma,4,FALSE,BWH24,0.645,1
bwh24,nonMHC,IFN_response,ring,58,-0.222731408162787,-1.18170903759692,0.888,0.114,IDHm,Astrocytoma,4,FALSE,BWH24,0.938,0.588
bwh24,nonMHC,Hypoxia,inside,12,-0.233143384327148,-0.723474458124606,0.772,0.23,IDHm,Astrocytoma,4,FALSE,BWH24,0.842181818181818,1
bwh24,nonMHC,Hypoxia,ring,58,-0.163910831372816,-1.03207443576208,0.844,0.158,IDHm,Astrocytoma,4,FALSE,BWH24,0.938,0.588
bwh24,nonMHC,Inflammation,inside,12,-0.0845866922585401,-0.334717368201683,0.616,0.386,IDHm,Astrocytoma,4,FALSE,BWH24,0.7392,1
bwh24,nonMHC,Inflammation,ring,58,0.0765220871057633,0.380101789433134,0.356,0.646,IDHm,Astrocytoma,4,FALSE,BWH24,0.672,0.8232
bwh24,nonMHC,TAM_microglia,inside,12,0.480755516135953,1.44785500685949,0.066,0.936,IDHm,Astrocytoma,4,FALSE,BWH24,0.1584,1
bwh24,nonMHC,TAM_microglia,ring,58,-0.0493061362484175,-0.323250812788173,0.626,0.376,IDHm,Astrocytoma,4,FALSE,BWH24,0.938,0.8232
bwh24,nonMHC,TAM_monocyte,inside,12,0.467113474039485,1.51138267191856,0.064,0.938,IDHm,Astrocytoma,4,FALSE,BWH24,0.1584,1
bwh24,nonMHC,TAM_monocyte,ring,58,0.0489435035236605,0.334231846452924,0.392,0.61,IDHm,Astrocytoma,4,FALSE,BWH24,0.672,0.8232
bwh24,nonMHC,TAM_SPP1_lipid,inside,12,-0.331212004879577,-1.06326526506961,0.87,0.132,IDHm,Astrocytoma,4,FALSE,BWH24,0.87,1
bwh24,nonMHC,TAM_SPP1_lipid,ring,58,-0.123840421971959,-0.824217349056513,0.806,0.196,IDHm,Astrocytoma,4,FALSE,BWH24,0.938,0.588
bwh24,nonMHC,TAM_C1Q,inside,12,0.801788545702324,2.42638492062033,0.008,0.994,IDHm,Astrocytoma,4,FALSE,BWH24,0.048,1
bwh24,nonMHC,TAM_C1Q,ring,58,0.154068301473053,0.94576491524827,0.17,0.832,IDHm,Astrocytoma,4,FALSE,BWH24,0.672,0.892
bwh24,nonMHC,IFNG_response,inside,12,-0.113642930047079,-0.245060083811994,0.61,0.392,IDHm,Astrocytoma,4,FALSE,BWH24,0.7392,1
bwh24,nonMHC,IFNG_response,ring,58,0.0596357047349642,0.415164215248275,0.346,0.656,IDHm,Astrocytoma,4,FALSE,BWH24,0.672,0.8232
bwh24,nonMHC,Malignant_CNA,inside,12,0.309332608971862,1.01730760916695,0.146,0.856,IDHm,Astrocytoma,4,FALSE,BWH24,0.281142857142857,1
bwh24,nonMHC,Malignant_CNA,ring,58,0.187665757611765,1.21241201924101,0.11,0.892,IDHm,Astrocytoma,4,FALSE,BWH24,0.672,0.892
bwh25,C1b,T_cell,inside,168,-0.0289565115279484,-0.369334833761151,0.644,0.358,IDHm,Astrocytoma,4,FALSE,BWH25,0.8136,0.896
bwh25,C1b,T_cell,ring,484,0.0503870838343875,1.16124033717003,0.118,0.884,IDHm,Astrocytoma,4,FALSE,BWH25,0.354,0.988
bwh25,C1b,Endothelial,inside,168,0.450959378750599,3.85295379075721,0.002,1,IDHm,Astrocytoma,4,FALSE,BWH25,0.012,1
bwh25,C1b,Endothelial,ring,484,0.0534772820755666,0.74816370873991,0.252,0.75,IDHm,Astrocytoma,4,FALSE,BWH25,0.504,0.988
bwh25,C1b,Pericyte,inside,168,0.221294649691879,1.93720269907456,0.022,0.98,IDHm,Astrocytoma,4,FALSE,BWH25,0.0528,1
bwh25,C1b,Pericyte,ring,484,0.113236848173521,1.78419885263894,0.028,0.974,IDHm,Astrocytoma,4,FALSE,BWH25,0.168,0.988
bwh25,C1b,IFN_response,inside,168,0.451239141645824,2.23475939170031,0.012,0.99,IDHm,Astrocytoma,4,FALSE,BWH25,0.048,1
bwh25,C1b,IFN_response,ring,484,0.215944953461076,1.72009961626179,0.042,0.96,IDHm,Astrocytoma,4,FALSE,BWH25,0.168,0.988
bwh25,C1b,Hypoxia,inside,168,-0.0227689208056895,-0.287609123416615,0.608,0.394,IDHm,Astrocytoma,4,FALSE,BWH25,0.8136,0.896
bwh25,C1b,Hypoxia,ring,484,-0.0410947828848782,-0.692885068802106,0.748,0.254,IDHm,Astrocytoma,4,FALSE,BWH25,0.979636363636364,0.762
bwh25,C1b,Inflammation,inside,168,0.331803181519491,3.18093927677376,0.002,1,IDHm,Astrocytoma,4,FALSE,BWH25,0.012,1
bwh25,C1b,Inflammation,ring,484,-0.0330000723817835,-0.511416426122914,0.68,0.322,IDHm,Astrocytoma,4,FALSE,BWH25,0.979636363636364,0.7728
bwh25,C1b,TAM_microglia,inside,168,-0.0775187198117593,-0.792158532534486,0.782,0.22,IDHm,Astrocytoma,4,FALSE,BWH25,0.853090909090909,0.896
bwh25,C1b,TAM_microglia,ring,484,-0.103722406367173,-2.16277307355679,0.99,0.012,IDHm,Astrocytoma,4,FALSE,BWH25,0.99,0.144
bwh25,C1b,TAM_monocyte,inside,168,-0.195862852669087,-2.0821159535608,0.978,0.024,IDHm,Astrocytoma,4,FALSE,BWH25,0.978,0.288
bwh25,C1b,TAM_monocyte,ring,484,-0.0424934972803742,-0.963433068694025,0.84,0.162,IDHm,Astrocytoma,4,FALSE,BWH25,0.979636363636364,0.648
bwh25,C1b,TAM_SPP1_lipid,inside,168,-0.0528820408125878,-0.504534349019488,0.678,0.324,IDHm,Astrocytoma,4,FALSE,BWH25,0.8136,0.896
bwh25,C1b,TAM_SPP1_lipid,ring,484,0.0109464852268213,0.113035451931146,0.486,0.516,IDHm,Astrocytoma,4,FALSE,BWH25,0.833142857142857,0.988
bwh25,C1b,TAM_C1Q,inside,168,-0.0160143521513088,-0.119680410939198,0.554,0.448,IDHm,Astrocytoma,4,FALSE,BWH25,0.8136,0.896
bwh25,C1b,TAM_C1Q,ring,484,-0.0946441223911115,-1.29437081952109,0.898,0.104,IDHm,Astrocytoma,4,FALSE,BWH25,0.979636363636364,0.624
bwh25,C1b,IFNG_response,inside,168,0.368988564726636,2.13073846999665,0.018,0.984,IDHm,Astrocytoma,4,FALSE,BWH25,0.0528,1
bwh25,C1b,IFNG_response,ring,484,0.106643355263854,1.0543748435799,0.164,0.838,IDHm,Astrocytoma,4,FALSE,BWH25,0.3936,0.988
bwh25,C1b,Malignant_CNA,inside,168,0.420515131039754,1.3369057737143,0.1,0.902,IDHm,Astrocytoma,4,FALSE,BWH25,0.2,1
bwh25,C1b,Malignant_CNA,ring,484,0.374643836222329,1.70130003504873,0.014,0.988,IDHm,Astrocytoma,4,FALSE,BWH25,0.168,0.988
bwh28,C1b,T_cell,inside,56,0.281251682519766,2.18056019164545,0.022,0.98,IDHm,Astrocytoma,2,TRUE,BWH28,0.0528,1
bwh28,C1b,T_cell,ring,345,-0.00586685927513423,-0.0995446640657582,0.534,0.468,IDHm,Astrocytoma,2,TRUE,BWH28,0.801,0.929142857142857
bwh28,C1b,Endothelial,inside,56,0.30322424586366,2.21269033156607,0.016,0.986,IDHm,Astrocytoma,2,TRUE,BWH28,0.048,1
bwh28,C1b,Endothelial,ring,345,-0.028062412228559,-0.472188256679028,0.666,0.336,IDHm,Astrocytoma,2,TRUE,BWH28,0.888,0.929142857142857
bwh28,C1b,Pericyte,inside,56,0.193494410400664,1.44066172081937,0.072,0.93,IDHm,Astrocytoma,2,TRUE,BWH28,0.144,1
bwh28,C1b,Pericyte,ring,345,-0.0732569822194533,-1.4902720440341,0.936,0.066,IDHm,Astrocytoma,2,TRUE,BWH28,0.99,0.264
bwh28,C1b,IFN_response,inside,56,-0.0609934439533725,-0.399943117395581,0.652,0.35,IDHm,Astrocytoma,2,TRUE,BWH28,0.8424,1
bwh28,C1b,IFN_response,ring,345,0.105243451419254,1.81030695492796,0.038,0.964,IDHm,Astrocytoma,2,TRUE,BWH28,0.228,0.992
bwh28,C1b,Hypoxia,inside,56,-0.0691096522860712,-0.527853322256741,0.702,0.3,IDHm,Astrocytoma,2,TRUE,BWH28,0.8424,1
bwh28,C1b,Hypoxia,ring,345,0.0642375286949278,1.10098153698442,0.136,0.866,IDHm,Astrocytoma,2,TRUE,BWH28,0.3264,0.992
bwh28,C1b,Inflammation,inside,56,0.48233083161448,3.32466788645167,0.004,0.998,IDHm,Astrocytoma,2,TRUE,BWH28,0.024,1
bwh28,C1b,Inflammation,ring,345,0.00367686239589734,0.0905828103055655,0.46,0.542,IDHm,Astrocytoma,2,TRUE,BWH28,0.801,0.929142857142857
bwh28,C1b,TAM_microglia,inside,56,0.0369740440298751,0.336829727690245,0.374,0.628,IDHm,Astrocytoma,2,TRUE,BWH28,0.561,1
bwh28,C1b,TAM_microglia,ring,345,0.00842264771784927,0.118652829275251,0.472,0.53,IDHm,Astrocytoma,2,TRUE,BWH28,0.801,0.929142857142857
bwh28,C1b,TAM_monocyte,inside,56,-0.236642363739817,-1.85669461611661,0.972,0.03,IDHm,Astrocytoma,2,TRUE,BWH28,0.972,0.36
bwh28,C1b,TAM_monocyte,ring,345,-0.0915808217505826,-1.50816320551121,0.938,0.064,IDHm,Astrocytoma,2,TRUE,BWH28,0.99,0.264
bwh28,C1b,TAM_SPP1_lipid,inside,56,0.654706990777586,4.33873203315232,0.002,1,IDHm,Astrocytoma,2,TRUE,BWH28,0.024,1
bwh28,C1b,TAM_SPP1_lipid,ring,345,0.197907392400906,2.55661609017514,0.01,0.992,IDHm,Astrocytoma,2,TRUE,BWH28,0.12,0.992
bwh28,C1b,TAM_C1Q,inside,56,0.128791934869206,0.96419905018286,0.174,0.828,IDHm,Astrocytoma,2,TRUE,BWH28,0.298285714285714,1
bwh28,C1b,TAM_C1Q,ring,345,0.0751371303714515,1.26373066559112,0.108,0.894,IDHm,Astrocytoma,2,TRUE,BWH28,0.324,0.992
bwh28,C1b,IFNG_response,inside,56,0.299073808651842,2.38615096678988,0.006,0.996,IDHm,Astrocytoma,2,TRUE,BWH28,0.024,1
bwh28,C1b,IFNG_response,ring,345,0.0589543027374803,1.26873913724825,0.098,0.904,IDHm,Astrocytoma,2,TRUE,BWH28,0.324,0.992
bwh28,C1b,Malignant_CNA,inside,56,-0.161996474251188,-1.1227935750009,0.86,0.142,IDHm,Astrocytoma,2,TRUE,BWH28,0.938181818181818,0.852
bwh28,C1b,Malignant_CNA,ring,345,-0.146057012372335,-2.12815806985459,0.99,0.012,IDHm,Astrocytoma,2,TRUE,BWH28,0.99,0.144
bwh35,C1b,T_cell,inside,6,0.295293340440773,0.68034516045425,0.244,0.758,IDHm,Oligodendroglioma,2,TRUE,BWH35,0.366,1
bwh35,C1b,T_cell,ring,62,0.305143895149406,2.45021612224514,0.008,0.994,IDHm,Oligodendroglioma,2,TRUE,BWH35,0.096,0.994
bwh35,C1b,Endothelial,inside,6,0.390109154691518,1.01233877969316,0.16,0.842,IDHm,Oligodendroglioma,2,TRUE,BWH35,0.274285714285714,1
bwh35,C1b,Endothelial,ring,62,0.0280345568124397,0.138912736047524,0.44,0.562,IDHm,Oligodendroglioma,2,TRUE,BWH35,0.66,0.994
bwh35,C1b,Pericyte,inside,6,0.852503562259071,2.26147393675804,0.012,0.99,IDHm,Oligodendroglioma,2,TRUE,BWH35,0.048,1
bwh35,C1b,Pericyte,ring,62,-0.177117068178859,-1.49131759992418,0.934,0.068,IDHm,Oligodendroglioma,2,TRUE,BWH35,0.934,0.816
bwh35,C1b,IFN_response,inside,6,1.08941958782994,2.63114803729757,0.008,0.994,IDHm,Oligodendroglioma,2,TRUE,BWH35,0.048,1
bwh35,C1b,IFN_response,ring,62,0.0878380615191892,0.630193444150721,0.296,0.706,IDHm,Oligodendroglioma,2,TRUE,BWH35,0.531428571428571,0.994
bwh35,C1b,Hypoxia,inside,6,-0.581598331328729,-1.467373484989,0.944,0.058,IDHm,Oligodendroglioma,2,TRUE,BWH35,0.944,0.696
bwh35,C1b,Hypoxia,ring,62,-0.0581869729268072,-0.348977626854755,0.646,0.356,IDHm,Oligodendroglioma,2,TRUE,BWH35,0.7752,0.994
bwh35,C1b,Inflammation,inside,6,0.446362792675407,1.02215222696062,0.15,0.852,IDHm,Oligodendroglioma,2,TRUE,BWH35,0.274285714285714,1
bwh35,C1b,Inflammation,ring,62,0.237835740787698,1.34447385845388,0.088,0.914,IDHm,Oligodendroglioma,2,TRUE,BWH35,0.336,0.994
bwh35,C1b,TAM_microglia,inside,6,0.872729862183065,2.14620935137047,0.016,0.986,IDHm,Oligodendroglioma,2,TRUE,BWH35,0.048,1
bwh35,C1b,TAM_microglia,ring,62,-0.136934962387306,-1.08323959018407,0.866,0.136,IDHm,Oligodendroglioma,2,TRUE,BWH35,0.934,0.816
bwh35,C1b,TAM_monocyte,inside,6,-0.305162259753067,-0.795241891148038,0.794,0.208,IDHm,Oligodendroglioma,2,TRUE,BWH35,0.866181818181818,1
bwh35,C1b,TAM_monocyte,ring,62,-0.0165707006195334,-0.218384863939366,0.576,0.426,IDHm,Oligodendroglioma,2,TRUE,BWH35,0.768,0.994
bwh35,C1b,TAM_SPP1_lipid,inside,6,0.779777543601347,1.90225190614368,0.03,0.972,IDHm,Oligodendroglioma,2,TRUE,BWH35,0.072,1
bwh35,C1b,TAM_SPP1_lipid,ring,62,0.0794189047317732,0.549208691589823,0.31,0.692,IDHm,Oligodendroglioma,2,TRUE,BWH35,0.531428571428571,0.994
bwh35,C1b,TAM_C1Q,inside,6,-0.0417820307782913,-0.0356410142515177,0.544,0.458,IDHm,Oligodendroglioma,2,TRUE,BWH35,0.6528,1
bwh35,C1b,TAM_C1Q,ring,62,0.0622248238779717,0.565980768637919,0.296,0.706,IDHm,Oligodendroglioma,2,TRUE,BWH35,0.531428571428571,0.994
bwh35,C1b,IFNG_response,inside,6,1.36904620788009,3.23976227924921,0.002,1,IDHm,Oligodendroglioma,2,TRUE,BWH35,0.024,1
bwh35,C1b,IFNG_response,ring,62,0.216241469320897,1.48251722097273,0.072,0.93,IDHm,Oligodendroglioma,2,TRUE,BWH35,0.336,0.994
bwh35,C1b,Malignant_CNA,inside,6,-0.0432486711028144,-0.110472839910921,0.526,0.476,IDHm,Oligodendroglioma,2,TRUE,BWH35,0.6528,1
bwh35,C1b,Malignant_CNA,ring,62,0.191452437930279,1.18220166940624,0.112,0.89,IDHm,Oligodendroglioma,2,TRUE,BWH35,0.336,0.994
bwh35,APC,T_cell,inside,5,0.374426491361907,0.790245380973612,0.216,0.786,IDHm,Oligodendroglioma,2,TRUE,BWH35,0.632,0.932
bwh35,APC,T_cell,ring,44,0.17042880245723,1.31987270269473,0.098,0.904,IDHm,Oligodendroglioma,2,TRUE,BWH35,0.2352,0.984
bwh35,APC,Endothelial,inside,5,0.435419514531069,1.04685256565498,0.142,0.86,IDHm,Oligodendroglioma,2,TRUE,BWH35,0.632,0.932
bwh35,APC,Endothelial,ring,44,-0.0121933379815317,-0.086978393743821,0.516,0.486,IDHm,Oligodendroglioma,2,TRUE,BWH35,0.6192,0.984
bwh35,APC,Pericyte,inside,5,-0.172726983016119,-0.438495992606636,0.666,0.336,IDHm,Oligodendroglioma,2,TRUE,BWH35,0.958,0.672
bwh35,APC,Pericyte,ring,44,0.0269149465713806,0.235583461107725,0.402,0.6,IDHm,Oligodendroglioma,2,TRUE,BWH35,0.536,0.984
bwh35,APC,IFN_response,inside,5,0.613471477878478,1.42070687102923,0.07,0.932,IDHm,Oligodendroglioma,2,TRUE,BWH35,0.632,0.932
bwh35,APC,IFN_response,ring,44,0.157902345541909,0.912669589352905,0.182,0.82,IDHm,Oligodendroglioma,2,TRUE,BWH35,0.312,0.984
bwh35,APC,Hypoxia,inside,5,-0.692918424928213,-1.65081111171096,0.958,0.044,IDHm,Oligodendroglioma,2,TRUE,BWH35,0.958,0.288
bwh35,APC,Hypoxia,ring,44,-0.325499934453809,-2.43751207945999,0.994,0.008,IDHm,Oligodendroglioma,2,TRUE,BWH35,0.994,0.096
bwh35,APC,Inflammation,inside,5,0.329197772616361,0.672895507793433,0.268,0.734,IDHm,Oligodendroglioma,2,TRUE,BWH35,0.632,0.932
bwh35,APC,Inflammation,ring,44,0.156084009099654,0.9189059395631,0.18,0.822,IDHm,Oligodendroglioma,2,TRUE,BWH35,0.312,0.984
bwh35,APC,TAM_microglia,inside,5,-0.758036556739798,-1.73465288854461,0.954,0.048,IDHm,Oligodendroglioma,2,TRUE,BWH35,0.958,0.288
bwh35,APC,TAM_microglia,ring,44,0.232861700752403,1.52640327386522,0.066,0.936,IDHm,Oligodendroglioma,2,TRUE,BWH35,0.234,0.984
bwh35,APC,TAM_monocyte,inside,5,0.22827073679455,0.505744090894758,0.316,0.686,IDHm,Oligodendroglioma,2,TRUE,BWH35,0.632,0.932
bwh35,APC,TAM_monocyte,ring,44,0.286928073638719,1.54716730437934,0.078,0.924,IDHm,Oligodendroglioma,2,TRUE,BWH35,0.234,0.984
bwh35,APC,TAM_SPP1_lipid,inside,5,-0.577018393593717,-1.31265458480157,0.898,0.104,IDHm,Oligodendroglioma,2,TRUE,BWH35,0.958,0.416
bwh35,APC,TAM_SPP1_lipid,ring,44,-0.121503747404947,-0.626749937724481,0.73,0.272,IDHm,Oligodendroglioma,2,TRUE,BWH35,0.796363636363636,0.984
bwh35,APC,TAM_C1Q,inside,5,-0.384468422058709,-0.92890093905369,0.82,0.182,IDHm,Oligodendroglioma,2,TRUE,BWH35,0.958,0.4368
bwh35,APC,TAM_C1Q,ring,44,0.115589171887324,0.784670177615112,0.218,0.784,IDHm,Oligodendroglioma,2,TRUE,BWH35,0.327,0.984
bwh35,APC,IFNG_response,inside,5,-0.401657527223642,-0.9959691101382,0.84,0.162,IDHm,Oligodendroglioma,2,TRUE,BWH35,0.958,0.4368
bwh35,APC,IFNG_response,ring,44,0.215511957663606,1.56146219482954,0.06,0.942,IDHm,Oligodendroglioma,2,TRUE,BWH35,0.234,0.984
bwh35,APC,Malignant_CNA,inside,5,0.221892850105204,0.494794145053133,0.312,0.69,IDHm,Oligodendroglioma,2,TRUE,BWH35,0.632,0.932
bwh35,APC,Malignant_CNA,ring,44,0.376521732339316,2.12762299741359,0.018,0.984,IDHm,Oligodendroglioma,2,TRUE,BWH35,0.216,0.984
mgh258,C1b,T_cell,inside,154,0.317737126790778,2.68554516319048,0.002,1,GBM,Glioblastoma,4,FALSE,MGH258,0.004,1
mgh258,C1b,T_cell,ring,423,0.202485248385158,3.17118535638731,0.004,0.998,GBM,Glioblastoma,4,FALSE,MGH258,0.018,1
mgh258,C1b,Endothelial,inside,154,-0.159085014316077,-1.31787286314584,0.894,0.108,GBM,Glioblastoma,4,FALSE,MGH258,1,0.324
mgh258,C1b,Endothelial,ring,423,-0.0955390045279136,-1.42432590231285,0.924,0.078,GBM,Glioblastoma,4,FALSE,MGH258,1,0.234
mgh258,C1b,Pericyte,inside,154,0.119323568519153,1.20551777786793,0.122,0.88,GBM,Glioblastoma,4,FALSE,MGH258,0.183,1
mgh258,C1b,Pericyte,ring,423,-0.0431572341353508,-0.852169811683881,0.804,0.198,GBM,Glioblastoma,4,FALSE,MGH258,1,0.4752
mgh258,C1b,IFN_response,inside,154,-0.3813423846271,-1.47609121984741,0.932,0.07,GBM,Glioblastoma,4,FALSE,MGH258,1,0.28
mgh258,C1b,IFN_response,ring,423,-0.335761070862114,-1.92230592581941,0.972,0.03,GBM,Glioblastoma,4,FALSE,MGH258,1,0.12
mgh258,C1b,Hypoxia,inside,154,0.294012227824407,2.31493714730614,0.004,0.998,GBM,Glioblastoma,4,FALSE,MGH258,0.00685714285714286,1
mgh258,C1b,Hypoxia,ring,423,0.135188541454585,2.26002716765431,0.01,0.992,GBM,Glioblastoma,4,FALSE,MGH258,0.024,1
mgh258,C1b,Inflammation,inside,154,0.550820769986038,3.02251945817354,0.002,1,GBM,Glioblastoma,4,FALSE,MGH258,0.004,1
mgh258,C1b,Inflammation,ring,423,0.254212651517027,2.54930835049709,0.006,0.996,GBM,Glioblastoma,4,FALSE,MGH258,0.018,1
mgh258,C1b,TAM_microglia,inside,154,0.588649024011751,5.09928008929362,0.002,1,GBM,Glioblastoma,4,FALSE,MGH258,0.004,1
mgh258,C1b,TAM_microglia,ring,423,0.118241950873958,1.52784963243273,0.058,0.944,GBM,Glioblastoma,4,FALSE,MGH258,0.116,1
mgh258,C1b,TAM_monocyte,inside,154,0.294061874170537,3.19710629316794,0.002,1,GBM,Glioblastoma,4,FALSE,MGH258,0.004,1
mgh258,C1b,TAM_monocyte,ring,423,0.0198902149410884,0.331453492029264,0.366,0.636,GBM,Glioblastoma,4,FALSE,MGH258,0.627428571428571,1
mgh258,C1b,TAM_SPP1_lipid,inside,154,0.832437580421611,3.80232453867789,0.002,1,GBM,Glioblastoma,4,FALSE,MGH258,0.004,1
mgh258,C1b,TAM_SPP1_lipid,ring,423,0.50292485285132,3.31957619601328,0.002,1,GBM,Glioblastoma,4,FALSE,MGH258,0.018,1
mgh258,C1b,TAM_C1Q,inside,154,0.961537264399222,3.75589352607102,0.002,1,GBM,Glioblastoma,4,FALSE,MGH258,0.004,1
mgh258,C1b,TAM_C1Q,ring,423,0.431422060040472,2.80151050773424,0.006,0.996,GBM,Glioblastoma,4,FALSE,MGH258,0.018,1
mgh258,C1b,IFNG_response,inside,154,-0.395679295008271,-1.76140438923303,0.96,0.042,GBM,Glioblastoma,4,FALSE,MGH258,1,0.252
mgh258,C1b,IFNG_response,ring,423,-0.34867522828238,-2.28679792223592,0.992,0.01,GBM,Glioblastoma,4,FALSE,MGH258,1,0.06
mgh258,C1b,Malignant_CNA,inside,154,-1.08975626012986,-3.14972227585965,1,0.002,GBM,Glioblastoma,4,FALSE,MGH258,1,0.024
mgh258,C1b,Malignant_CNA,ring,423,-0.658176227438411,-3.17567684135984,1,0.002,GBM,Glioblastoma,4,FALSE,MGH258,1,0.024
mgh259,C1b,T_cell,inside,290,0.31086086771921,3.54038493270527,0.002,1,IDHm,Oligodendroglioma,3,TRUE,MGH259,0.004,1
mgh259,C1b,T_cell,ring,404,0.171944899187752,2.66663639025092,0.002,1,IDHm,Oligodendroglioma,3,TRUE,MGH259,0.012,1
mgh259,C1b,Endothelial,inside,290,0.0506804565576964,0.520390122180421,0.3,0.702,IDHm,Oligodendroglioma,3,TRUE,MGH259,0.336,1
mgh259,C1b,Endothelial,ring,404,-0.0961117991167087,-1.27445750251751,0.908,0.094,IDHm,Oligodendroglioma,3,TRUE,MGH259,0.990545454545454,0.564
mgh259,C1b,Pericyte,inside,290,0.160449359989738,1.39519122932821,0.098,0.904,IDHm,Oligodendroglioma,3,TRUE,MGH259,0.147,1
mgh259,C1b,Pericyte,ring,404,0.00569918922015828,0.0473143233283904,0.482,0.52,IDHm,Oligodendroglioma,3,TRUE,MGH259,0.5784,1
mgh259,C1b,IFN_response,inside,290,0.244742500772127,1.75567085432975,0.042,0.96,IDHm,Oligodendroglioma,3,TRUE,MGH259,0.072,1
mgh259,C1b,IFN_response,ring,404,0.0339116951691797,0.281484545894601,0.404,0.598,IDHm,Oligodendroglioma,3,TRUE,MGH259,0.538666666666667,1
mgh259,C1b,Hypoxia,inside,290,0.0815757707456939,1.05590776064592,0.174,0.828,IDHm,Oligodendroglioma,3,TRUE,MGH259,0.232,1
mgh259,C1b,Hypoxia,ring,404,0.0805693624977628,1.35714388409918,0.1,0.902,IDHm,Oligodendroglioma,3,TRUE,MGH259,0.2,1
mgh259,C1b,Inflammation,inside,290,0.567455803172123,3.69052350562602,0.002,1,IDHm,Oligodendroglioma,3,TRUE,MGH259,0.004,1
mgh259,C1b,Inflammation,ring,404,0.183606414434682,2.11001812866173,0.01,0.992,IDHm,Oligodendroglioma,3,TRUE,MGH259,0.024,1
mgh259,C1b,TAM_microglia,inside,290,0.636016003090471,3.97346152060048,0.002,1,IDHm,Oligodendroglioma,3,TRUE,MGH259,0.004,1
mgh259,C1b,TAM_microglia,ring,404,0.233867190493816,2.51433226018052,0.01,0.992,IDHm,Oligodendroglioma,3,TRUE,MGH259,0.024,1
mgh259,C1b,TAM_monocyte,inside,290,0.0294362595201825,0.517816224869783,0.308,0.694,IDHm,Oligodendroglioma,3,TRUE,MGH259,0.336,1
mgh259,C1b,TAM_monocyte,ring,404,0.038025676968742,0.747360869134582,0.224,0.778,IDHm,Oligodendroglioma,3,TRUE,MGH259,0.336,1
mgh259,C1b,TAM_SPP1_lipid,inside,290,1.65649311878514,5.15219525929607,0.002,1,IDHm,Oligodendroglioma,3,TRUE,MGH259,0.004,1
mgh259,C1b,TAM_SPP1_lipid,ring,404,0.62009161799633,3.00717598688069,0.004,0.998,IDHm,Oligodendroglioma,3,TRUE,MGH259,0.016,1
mgh259,C1b,TAM_C1Q,inside,290,1.38246522075685,4.97220733296907,0.002,1,IDHm,Oligodendroglioma,3,TRUE,MGH259,0.004,1
mgh259,C1b,TAM_C1Q,ring,404,0.604169684271376,3.15123136923877,0.002,1,IDHm,Oligodendroglioma,3,TRUE,MGH259,0.012,1
mgh259,C1b,IFNG_response,inside,290,0.449944353147479,4.30818562366013,0.002,1,IDHm,Oligodendroglioma,3,TRUE,MGH259,0.004,1
mgh259,C1b,IFNG_response,ring,404,0.0777009615083612,0.980312268522909,0.158,0.844,IDHm,Oligodendroglioma,3,TRUE,MGH259,0.270857142857143,1
mgh259,C1b,Malignant_CNA,inside,290,-1.20272006475466,-4.07870909866312,1,0.002,IDHm,Oligodendroglioma,3,TRUE,MGH259,1,0.024
mgh259,C1b,Malignant_CNA,ring,404,-0.431129368412946,-2.49718790579583,0.992,0.01,IDHm,Oligodendroglioma,3,TRUE,MGH259,0.992,0.12
mgh259,APC,T_cell,inside,15,1.18775191003518,4.37612914748178,0.002,1,IDHm,Oligodendroglioma,3,TRUE,MGH259,0.006,1
mgh259,APC,T_cell,ring,175,0.452231846185685,4.42445378548044,0.002,1,IDHm,Oligodendroglioma,3,TRUE,MGH259,0.006,1
mgh259,APC,Endothelial,inside,15,-0.251041919937587,-0.904032282659976,0.832,0.17,IDHm,Oligodendroglioma,3,TRUE,MGH259,0.936,0.68
mgh259,APC,Endothelial,ring,175,0.00512580583520411,0.103990388637589,0.452,0.55,IDHm,Oligodendroglioma,3,TRUE,MGH259,0.5424,1
mgh259,APC,Pericyte,inside,15,0.425232374829727,1.56746103900003,0.054,0.948,IDHm,Oligodendroglioma,3,TRUE,MGH259,0.1296,1
mgh259,APC,Pericyte,ring,175,-0.0198242771847981,-0.195048228712012,0.58,0.422,IDHm,Oligodendroglioma,3,TRUE,MGH259,0.632727272727273,1
mgh259,APC,IFN_response,inside,15,-0.183242876720924,-0.616500801974692,0.74,0.262,IDHm,Oligodendroglioma,3,TRUE,MGH259,0.936,0.786
mgh259,APC,IFN_response,ring,175,0.251636888686779,1.4786180975629,0.074,0.928,IDHm,Oligodendroglioma,3,TRUE,MGH259,0.126857142857143,1
mgh259,APC,Hypoxia,inside,15,0.0547719981135255,0.178513214502354,0.436,0.566,IDHm,Oligodendroglioma,3,TRUE,MGH259,0.678,1
mgh259,APC,Hypoxia,ring,175,0.151165421286994,1.70051135030658,0.042,0.96,IDHm,Oligodendroglioma,3,TRUE,MGH259,0.084,1
mgh259,APC,Inflammation,inside,15,0.757571091014017,2.68316398230434,0.002,1,IDHm,Oligodendroglioma,3,TRUE,MGH259,0.006,1
mgh259,APC,Inflammation,ring,175,0.0918608541406725,0.823458215592751,0.194,0.808,IDHm,Oligodendroglioma,3,TRUE,MGH259,0.258666666666667,1
mgh259,APC,TAM_microglia,inside,15,0.138884781107051,0.495506722449968,0.306,0.696,IDHm,Oligodendroglioma,3,TRUE,MGH259,0.612,1
mgh259,APC,TAM_microglia,ring,175,0.288356733075014,2.28196235142642,0.012,0.99,IDHm,Oligodendroglioma,3,TRUE,MGH259,0.0288,1
mgh259,APC,TAM_monocyte,inside,15,0.0165289255073203,0.111242621108936,0.452,0.55,IDHm,Oligodendroglioma,3,TRUE,MGH259,0.678,1
mgh259,APC,TAM_monocyte,ring,175,0.0854260260506201,1.12889915007025,0.152,0.85,IDHm,Oligodendroglioma,3,TRUE,MGH259,0.228,1
mgh259,APC,TAM_SPP1_lipid,inside,15,1.80309173870514,5.61102881801115,0.002,1,IDHm,Oligodendroglioma,3,TRUE,MGH259,0.006,1
mgh259,APC,TAM_SPP1_lipid,ring,175,1.01375173841006,3.58885582386457,0.002,1,IDHm,Oligodendroglioma,3,TRUE,MGH259,0.006,1
mgh259,APC,TAM_C1Q,inside,15,0.871883728942951,2.94112931483989,0.002,1,IDHm,Oligodendroglioma,3,TRUE,MGH259,0.006,1
mgh259,APC,TAM_C1Q,ring,175,0.785851876863054,3.20061673119681,0.002,1,IDHm,Oligodendroglioma,3,TRUE,MGH259,0.006,1
mgh259,APC,IFNG_response,inside,15,-0.26948767941736,-1.03737561912088,0.858,0.144,IDHm,Oligodendroglioma,3,TRUE,MGH259,0.936,0.68
mgh259,APC,IFNG_response,ring,175,0.371465881766404,3.42507778913059,0.002,1,IDHm,Oligodendroglioma,3,TRUE,MGH259,0.006,1
mgh259,APC,Malignant_CNA,inside,15,-0.615500486933375,-2.09539583954629,0.99,0.012,IDHm,Oligodendroglioma,3,TRUE,MGH259,0.99,0.144
mgh259,APC,Malignant_CNA,ring,175,-0.644520820824484,-2.66348077646695,0.998,0.004,IDHm,Oligodendroglioma,3,TRUE,MGH259,0.998,0.048
mgh259,nonMHC,T_cell,inside,29,0.147624915655756,0.699336518161989,0.258,0.744,IDHm,Oligodendroglioma,3,TRUE,MGH259,0.3096,1
mgh259,nonMHC,T_cell,ring,181,0.531175461339018,5.26625708728351,0.002,1,IDHm,Oligodendroglioma,3,TRUE,MGH259,0.004,1
mgh259,nonMHC,Endothelial,inside,29,0.220651481008874,0.989873222179951,0.166,0.836,IDHm,Oligodendroglioma,3,TRUE,MGH259,0.221333333333333,1
mgh259,nonMHC,Endothelial,ring,181,0.00283653600825733,0.12963163342601,0.414,0.588,IDHm,Oligodendroglioma,3,TRUE,MGH259,0.451636363636364,1
mgh259,nonMHC,Pericyte,inside,29,0.103886821663113,0.540598380417359,0.288,0.714,IDHm,Oligodendroglioma,3,TRUE,MGH259,0.314181818181818,1
mgh259,nonMHC,Pericyte,ring,181,0.150011815549666,1.45672477146644,0.076,0.926,IDHm,Oligodendroglioma,3,TRUE,MGH259,0.114,1
mgh259,nonMHC,IFN_response,inside,29,0.478329201932901,1.88814357273877,0.034,0.968,IDHm,Oligodendroglioma,3,TRUE,MGH259,0.068,1
mgh259,nonMHC,IFN_response,ring,181,0.308959591731972,1.74121124674233,0.042,0.96,IDHm,Oligodendroglioma,3,TRUE,MGH259,0.072,1
mgh259,nonMHC,Hypoxia,inside,29,0.2433931189847,1.28481333227324,0.116,0.886,IDHm,Oligodendroglioma,3,TRUE,MGH259,0.198857142857143,1
mgh259,nonMHC,Hypoxia,ring,181,0.0505200408830898,0.425872679330456,0.336,0.666,IDHm,Oligodendroglioma,3,TRUE,MGH259,0.4032,1
mgh259,nonMHC,Inflammation,inside,29,0.887279808709377,4.00090035346351,0.002,1,IDHm,Oligodendroglioma,3,TRUE,MGH259,0.006,1
mgh259,nonMHC,Inflammation,ring,181,0.379948502947015,2.77324228325058,0.002,1,IDHm,Oligodendroglioma,3,TRUE,MGH259,0.004,1
mgh259,nonMHC,TAM_microglia,inside,29,0.628017697818261,2.73188130794182,0.008,0.994,IDHm,Oligodendroglioma,3,TRUE,MGH259,0.0192,1
mgh259,nonMHC,TAM_microglia,ring,181,0.523145653221888,3.4042683167625,0.002,1,IDHm,Oligodendroglioma,3,TRUE,MGH259,0.004,1
mgh259,nonMHC,TAM_monocyte,inside,29,0.18092168967331,1.04282561449703,0.158,0.844,IDHm,Oligodendroglioma,3,TRUE,MGH259,0.221333333333333,1
mgh259,nonMHC,TAM_monocyte,ring,181,0.0395211433132545,0.559392170300957,0.304,0.698,IDHm,Oligodendroglioma,3,TRUE,MGH259,0.4032,1
mgh259,nonMHC,TAM_SPP1_lipid,inside,29,2.34222288042334,6.13660149865387,0.002,1,IDHm,Oligodendroglioma,3,TRUE,MGH259,0.006,1
mgh259,nonMHC,TAM_SPP1_lipid,ring,181,1.33710514491257,3.9202697748045,0.002,1,IDHm,Oligodendroglioma,3,TRUE,MGH259,0.004,1
mgh259,nonMHC,TAM_C1Q,inside,29,1.02224561736649,3.10397770378685,0.002,1,IDHm,Oligodendroglioma,3,TRUE,MGH259,0.006,1
mgh259,nonMHC,TAM_C1Q,ring,181,1.04457851151624,3.51375810838185,0.002,1,IDHm,Oligodendroglioma,3,TRUE,MGH259,0.004,1
mgh259,nonMHC,IFNG_response,inside,29,0.714777726273329,3.52604317716906,0.002,1,IDHm,Oligodendroglioma,3,TRUE,MGH259,0.006,1
mgh259,nonMHC,IFNG_response,ring,181,0.364065522118035,3.10611092455028,0.002,1,IDHm,Oligodendroglioma,3,TRUE,MGH259,0.004,1
mgh259,nonMHC,Malignant_CNA,inside,29,-1.43962123898059,-4.34665962957902,1,0.002,IDHm,Oligodendroglioma,3,TRUE,MGH259,1,0.024
mgh259,nonMHC,Malignant_CNA,ring,181,-1.14961118192606,-3.69426962548267,1,0.002,IDHm,Oligodendroglioma,3,TRUE,MGH259,1,0.024
zh1007inf,C1b,T_cell,inside,199,0.0833527365697626,0.916041638860528,0.166,0.836,GBM,Glioblastoma,4,FALSE,ZH1007,0.248,1
zh1007inf,C1b,T_cell,ring,199,0.0784173634741458,1.01227969900486,0.16,0.842,GBM,Glioblastoma,4,FALSE,ZH1007,0.32,0.994
zh1007inf,C1b,Endothelial,inside,199,-0.186450128599293,-0.850499200589365,0.784,0.218,GBM,Glioblastoma,4,FALSE,ZH1007,0.784,1
zh1007inf,C1b,Endothelial,ring,199,-0.219638655549807,-1.53466066565245,0.938,0.064,GBM,Glioblastoma,4,FALSE,ZH1007,0.938,0.768
zh1007inf,C1b,Pericyte,inside,199,-0.149386920872979,-0.531691853452792,0.68,0.322,GBM,Glioblastoma,4,FALSE,ZH1007,0.784,1
zh1007inf,C1b,Pericyte,ring,199,-0.173684177225058,-0.984389321241699,0.826,0.176,GBM,Glioblastoma,4,FALSE,ZH1007,0.901090909090909,0.784
zh1007inf,C1b,IFN_response,inside,199,0.195929164186026,1.30209515447884,0.114,0.888,GBM,Glioblastoma,4,FALSE,ZH1007,0.195428571428571,1
zh1007inf,C1b,IFN_response,ring,199,0.051432584423661,0.401372719181729,0.332,0.67,GBM,Glioblastoma,4,FALSE,ZH1007,0.442666666666667,0.994
zh1007inf,C1b,Hypoxia,inside,199,0.0883110798364847,0.949032425845735,0.186,0.816,GBM,Glioblastoma,4,FALSE,ZH1007,0.248,1
zh1007inf,C1b,Hypoxia,ring,199,0.0458809169603065,0.55308731240184,0.302,0.7,GBM,Glioblastoma,4,FALSE,ZH1007,0.442666666666667,0.994
zh1007inf,C1b,Inflammation,inside,199,0.672001296016491,2.29811030621696,0.012,0.99,GBM,Glioblastoma,4,FALSE,ZH1007,0.048,1
zh1007inf,C1b,Inflammation,ring,199,0.299302710625764,1.62789964466939,0.038,0.964,GBM,Glioblastoma,4,FALSE,ZH1007,0.132,0.994
zh1007inf,C1b,TAM_microglia,inside,199,0.283284760693464,1.61429981071857,0.056,0.946,GBM,Glioblastoma,4,FALSE,ZH1007,0.112,1
zh1007inf,C1b,TAM_microglia,ring,199,0.0849896795356802,0.83835891292943,0.218,0.784,GBM,Glioblastoma,4,FALSE,ZH1007,0.373714285714286,0.994
zh1007inf,C1b,TAM_monocyte,inside,199,0.38195803820609,2.20181142449059,0.012,0.99,GBM,Glioblastoma,4,FALSE,ZH1007,0.048,1
zh1007inf,C1b,TAM_monocyte,ring,199,0.131836228148184,1.0389174768922,0.138,0.864,GBM,Glioblastoma,4,FALSE,ZH1007,0.32,0.994
zh1007inf,C1b,TAM_SPP1_lipid,inside,199,0.617179805293546,2.63452170251123,0.002,1,GBM,Glioblastoma,4,FALSE,ZH1007,0.024,1
zh1007inf,C1b,TAM_SPP1_lipid,ring,199,0.279417454636393,1.66948994271325,0.044,0.958,GBM,Glioblastoma,4,FALSE,ZH1007,0.132,0.994
zh1007inf,C1b,TAM_C1Q,inside,199,0.635084789986437,1.91832045369193,0.024,0.978,GBM,Glioblastoma,4,FALSE,ZH1007,0.0576,1
zh1007inf,C1b,TAM_C1Q,ring,199,0.474161081574792,2.28609777824697,0.008,0.994,GBM,Glioblastoma,4,FALSE,ZH1007,0.096,0.994
zh1007inf,C1b,IFNG_response,inside,199,0.215271071495732,2.08824539789933,0.02,0.982,GBM,Glioblastoma,4,FALSE,ZH1007,0.0576,1
zh1007inf,C1b,IFNG_response,ring,199,0.205032184761691,2.08771480401971,0.022,0.98,GBM,Glioblastoma,4,FALSE,ZH1007,0.132,0.994
zh1007inf,C1b,Malignant_CNA,inside,199,-0.327527290555522,-0.789657045687971,0.78,0.222,GBM,Glioblastoma,4,FALSE,ZH1007,0.784,1
zh1007inf,C1b,Malignant_CNA,ring,199,-0.254832344682691,-0.8770999255238,0.806,0.196,GBM,Glioblastoma,4,FALSE,ZH1007,0.901090909090909,0.784
zh1007inf,APC,T_cell,inside,10,2.70669133799284,6.91572010916731,0.002,1,GBM,Glioblastoma,4,FALSE,ZH1007,0.024,1
zh1007inf,APC,T_cell,ring,63,0.313683343205793,1.91664282377082,0.03,0.972,GBM,Glioblastoma,4,FALSE,ZH1007,0.36,0.972
zh1007inf,APC,Endothelial,inside,10,0.583110072889966,1.19436143298842,0.122,0.88,GBM,Glioblastoma,4,FALSE,ZH1007,0.366,1
zh1007inf,APC,Endothelial,ring,63,0.23987800853261,0.906732485464804,0.176,0.826,GBM,Glioblastoma,4,FALSE,ZH1007,0.408,0.972
zh1007inf,APC,Pericyte,inside,10,0.798357581726355,1.57348047787704,0.06,0.942,GBM,Glioblastoma,4,FALSE,ZH1007,0.36,1
zh1007inf,APC,Pericyte,ring,63,0.313397962308744,1.05066100698388,0.138,0.864,GBM,Glioblastoma,4,FALSE,ZH1007,0.408,0.972
zh1007inf,APC,IFN_response,inside,10,0.353919542871493,0.792921379749666,0.21,0.792,GBM,Glioblastoma,4,FALSE,ZH1007,0.504,1
zh1007inf,APC,IFN_response,ring,63,0.183452038787756,0.7799295523945,0.218,0.784,GBM,Glioblastoma,4,FALSE,ZH1007,0.408,0.972
zh1007inf,APC,Hypoxia,inside,10,0.394234132094354,1.12544706864132,0.112,0.89,GBM,Glioblastoma,4,FALSE,ZH1007,0.366,1
zh1007inf,APC,Hypoxia,ring,63,0.121313978066993,0.786108639192006,0.208,0.794,GBM,Glioblastoma,4,FALSE,ZH1007,0.408,0.972
zh1007inf,APC,Inflammation,inside,10,-0.112646645252354,-0.289162517184221,0.618,0.384,GBM,Glioblastoma,4,FALSE,ZH1007,0.89,0.9216
zh1007inf,APC,Inflammation,ring,63,0.191599194512322,0.607798724217415,0.272,0.73,GBM,Glioblastoma,4,FALSE,ZH1007,0.408,0.972
zh1007inf,APC,TAM_microglia,inside,10,-0.255084082394667,-0.729204384695821,0.76,0.242,GBM,Glioblastoma,4,FALSE,ZH1007,0.89,0.726
zh1007inf,APC,TAM_microglia,ring,63,0.127491214151638,0.705719843118617,0.25,0.752,GBM,Glioblastoma,4,FALSE,ZH1007,0.408,0.972
zh1007inf,APC,TAM_monocyte,inside,10,-0.484134676168906,-1.20031732773665,0.89,0.112,GBM,Glioblastoma,4,FALSE,ZH1007,0.89,0.726
zh1007inf,APC,TAM_monocyte,ring,63,-0.234963716737833,-1.13474507995682,0.862,0.14,GBM,Glioblastoma,4,FALSE,ZH1007,0.862,0.972
zh1007inf,APC,TAM_SPP1_lipid,inside,10,-0.585695275777421,-1.20518007072389,0.878,0.124,GBM,Glioblastoma,4,FALSE,ZH1007,0.89,0.726
zh1007inf,APC,TAM_SPP1_lipid,ring,63,0.102027468756741,0.462699106257784,0.336,0.666,GBM,Glioblastoma,4,FALSE,ZH1007,0.448,0.972
zh1007inf,APC,TAM_C1Q,inside,10,0.0145728255203154,-0.00995028650103563,0.506,0.496,GBM,Glioblastoma,4,FALSE,ZH1007,0.867428571428571,0.992
zh1007inf,APC,TAM_C1Q,ring,63,0.0657812500847391,0.176459184607954,0.438,0.564,GBM,Glioblastoma,4,FALSE,ZH1007,0.5256,0.972
zh1007inf,APC,IFNG_response,inside,10,0.253724569036022,0.68556405178772,0.27,0.732,GBM,Glioblastoma,4,FALSE,ZH1007,0.54,1
zh1007inf,APC,IFNG_response,ring,63,0.266364421590805,1.44583485548106,0.074,0.928,GBM,Glioblastoma,4,FALSE,ZH1007,0.408,0.972
zh1007inf,APC,Malignant_CNA,inside,10,-0.573197972604389,-0.82826069071375,0.778,0.224,GBM,Glioblastoma,4,FALSE,ZH1007,0.89,0.726
zh1007inf,APC,Malignant_CNA,ring,63,-0.237785508539348,-0.574609616467531,0.738,0.264,GBM,Glioblastoma,4,FALSE,ZH1007,0.805090909090909,0.972
zh1007nec,C1b,T_cell,inside,37,-0.0142770932052608,0.0145206929496755,0.51,0.492,GBM,Glioblastoma,4,FALSE,ZH1007,0.732,0.996
zh1007nec,C1b,T_cell,ring,107,0.157283523953077,1.41839198390139,0.09,0.912,GBM,Glioblastoma,4,FALSE,ZH1007,0.154285714285714,0.996
zh1007nec,C1b,Endothelial,inside,37,-0.25641093968587,-0.62825864557212,0.732,0.27,GBM,Glioblastoma,4,FALSE,ZH1007,0.732,0.996
zh1007nec,C1b,Endothelial,ring,107,-0.354285739530429,-1.95671723374618,0.982,0.02,GBM,Glioblastoma,4,FALSE,ZH1007,0.982,0.24
zh1007nec,C1b,Pericyte,inside,37,-0.0680255014318584,-0.184017631904949,0.556,0.446,GBM,Glioblastoma,4,FALSE,ZH1007,0.732,0.996
zh1007nec,C1b,Pericyte,ring,107,-0.274573083099207,-1.48806188333539,0.932,0.07,GBM,Glioblastoma,4,FALSE,ZH1007,0.982,0.376
zh1007nec,C1b,IFN_response,inside,37,-0.180708951361005,-0.468222652868256,0.682,0.32,GBM,Glioblastoma,4,FALSE,ZH1007,0.732,0.996
zh1007nec,C1b,IFN_response,ring,107,0.269541742006336,1.28347208416332,0.084,0.918,GBM,Glioblastoma,4,FALSE,ZH1007,0.154285714285714,0.996
zh1007nec,C1b,Hypoxia,inside,37,0.845314365752804,1.33090767372383,0.092,0.91,GBM,Glioblastoma,4,FALSE,ZH1007,0.184,0.996
zh1007nec,C1b,Hypoxia,ring,107,0.481366438680653,1.46773795602029,0.068,0.934,GBM,Glioblastoma,4,FALSE,ZH1007,0.154285714285714,0.996
zh1007nec,C1b,Inflammation,inside,37,0.926842578568866,1.99050373464746,0.014,0.988,GBM,Glioblastoma,4,FALSE,ZH1007,0.056,0.996
zh1007nec,C1b,Inflammation,ring,107,0.565990359615149,2.11473854535573,0.008,0.994,GBM,Glioblastoma,4,FALSE,ZH1007,0.04,0.996
zh1007nec,C1b,TAM_microglia,inside,37,0.739134525991618,2.39221590588072,0.006,0.996,GBM,Glioblastoma,4,FALSE,ZH1007,0.056,0.996
zh1007nec,C1b,TAM_microglia,ring,107,-0.229651703197189,-1.4176836962567,0.908,0.094,GBM,Glioblastoma,4,FALSE,ZH1007,0.982,0.376
zh1007nec,C1b,TAM_monocyte,inside,37,1.11320046584901,2.30771611303295,0.012,0.99,GBM,Glioblastoma,4,FALSE,ZH1007,0.056,0.996
zh1007nec,C1b,TAM_monocyte,ring,107,0.599088117405312,2.26972278157965,0.01,0.992,GBM,Glioblastoma,4,FALSE,ZH1007,0.04,0.996
zh1007nec,C1b,TAM_SPP1_lipid,inside,37,0.941936649328165,1.5942709669719,0.052,0.95,GBM,Glioblastoma,4,FALSE,ZH1007,0.156,0.996
zh1007nec,C1b,TAM_SPP1_lipid,ring,107,0.420714588461684,1.18334213945558,0.146,0.856,GBM,Glioblastoma,4,FALSE,ZH1007,0.219,0.996
zh1007nec,C1b,TAM_C1Q,inside,37,0.621094416763766,1.41472222376717,0.084,0.918,GBM,Glioblastoma,4,FALSE,ZH1007,0.184,0.996
zh1007nec,C1b,TAM_C1Q,ring,107,0.179391112125273,0.734583407086264,0.234,0.768,GBM,Glioblastoma,4,FALSE,ZH1007,0.312,0.996
zh1007nec,C1b,IFNG_response,inside,37,0.0109671751915105,0.0930506826365193,0.458,0.544,GBM,Glioblastoma,4,FALSE,ZH1007,0.732,0.996
zh1007nec,C1b,IFNG_response,ring,107,0.305124023630417,2.10436960664162,0.014,0.988,GBM,Glioblastoma,4,FALSE,ZH1007,0.042,0.996
zh1007nec,C1b,Malignant_CNA,inside,37,-0.111500879267296,-0.314659415816877,0.634,0.368,GBM,Glioblastoma,4,FALSE,ZH1007,0.732,0.996
zh1007nec,C1b,Malignant_CNA,ring,107,0.459593912523283,2.39322135607295,0.006,0.996,GBM,Glioblastoma,4,FALSE,ZH1007,0.04,0.996
zh1007nec,APC,T_cell,inside,86,-0.0490198015539629,-0.394459269873056,0.636,0.366,GBM,Glioblastoma,4,FALSE,ZH1007,1,0.627428571428571
zh1007nec,APC,T_cell,ring,142,0.0970634446740069,1.34221253553721,0.1,0.902,GBM,Glioblastoma,4,FALSE,ZH1007,0.6,0.984
zh1007nec,APC,Endothelial,inside,86,0.998058611902176,3.67105870797779,0.002,1,GBM,Glioblastoma,4,FALSE,ZH1007,0.008,1
zh1007nec,APC,Endothelial,ring,142,0.192330532261681,1.00197269899746,0.166,0.836,GBM,Glioblastoma,4,FALSE,ZH1007,0.63,0.984
zh1007nec,APC,Pericyte,inside,86,1.37165842200796,4.5298198433311,0.002,1,GBM,Glioblastoma,4,FALSE,ZH1007,0.008,1
zh1007nec,APC,Pericyte,ring,142,0.0446052124962275,0.303175975669282,0.386,0.616,GBM,Glioblastoma,4,FALSE,ZH1007,0.772,0.984
zh1007nec,APC,IFN_response,inside,86,0.143988002363814,0.654001660444437,0.264,0.738,GBM,Glioblastoma,4,FALSE,ZH1007,0.6336,1
zh1007nec,APC,IFN_response,ring,142,-0.0157770040891811,-0.0987249904534432,0.544,0.458,GBM,Glioblastoma,4,FALSE,ZH1007,0.904,0.916
zh1007nec,APC,Hypoxia,inside,86,-1.02480516332036,-2.2818794656419,0.994,0.008,GBM,Glioblastoma,4,FALSE,ZH1007,1,0.0288
zh1007nec,APC,Hypoxia,ring,142,-0.610181706005738,-2.03900610608818,0.992,0.01,GBM,Glioblastoma,4,FALSE,ZH1007,1,0.04
zh1007nec,APC,Inflammation,inside,86,-0.673474318911167,-3.31082679132025,1,0.002,GBM,Glioblastoma,4,FALSE,ZH1007,1,0.024
zh1007nec,APC,Inflammation,ring,142,-0.402579642297167,-2.86269287696135,1,0.002,GBM,Glioblastoma,4,FALSE,ZH1007,1,0.024
zh1007nec,APC,TAM_microglia,inside,86,0.693107978694172,3.14389328143075,0.002,1,GBM,Glioblastoma,4,FALSE,ZH1007,0.008,1
zh1007nec,APC,TAM_microglia,ring,142,0.112443292183481,0.855152927480534,0.21,0.792,GBM,Glioblastoma,4,FALSE,ZH1007,0.63,0.984
zh1007nec,APC,TAM_monocyte,inside,86,-0.780962111643438,-2.76764293204778,0.996,0.006,GBM,Glioblastoma,4,FALSE,ZH1007,1,0.0288
zh1007nec,APC,TAM_monocyte,ring,142,-0.439579714837726,-2.28202895526296,0.992,0.01,GBM,Glioblastoma,4,FALSE,ZH1007,1,0.04
zh1007nec,APC,TAM_SPP1_lipid,inside,86,-0.481265169770987,-2.23643872041814,0.99,0.012,GBM,Glioblastoma,4,FALSE,ZH1007,1,0.0288
zh1007nec,APC,TAM_SPP1_lipid,ring,142,0.0635561184253478,0.48668069712835,0.314,0.688,GBM,Glioblastoma,4,FALSE,ZH1007,0.7536,0.984
zh1007nec,APC,TAM_C1Q,inside,86,0.246986695532479,0.926737403900777,0.198,0.804,GBM,Glioblastoma,4,FALSE,ZH1007,0.594,1
zh1007nec,APC,TAM_C1Q,ring,142,0.3397578035203,2.10800352909895,0.016,0.986,GBM,Glioblastoma,4,FALSE,ZH1007,0.192,0.986
zh1007nec,APC,IFNG_response,inside,86,-0.191831447595778,-1.21353369982343,0.894,0.108,GBM,Glioblastoma,4,FALSE,ZH1007,1,0.216
zh1007nec,APC,IFNG_response,ring,142,-0.0389362277621259,-0.401545871261456,0.646,0.356,GBM,Glioblastoma,4,FALSE,ZH1007,0.904,0.8544
zh1007nec,APC,Malignant_CNA,inside,86,-0.554324288992061,-2.4969405426221,0.992,0.01,GBM,Glioblastoma,4,FALSE,ZH1007,1,0.0288
zh1007nec,APC,Malignant_CNA,ring,142,-0.0740917034653332,-0.47351085940297,0.678,0.324,GBM,Glioblastoma,4,FALSE,ZH1007,0.904,0.8544
zh1007nec,nonMHC,T_cell,inside,46,-0.0479078284940259,-0.275966911371066,0.63,0.372,GBM,Glioblastoma,4,FALSE,ZH1007,0.756,0.998
zh1007nec,nonMHC,T_cell,ring,87,0.18677494660141,1.73490918725499,0.04,0.962,GBM,Glioblastoma,4,FALSE,ZH1007,0.208,0.98
zh1007nec,nonMHC,Endothelial,inside,46,-0.460241801353154,-1.62829112876223,0.958,0.044,GBM,Glioblastoma,4,FALSE,ZH1007,0.958,0.528
zh1007nec,nonMHC,Endothelial,ring,87,-0.313766718809517,-1.31658229538184,0.918,0.084,GBM,Glioblastoma,4,FALSE,ZH1007,0.92,0.504
zh1007nec,nonMHC,Pericyte,inside,46,-0.255415273945258,-0.838128901194795,0.782,0.22,GBM,Glioblastoma,4,FALSE,ZH1007,0.853090909090909,0.998
zh1007nec,nonMHC,Pericyte,ring,87,-0.378955385999699,-1.42245857389193,0.92,0.082,GBM,Glioblastoma,4,FALSE,ZH1007,0.92,0.504
zh1007nec,nonMHC,IFN_response,inside,46,-0.145492041117686,-0.351097721051818,0.616,0.386,GBM,Glioblastoma,4,FALSE,ZH1007,0.756,0.998
zh1007nec,nonMHC,IFN_response,ring,87,-0.171798973247126,-0.634542726546087,0.742,0.26,GBM,Glioblastoma,4,FALSE,ZH1007,0.92,0.52
zh1007nec,nonMHC,Hypoxia,inside,46,1.21677901607571,2.67100610580229,0.004,0.998,GBM,Glioblastoma,4,FALSE,ZH1007,0.048,0.998
zh1007nec,nonMHC,Hypoxia,ring,87,0.701525058853114,1.75672461522163,0.022,0.98,GBM,Glioblastoma,4,FALSE,ZH1007,0.208,0.98
zh1007nec,nonMHC,Inflammation,inside,46,0.738177315935832,2.13321883376904,0.01,0.992,GBM,Glioblastoma,4,FALSE,ZH1007,0.06,0.998
zh1007nec,nonMHC,Inflammation,ring,87,0.21392255576703,0.816143175860415,0.21,0.792,GBM,Glioblastoma,4,FALSE,ZH1007,0.528,0.98
zh1007nec,nonMHC,TAM_microglia,inside,46,0.122162478758781,0.532484790641609,0.296,0.706,GBM,Glioblastoma,4,FALSE,ZH1007,0.507428571428571,0.998
zh1007nec,nonMHC,TAM_microglia,ring,87,-0.104402820032593,-0.665839681481308,0.752,0.25,GBM,Glioblastoma,4,FALSE,ZH1007,0.92,0.52
zh1007nec,nonMHC,TAM_monocyte,inside,46,0.71410594881139,1.93024555502933,0.026,0.976,GBM,Glioblastoma,4,FALSE,ZH1007,0.104,0.998
zh1007nec,nonMHC,TAM_monocyte,ring,87,0.485180981219719,1.75382050985123,0.052,0.95,GBM,Glioblastoma,4,FALSE,ZH1007,0.208,0.98
zh1007nec,nonMHC,TAM_SPP1_lipid,inside,46,0.694940975826735,1.65829853373263,0.04,0.962,GBM,Glioblastoma,4,FALSE,ZH1007,0.12,0.998
zh1007nec,nonMHC,TAM_SPP1_lipid,ring,87,0.233009265316741,0.74556122478466,0.264,0.738,GBM,Glioblastoma,4,FALSE,ZH1007,0.528,0.98
zh1007nec,nonMHC,TAM_C1Q,inside,46,-0.0062390425711471,-0.083999625073049,0.548,0.454,GBM,Glioblastoma,4,FALSE,ZH1007,0.756,0.998
zh1007nec,nonMHC,TAM_C1Q,ring,87,-0.210400709433843,-0.98375958717287,0.814,0.188,GBM,Glioblastoma,4,FALSE,ZH1007,0.92,0.52
zh1007nec,nonMHC,IFNG_response,inside,46,0.168912534451151,0.697345913109455,0.236,0.766,GBM,Glioblastoma,4,FALSE,ZH1007,0.472,0.998
zh1007nec,nonMHC,IFNG_response,ring,87,-0.136338052514272,-0.870986357233625,0.822,0.18,GBM,Glioblastoma,4,FALSE,ZH1007,0.92,0.52
zh1007nec,nonMHC,Malignant_CNA,inside,46,0.268515840902234,0.951398397360362,0.198,0.804,GBM,Glioblastoma,4,FALSE,ZH1007,0.472,0.998
zh1007nec,nonMHC,Malignant_CNA,ring,87,0.193719343300735,0.80499864745323,0.224,0.778,GBM,Glioblastoma,4,FALSE,ZH1007,0.528,0.98
zh1019inf,C1b,T_cell,inside,170,0.0608776685118784,0.517224086231501,0.3,0.702,GBM,Glioblastoma,4,FALSE,ZH1019,0.4,1
zh1019inf,C1b,T_cell,ring,332,0.0322239639198966,0.470474575122128,0.332,0.67,GBM,Glioblastoma,4,FALSE,ZH1019,0.664,0.754
zh1019inf,C1b,Endothelial,inside,170,0.34383992700723,2.82799462416588,0.004,0.998,GBM,Glioblastoma,4,FALSE,ZH1019,0.00685714285714286,1
zh1019inf,C1b,Endothelial,ring,332,-0.113095142197533,-1.5381108139589,0.932,0.07,GBM,Glioblastoma,4,FALSE,ZH1019,0.932,0.6096
zh1019inf,C1b,Pericyte,inside,170,0.710851327934681,4.54581612790044,0.002,1,GBM,Glioblastoma,4,FALSE,ZH1019,0.004,1
zh1019inf,C1b,Pericyte,ring,332,-0.0955933883438438,-0.981334329734704,0.85,0.152,GBM,Glioblastoma,4,FALSE,ZH1019,0.927272727272727,0.6096
zh1019inf,C1b,IFN_response,inside,170,0.37326346554636,3.23059056058165,0.002,1,GBM,Glioblastoma,4,FALSE,ZH1019,0.004,1
zh1019inf,C1b,IFN_response,ring,332,-0.0620087223934429,-0.862124790814543,0.786,0.216,GBM,Glioblastoma,4,FALSE,ZH1019,0.927272727272727,0.6096
zh1019inf,C1b,Hypoxia,inside,170,-0.24646935659771,-0.859769363365037,0.804,0.198,GBM,Glioblastoma,4,FALSE,ZH1019,0.87,0.96
zh1019inf,C1b,Hypoxia,ring,332,0.12108505447753,0.501800612514959,0.328,0.674,GBM,Glioblastoma,4,FALSE,ZH1019,0.664,0.754
zh1019inf,C1b,Inflammation,inside,170,0.387586421043533,2.34332943506239,0.006,0.996,GBM,Glioblastoma,4,FALSE,ZH1019,0.009,1
zh1019inf,C1b,Inflammation,ring,332,0.0732027060669603,0.607560104393939,0.308,0.694,GBM,Glioblastoma,4,FALSE,ZH1019,0.664,0.754
zh1019inf,C1b,TAM_microglia,inside,170,0.348618021879711,3.06133290786412,0.002,1,GBM,Glioblastoma,4,FALSE,ZH1019,0.004,1
zh1019inf,C1b,TAM_microglia,ring,332,-0.0598391041740361,-0.750594763327721,0.766,0.236,GBM,Glioblastoma,4,FALSE,ZH1019,0.927272727272727,0.6096
zh1019inf,C1b,TAM_monocyte,inside,170,-0.158021624870811,-1.18583339165132,0.87,0.132,GBM,Glioblastoma,4,FALSE,ZH1019,0.87,0.96
zh1019inf,C1b,TAM_monocyte,ring,332,0.0149754155525389,0.150072577552596,0.442,0.56,GBM,Glioblastoma,4,FALSE,ZH1019,0.757714285714286,0.754
zh1019inf,C1b,TAM_SPP1_lipid,inside,170,0.262775346445926,3.18006454859268,0.002,1,GBM,Glioblastoma,4,FALSE,ZH1019,0.004,1
zh1019inf,C1b,TAM_SPP1_lipid,ring,332,0.0424439980222058,0.68730416766333,0.248,0.754,GBM,Glioblastoma,4,FALSE,ZH1019,0.664,0.754
zh1019inf,C1b,TAM_C1Q,inside,170,0.422235200543753,3.24500719095689,0.002,1,GBM,Glioblastoma,4,FALSE,ZH1019,0.004,1
zh1019inf,C1b,TAM_C1Q,ring,332,0.0393163294937348,0.425932783325593,0.328,0.674,GBM,Glioblastoma,4,FALSE,ZH1019,0.664,0.754
zh1019inf,C1b,IFNG_response,inside,170,0.35525766634078,3.40750471881849,0.002,1,GBM,Glioblastoma,4,FALSE,ZH1019,0.004,1
zh1019inf,C1b,IFNG_response,ring,332,-0.0445675603481684,-0.657010779895435,0.748,0.254,GBM,Glioblastoma,4,FALSE,ZH1019,0.927272727272727,0.6096
zh1019inf,C1b,Malignant_CNA,inside,170,-0.176512119214286,-0.756021431794646,0.762,0.24,GBM,Glioblastoma,4,FALSE,ZH1019,0.87,0.96
zh1019inf,C1b,Malignant_CNA,ring,332,0.104135099453509,0.569941286668647,0.296,0.706,GBM,Glioblastoma,4,FALSE,ZH1019,0.664,0.754
zh1019inf,APC,T_cell,inside,7,2.24902997820588,4.48742031234371,0.002,1,GBM,Glioblastoma,4,FALSE,ZH1019,0.006,1
zh1019inf,APC,T_cell,ring,67,0.266708171656864,1.33227917110674,0.09,0.912,GBM,Glioblastoma,4,FALSE,ZH1019,0.378,0.986
zh1019inf,APC,Endothelial,inside,7,0.806331987355603,1.8988738866802,0.026,0.976,GBM,Glioblastoma,4,FALSE,ZH1019,0.0514285714285714,1
zh1019inf,APC,Endothelial,ring,67,0.203465143710385,1.1676018052897,0.126,0.876,GBM,Glioblastoma,4,FALSE,ZH1019,0.378,0.986
zh1019inf,APC,Pericyte,inside,7,1.2349693781356,2.36247378005222,0.016,0.986,GBM,Glioblastoma,4,FALSE,ZH1019,0.0384,1
zh1019inf,APC,Pericyte,ring,67,0.268435088041955,1.19903620055943,0.122,0.88,GBM,Glioblastoma,4,FALSE,ZH1019,0.378,0.986
zh1019inf,APC,IFN_response,inside,7,1.62031749117337,3.91645326842577,0.002,1,GBM,Glioblastoma,4,FALSE,ZH1019,0.006,1
zh1019inf,APC,IFN_response,ring,67,0.379346821996137,2.15423222233632,0.016,0.986,GBM,Glioblastoma,4,FALSE,ZH1019,0.192,0.986
zh1019inf,APC,Hypoxia,inside,7,-0.421540549841702,-1.00286500650908,0.848,0.154,GBM,Glioblastoma,4,FALSE,ZH1019,0.925090909090909,0.924
zh1019inf,APC,Hypoxia,ring,67,-0.347118375545394,-1.01691784644978,0.834,0.168,GBM,Glioblastoma,4,FALSE,ZH1019,0.834,0.986
zh1019inf,APC,Inflammation,inside,7,0.589326671687983,1.37925617644433,0.082,0.92,GBM,Glioblastoma,4,FALSE,ZH1019,0.12,1
zh1019inf,APC,Inflammation,ring,67,0.123897507371537,0.552406564112681,0.31,0.692,GBM,Glioblastoma,4,FALSE,ZH1019,0.465,0.986
zh1019inf,APC,TAM_microglia,inside,7,1.10261527265123,2.69901355917008,0.002,1,GBM,Glioblastoma,4,FALSE,ZH1019,0.006,1
zh1019inf,APC,TAM_microglia,ring,67,0.108963768407419,0.685952823601288,0.25,0.752,GBM,Glioblastoma,4,FALSE,ZH1019,0.428571428571429,0.986
zh1019inf,APC,TAM_monocyte,inside,7,0.0868512076327637,0.222600470518863,0.404,0.598,GBM,Glioblastoma,4,FALSE,ZH1019,0.4848,1
zh1019inf,APC,TAM_monocyte,ring,67,0.179737319153187,0.980923706995894,0.162,0.84,GBM,Glioblastoma,4,FALSE,ZH1019,0.3888,0.986
zh1019inf,APC,TAM_SPP1_lipid,inside,7,0.532424116898995,1.35904201443734,0.09,0.912,GBM,Glioblastoma,4,FALSE,ZH1019,0.12,1
zh1019inf,APC,TAM_SPP1_lipid,ring,67,0.00777416805536394,0.132636284939777,0.438,0.564,GBM,Glioblastoma,4,FALSE,ZH1019,0.584,0.986
zh1019inf,APC,TAM_C1Q,inside,7,1.67408185522874,3.90342543063789,0.002,1,GBM,Glioblastoma,4,FALSE,ZH1019,0.006,1
zh1019inf,APC,TAM_C1Q,ring,67,-0.0762185315866033,-0.337784240905808,0.626,0.376,GBM,Glioblastoma,4,FALSE,ZH1019,0.682909090909091,0.986
zh1019inf,APC,IFNG_response,inside,7,0.740215858758777,1.86371627412901,0.03,0.972,GBM,Glioblastoma,4,FALSE,ZH1019,0.0514285714285714,1
zh1019inf,APC,IFNG_response,ring,67,0.116108155442071,0.750671987755014,0.25,0.752,GBM,Glioblastoma,4,FALSE,ZH1019,0.428571428571429,0.986
zh1019inf,APC,Malignant_CNA,inside,7,-0.857584687021065,-1.64863711133352,0.962,0.04,GBM,Glioblastoma,4,FALSE,ZH1019,0.962,0.48
zh1019inf,APC,Malignant_CNA,ring,67,-0.00603376914269396,-0.0456373958799364,0.514,0.488,GBM,Glioblastoma,4,FALSE,ZH1019,0.6168,0.986
zh1019inf,nonMHC,T_cell,inside,12,0.83850744776134,2.21753697889965,0.012,0.99,GBM,Glioblastoma,4,FALSE,ZH1019,0.036,0.998
zh1019inf,nonMHC,T_cell,ring,68,0.569811017463593,2.96672675105348,0.002,1,GBM,Glioblastoma,4,FALSE,ZH1019,0.024,1
zh1019inf,nonMHC,Endothelial,inside,12,0.754914747148897,2.20691093448298,0.026,0.976,GBM,Glioblastoma,4,FALSE,ZH1019,0.052,0.998
zh1019inf,nonMHC,Endothelial,ring,68,0.107957283272834,0.640878661609321,0.254,0.748,GBM,Glioblastoma,4,FALSE,ZH1019,0.459428571428571,1
zh1019inf,nonMHC,Pericyte,inside,12,1.26568021493467,3.1670004359625,0.004,0.998,GBM,Glioblastoma,4,FALSE,ZH1019,0.024,0.998
zh1019inf,nonMHC,Pericyte,ring,68,0.114356892190018,0.592409956531537,0.268,0.734,GBM,Glioblastoma,4,FALSE,ZH1019,0.459428571428571,1
zh1019inf,nonMHC,IFN_response,inside,12,1.11082959627454,3.27279964160063,0.006,0.996,GBM,Glioblastoma,4,FALSE,ZH1019,0.024,0.998
zh1019inf,nonMHC,IFN_response,ring,68,0.0580977640163037,0.319910478106522,0.368,0.634,GBM,Glioblastoma,4,FALSE,ZH1019,0.552,1
zh1019inf,nonMHC,Hypoxia,inside,12,1.01182950172658,2.1326143125758,0.016,0.986,GBM,Glioblastoma,4,FALSE,ZH1019,0.0384,0.998
zh1019inf,nonMHC,Hypoxia,ring,68,0.792416473053806,2.39854594867553,0.012,0.99,GBM,Glioblastoma,4,FALSE,ZH1019,0.072,1
zh1019inf,nonMHC,Inflammation,inside,12,0.238415777606782,0.641969857775116,0.26,0.742,GBM,Glioblastoma,4,FALSE,ZH1019,0.445714285714286,0.998
zh1019inf,nonMHC,Inflammation,ring,68,0.29765196239072,1.47245504908557,0.066,0.936,GBM,Glioblastoma,4,FALSE,ZH1019,0.198,1
zh1019inf,nonMHC,TAM_microglia,inside,12,-0.277127093246872,-0.906342126179529,0.818,0.184,GBM,Glioblastoma,4,FALSE,ZH1019,0.892363636363636,0.998
zh1019inf,nonMHC,TAM_microglia,ring,68,-0.0774588614391446,-0.503007563285257,0.7,0.302,GBM,Glioblastoma,4,FALSE,ZH1019,0.920727272727273,0.906
zh1019inf,nonMHC,TAM_monocyte,inside,12,-0.618013853988137,-1.92697519792342,0.98,0.022,GBM,Glioblastoma,4,FALSE,ZH1019,0.98,0.264
zh1019inf,nonMHC,TAM_monocyte,ring,68,-0.16411644366128,-0.972671104347146,0.844,0.158,GBM,Glioblastoma,4,FALSE,ZH1019,0.920727272727273,0.632
zh1019inf,nonMHC,TAM_SPP1_lipid,inside,12,-0.0455998636364702,-0.189381563870048,0.552,0.45,GBM,Glioblastoma,4,FALSE,ZH1019,0.736,0.998
zh1019inf,nonMHC,TAM_SPP1_lipid,ring,68,-0.149020565725484,-1.05180615590555,0.844,0.158,GBM,Glioblastoma,4,FALSE,ZH1019,0.920727272727273,0.632
zh1019inf,nonMHC,TAM_C1Q,inside,12,-0.127120052608343,-0.365927164259212,0.616,0.386,GBM,Glioblastoma,4,FALSE,ZH1019,0.7392,0.998
zh1019inf,nonMHC,TAM_C1Q,ring,68,-0.272539063906955,-1.5006899504614,0.936,0.066,GBM,Glioblastoma,4,FALSE,ZH1019,0.936,0.632
zh1019inf,nonMHC,IFNG_response,inside,12,0.904135861923738,2.7837799552452,0.004,0.998,GBM,Glioblastoma,4,FALSE,ZH1019,0.024,0.998
zh1019inf,nonMHC,IFNG_response,ring,68,0.280426981238192,1.72677870615105,0.042,0.96,GBM,Glioblastoma,4,FALSE,ZH1019,0.168,1
zh1019inf,nonMHC,Malignant_CNA,inside,12,0.100110908933517,0.229838070967472,0.382,0.62,GBM,Glioblastoma,4,FALSE,ZH1019,0.573,0.998
zh1019inf,nonMHC,Malignant_CNA,ring,68,0.253641254791343,0.931750914539935,0.182,0.82,GBM,Glioblastoma,4,FALSE,ZH1019,0.4368,1
zh1019t1,C1b,T_cell,inside,45,-0.0344011445084559,-0.210913045598625,0.576,0.426,GBM,Glioblastoma,4,FALSE,ZH1019,0.768,1
zh1019t1,C1b,T_cell,ring,100,-0.0464201026707865,-0.633320068766944,0.734,0.268,GBM,Glioblastoma,4,FALSE,ZH1019,0.786,0.584
zh1019t1,C1b,Endothelial,inside,45,0.705797684205989,3.30936982297146,0.002,1,GBM,Glioblastoma,4,FALSE,ZH1019,0.008,1
zh1019t1,C1b,Endothelial,ring,100,-0.105207194811793,-0.815635774047947,0.786,0.216,GBM,Glioblastoma,4,FALSE,ZH1019,0.786,0.584
zh1019t1,C1b,Pericyte,inside,45,1.04362357309934,4.57085952107832,0.002,1,GBM,Glioblastoma,4,FALSE,ZH1019,0.008,1
zh1019t1,C1b,Pericyte,ring,100,-0.114047077363472,-0.731456279500612,0.758,0.244,GBM,Glioblastoma,4,FALSE,ZH1019,0.786,0.584
zh1019t1,C1b,IFN_response,inside,45,0.119802562815368,0.496105097595917,0.33,0.672,GBM,Glioblastoma,4,FALSE,ZH1019,0.495,1
zh1019t1,C1b,IFN_response,ring,100,-0.0773820959231372,-0.530702391896235,0.71,0.292,GBM,Glioblastoma,4,FALSE,ZH1019,0.786,0.584
zh1019t1,C1b,Hypoxia,inside,45,-0.316709267108323,-0.691318983937484,0.732,0.27,GBM,Glioblastoma,4,FALSE,ZH1019,0.8784,1
zh1019t1,C1b,Hypoxia,ring,100,0.42737728516058,1.39910566605448,0.08,0.922,GBM,Glioblastoma,4,FALSE,ZH1019,0.312,0.944
zh1019t1,C1b,Inflammation,inside,45,0.523897080526255,1.73253661055869,0.03,0.972,GBM,Glioblastoma,4,FALSE,ZH1019,0.06,1
zh1019t1,C1b,Inflammation,ring,100,-0.143380158714947,-0.769899450295868,0.786,0.216,GBM,Glioblastoma,4,FALSE,ZH1019,0.786,0.584
zh1019t1,C1b,TAM_microglia,inside,45,0.748693517056353,4.3683867531786,0.002,1,GBM,Glioblastoma,4,FALSE,ZH1019,0.008,1
zh1019t1,C1b,TAM_microglia,ring,100,0.0903743297439849,0.81976959716423,0.224,0.778,GBM,Glioblastoma,4,FALSE,ZH1019,0.448,0.944
zh1019t1,C1b,TAM_monocyte,inside,45,-0.39190312551023,-1.40908646594412,0.92,0.082,GBM,Glioblastoma,4,FALSE,ZH1019,1,0.492
zh1019t1,C1b,TAM_monocyte,ring,100,-0.135239382297551,-0.743183627728806,0.752,0.25,GBM,Glioblastoma,4,FALSE,ZH1019,0.786,0.584
zh1019t1,C1b,TAM_SPP1_lipid,inside,45,0.268739378354044,1.23573401076251,0.114,0.888,GBM,Glioblastoma,4,FALSE,ZH1019,0.195428571428571,1
zh1019t1,C1b,TAM_SPP1_lipid,ring,100,0.167539680189799,1.1768821561495,0.116,0.886,GBM,Glioblastoma,4,FALSE,ZH1019,0.312,0.944
zh1019t1,C1b,TAM_C1Q,inside,45,0.43927303468295,2.78442343552392,0.006,0.996,GBM,Glioblastoma,4,FALSE,ZH1019,0.0144,1
zh1019t1,C1b,TAM_C1Q,ring,100,0.112269295618204,1.19236071709812,0.13,0.872,GBM,Glioblastoma,4,FALSE,ZH1019,0.312,0.944
zh1019t1,C1b,IFNG_response,inside,45,0.481902262570296,2.48991535823626,0.004,0.998,GBM,Glioblastoma,4,FALSE,ZH1019,0.012,1
zh1019t1,C1b,IFNG_response,ring,100,0.164045979420988,1.53481414230356,0.058,0.944,GBM,Glioblastoma,4,FALSE,ZH1019,0.312,0.944
zh1019t1,C1b,Malignant_CNA,inside,45,-1.00633437785823,-4.26007204201186,1,0.002,GBM,Glioblastoma,4,FALSE,ZH1019,1,0.024
zh1019t1,C1b,Malignant_CNA,ring,100,0.214477964517458,1.46006687454159,0.086,0.916,GBM,Glioblastoma,4,FALSE,ZH1019,0.312,0.944
zh8811a,C1b,T_cell,inside,248,0.0495591141756512,0.723548583440216,0.232,0.77,GBM,Glioblastoma,4,FALSE,ZH881,0.2784,1
zh8811a,C1b,T_cell,ring,414,-0.0197121582966562,-0.384916081878934,0.634,0.368,GBM,Glioblastoma,4,FALSE,ZH881,0.963,0.736
zh8811a,C1b,Endothelial,inside,248,0.44419626314658,2.6564916251409,0.004,0.998,GBM,Glioblastoma,4,FALSE,ZH881,0.012,1
zh8811a,C1b,Endothelial,ring,414,-0.175012758925037,-1.76197956682941,0.966,0.036,GBM,Glioblastoma,4,FALSE,ZH881,0.97,0.216
zh8811a,C1b,Pericyte,inside,248,0.558905793349988,4.42531367367142,0.002,1,GBM,Glioblastoma,4,FALSE,ZH881,0.012,1
zh8811a,C1b,Pericyte,ring,414,-0.0444770466606363,-0.43577270681012,0.642,0.36,GBM,Glioblastoma,4,FALSE,ZH881,0.963,0.736
zh8811a,C1b,IFN_response,inside,248,0.150872432925375,1.72453652811748,0.048,0.954,GBM,Glioblastoma,4,FALSE,ZH881,0.072,1
zh8811a,C1b,IFN_response,ring,414,-0.107377960087067,-1.91383139331033,0.97,0.032,GBM,Glioblastoma,4,FALSE,ZH881,0.97,0.216
zh8811a,C1b,Hypoxia,inside,248,-0.151904189289415,-0.60125437333768,0.712,0.29,GBM,Glioblastoma,4,FALSE,ZH881,0.712,1
zh8811a,C1b,Hypoxia,ring,414,0.292651418030146,1.57407378109453,0.054,0.948,GBM,Glioblastoma,4,FALSE,ZH881,0.232,0.968
zh8811a,C1b,Inflammation,inside,248,0.410343298543724,1.59278720532849,0.066,0.936,GBM,Glioblastoma,4,FALSE,ZH881,0.088,1
zh8811a,C1b,Inflammation,ring,414,0.14931958782011,0.999167342363725,0.17,0.832,GBM,Glioblastoma,4,FALSE,ZH881,0.408,0.968
zh8811a,C1b,TAM_microglia,inside,248,0.496332415815458,4.15682836967772,0.002,1,GBM,Glioblastoma,4,FALSE,ZH881,0.012,1
zh8811a,C1b,TAM_microglia,ring,414,0.00534538820225205,0.0756545363186373,0.478,0.524,GBM,Glioblastoma,4,FALSE,ZH881,0.956,0.898285714285714
zh8811a,C1b,TAM_monocyte,inside,248,0.224806174592043,2.22610349853478,0.01,0.992,GBM,Glioblastoma,4,FALSE,ZH881,0.02,1
zh8811a,C1b,TAM_monocyte,ring,414,0.125409758222297,1.6768552312234,0.058,0.944,GBM,Glioblastoma,4,FALSE,ZH881,0.232,0.968
zh8811a,C1b,TAM_SPP1_lipid,inside,248,0.287456865348381,1.97795153602663,0.026,0.976,GBM,Glioblastoma,4,FALSE,ZH881,0.0445714285714286,1
zh8811a,C1b,TAM_SPP1_lipid,ring,414,0.212059909454239,1.96788706327933,0.034,0.968,GBM,Glioblastoma,4,FALSE,ZH881,0.232,0.968
zh8811a,C1b,TAM_C1Q,inside,248,0.562558582711985,3.20287608664095,0.004,0.998,GBM,Glioblastoma,4,FALSE,ZH881,0.012,1
zh8811a,C1b,TAM_C1Q,ring,414,0.154454342032922,1.33772022807471,0.088,0.914,GBM,Glioblastoma,4,FALSE,ZH881,0.264,0.968
zh8811a,C1b,IFNG_response,inside,248,0.181781616933803,2.66943099652789,0.008,0.994,GBM,Glioblastoma,4,FALSE,ZH881,0.0192,1
zh8811a,C1b,IFNG_response,ring,414,-0.046459888988126,-1.00117289760911,0.836,0.166,GBM,Glioblastoma,4,FALSE,ZH881,0.97,0.664
zh8811a,C1b,Malignant_CNA,inside,248,-0.101761066467629,-0.583071793697126,0.71,0.292,GBM,Glioblastoma,4,FALSE,ZH881,0.712,1
zh8811a,C1b,Malignant_CNA,ring,414,-0.0642912083795631,-0.589741650711072,0.738,0.264,GBM,Glioblastoma,4,FALSE,ZH881,0.97,0.736
zh8811a,APC,T_cell,inside,151,0.0394511306313918,0.532664510470181,0.3,0.702,GBM,Glioblastoma,4,FALSE,ZH881,0.72,0.998
zh8811a,APC,T_cell,ring,442,-0.014996805740835,-0.316917185741761,0.612,0.39,GBM,Glioblastoma,4,FALSE,ZH881,1,0.668571428571429
zh8811a,APC,Endothelial,inside,151,0.431726029234586,3.00876369233664,0.004,0.998,GBM,Glioblastoma,4,FALSE,ZH881,0.036,0.998
zh8811a,APC,Endothelial,ring,442,0.224571667048671,2.59470717579005,0.004,0.998,GBM,Glioblastoma,4,FALSE,ZH881,0.048,0.998
zh8811a,APC,Pericyte,inside,151,0.108832524186342,0.714152176616956,0.228,0.774,GBM,Glioblastoma,4,FALSE,ZH881,0.684,0.998
zh8811a,APC,Pericyte,ring,442,-0.0458711669467802,-0.56355140839232,0.694,0.308,GBM,Glioblastoma,4,FALSE,ZH881,1,0.668571428571429
zh8811a,APC,IFN_response,inside,151,0.212011570476168,2.17853410348995,0.006,0.996,GBM,Glioblastoma,4,FALSE,ZH881,0.036,0.998
zh8811a,APC,IFN_response,ring,442,0.056316795573523,1.05337360767416,0.14,0.862,GBM,Glioblastoma,4,FALSE,ZH881,0.84,0.940363636363636
zh8811a,APC,Hypoxia,inside,151,-0.69302436461476,-2.04625778498211,0.992,0.01,GBM,Glioblastoma,4,FALSE,ZH881,0.992,0.12
zh8811a,APC,Hypoxia,ring,442,-0.617520708960766,-2.70772794917875,1,0.002,GBM,Glioblastoma,4,FALSE,ZH881,1,0.024
zh8811a,APC,Inflammation,inside,151,-0.466103519579588,-1.77822121597164,0.958,0.044,GBM,Glioblastoma,4,FALSE,ZH881,0.992,0.264
zh8811a,APC,Inflammation,ring,442,-0.444635592303004,-2.51694663728977,0.998,0.004,GBM,Glioblastoma,4,FALSE,ZH881,1,0.024
zh8811a,APC,TAM_microglia,inside,151,0.027624350995922,0.197732266288666,0.446,0.556,GBM,Glioblastoma,4,FALSE,ZH881,0.892,0.953142857142857
zh8811a,APC,TAM_microglia,ring,442,-0.0274587540765267,-0.391323462738862,0.658,0.344,GBM,Glioblastoma,4,FALSE,ZH881,1,0.668571428571429
zh8811a,APC,TAM_monocyte,inside,151,-0.00929806104524334,-0.0977067189219749,0.556,0.446,GBM,Glioblastoma,4,FALSE,ZH881,0.936,0.892
zh8811a,APC,TAM_monocyte,ring,442,0.0223492370271299,0.163396744536914,0.452,0.55,GBM,Glioblastoma,4,FALSE,ZH881,1,0.825
zh8811a,APC,TAM_SPP1_lipid,inside,151,-0.175935387427965,-1.10984373437454,0.874,0.128,GBM,Glioblastoma,4,FALSE,ZH881,0.992,0.384
zh8811a,APC,TAM_SPP1_lipid,ring,442,-0.235661219967387,-2.25074112114757,0.996,0.006,GBM,Glioblastoma,4,FALSE,ZH881,1,0.024
zh8811a,APC,TAM_C1Q,inside,151,0.299998114235055,1.68661737947446,0.042,0.96,GBM,Glioblastoma,4,FALSE,ZH881,0.168,0.998
zh8811a,APC,TAM_C1Q,ring,442,0.0843416152478642,0.646123183368289,0.268,0.734,GBM,Glioblastoma,4,FALSE,ZH881,0.906,0.8808
zh8811a,APC,IFNG_response,inside,151,-0.0247235502814156,-0.316130911699334,0.624,0.378,GBM,Glioblastoma,4,FALSE,ZH881,0.936,0.892
zh8811a,APC,IFNG_response,ring,442,0.0280239007782258,0.533774305005293,0.302,0.7,GBM,Glioblastoma,4,FALSE,ZH881,0.906,0.8808
zh8811a,APC,Malignant_CNA,inside,151,-0.298234897455019,-1.45341136306555,0.922,0.08,GBM,Glioblastoma,4,FALSE,ZH881,0.992,0.32
zh8811a,APC,Malignant_CNA,ring,442,-0.176649115296027,-1.18128879853825,0.872,0.13,GBM,Glioblastoma,4,FALSE,ZH881,1,0.39
zh8811a,nonMHC,T_cell,inside,190,0.0375639477944736,0.341058667540016,0.386,0.616,GBM,Glioblastoma,4,FALSE,ZH881,0.772,1
zh8811a,nonMHC,T_cell,ring,287,0.0843173804372286,1.26108020733281,0.102,0.9,GBM,Glioblastoma,4,FALSE,ZH881,0.2832,1
zh8811a,nonMHC,Endothelial,inside,190,-0.346484105696966,-1.93890604647725,0.98,0.022,GBM,Glioblastoma,4,FALSE,ZH881,1,0.066
zh8811a,nonMHC,Endothelial,ring,287,-0.00437990694603343,-0.0197549620488409,0.5,0.502,GBM,Glioblastoma,4,FALSE,ZH881,0.6312,1
zh8811a,nonMHC,Pericyte,inside,190,0.327371275783572,2.19757507203273,0.004,0.998,GBM,Glioblastoma,4,FALSE,ZH881,0.016,1
zh8811a,nonMHC,Pericyte,ring,287,0.15038307545996,1.62356999898523,0.046,0.956,GBM,Glioblastoma,4,FALSE,ZH881,0.184,1
zh8811a,nonMHC,IFN_response,inside,190,-0.0324639741715023,-0.401398908000656,0.622,0.38,GBM,Glioblastoma,4,FALSE,ZH881,1,0.76
zh8811a,nonMHC,IFN_response,ring,287,-0.000743135145576871,-0.0642385876719231,0.526,0.476,GBM,Glioblastoma,4,FALSE,ZH881,0.6312,1
zh8811a,nonMHC,Hypoxia,inside,190,1.65320901431442,4.61360610626597,0.002,1,GBM,Glioblastoma,4,FALSE,ZH881,0.012,1
zh8811a,nonMHC,Hypoxia,ring,287,0.768386987010451,3.12237287710129,0.002,1,GBM,Glioblastoma,4,FALSE,ZH881,0.024,1
zh8811a,nonMHC,Inflammation,inside,190,1.89269495285046,4.60803090988971,0.002,1,GBM,Glioblastoma,4,FALSE,ZH881,0.012,1
zh8811a,nonMHC,Inflammation,ring,287,0.65933361463387,2.69816736920247,0.006,0.996,GBM,Glioblastoma,4,FALSE,ZH881,0.036,1
zh8811a,nonMHC,TAM_microglia,inside,190,-0.531747520639649,-3.32589588233659,1,0.002,GBM,Glioblastoma,4,FALSE,ZH881,1,0.008
zh8811a,nonMHC,TAM_microglia,ring,287,-0.100296260316623,-0.889352594773077,0.81,0.192,GBM,Glioblastoma,4,FALSE,ZH881,0.883636363636364,1
zh8811a,nonMHC,TAM_monocyte,inside,190,-0.471133781348296,-3.47327382426567,1,0.002,GBM,Glioblastoma,4,FALSE,ZH881,1,0.008
zh8811a,nonMHC,TAM_monocyte,ring,287,0.00352046568977524,0.0638770044195711,0.468,0.534,GBM,Glioblastoma,4,FALSE,ZH881,0.6312,1
zh8811a,nonMHC,TAM_SPP1_lipid,inside,190,-0.204835648007438,-1.22044256585181,0.912,0.09,GBM,Glioblastoma,4,FALSE,ZH881,1,0.216
zh8811a,nonMHC,TAM_SPP1_lipid,ring,287,0.136182815363036,1.16785980045033,0.118,0.884,GBM,Glioblastoma,4,FALSE,ZH881,0.2832,1
zh8811a,nonMHC,TAM_C1Q,inside,190,-1.10866142890479,-3.7517772000963,1,0.002,GBM,Glioblastoma,4,FALSE,ZH881,1,0.008
zh8811a,nonMHC,TAM_C1Q,ring,287,-0.289685107706252,-1.57991821360924,0.954,0.048,GBM,Glioblastoma,4,FALSE,ZH881,0.954,0.576
zh8811a,nonMHC,IFNG_response,inside,190,0.117918824090294,1.1938502689393,0.114,0.888,GBM,Glioblastoma,4,FALSE,ZH881,0.3072,1
zh8811a,nonMHC,IFNG_response,ring,287,0.0295760713726088,0.478472717578189,0.322,0.68,GBM,Glioblastoma,4,FALSE,ZH881,0.552,1
zh8811a,nonMHC,Malignant_CNA,inside,190,0.257492193045902,1.17223026273869,0.128,0.874,GBM,Glioblastoma,4,FALSE,ZH881,0.3072,1
zh8811a,nonMHC,Malignant_CNA,ring,287,0.137289905518357,0.946464937261617,0.18,0.822,GBM,Glioblastoma,4,FALSE,ZH881,0.36,1
zh8811b,C1b,T_cell,inside,319,-0.0024315795471365,-0.0977426830543352,0.548,0.454,GBM,Glioblastoma,4,FALSE,ZH881,0.6576,1
zh8811b,C1b,T_cell,ring,427,-0.0208592824305006,-0.503481868095014,0.672,0.33,GBM,Glioblastoma,4,FALSE,ZH881,0.9192,0.764
zh8811b,C1b,Endothelial,inside,319,0.377344431550232,4.69030043777071,0.002,1,GBM,Glioblastoma,4,FALSE,ZH881,0.004,1
zh8811b,C1b,Endothelial,ring,427,-0.0357799711557961,-0.569956590800516,0.702,0.3,GBM,Glioblastoma,4,FALSE,ZH881,0.9192,0.764
zh8811b,C1b,Pericyte,inside,319,0.287945796170656,2.55030548496365,0.002,1,GBM,Glioblastoma,4,FALSE,ZH881,0.004,1
zh8811b,C1b,Pericyte,ring,427,0.0498134423037445,0.646324185136034,0.26,0.742,GBM,Glioblastoma,4,FALSE,ZH881,0.664,0.848727272727273
zh8811b,C1b,IFN_response,inside,319,-0.00992579464118912,-0.118216845620938,0.548,0.454,GBM,Glioblastoma,4,FALSE,ZH881,0.6576,1
zh8811b,C1b,IFN_response,ring,427,-0.0895815419287935,-1.61081241092177,0.948,0.054,GBM,Glioblastoma,4,FALSE,ZH881,0.948,0.468
zh8811b,C1b,Hypoxia,inside,319,-0.097188398531886,-0.52388731753866,0.692,0.31,GBM,Glioblastoma,4,FALSE,ZH881,0.706,1
zh8811b,C1b,Hypoxia,ring,427,0.0653900643592073,0.457439606806975,0.332,0.67,GBM,Glioblastoma,4,FALSE,ZH881,0.664,0.848727272727273
zh8811b,C1b,Inflammation,inside,319,0.216172957367733,0.967280449929872,0.188,0.814,GBM,Glioblastoma,4,FALSE,ZH881,0.282,1
zh8811b,C1b,Inflammation,ring,427,0.0791073029540623,0.514422857121338,0.314,0.688,GBM,Glioblastoma,4,FALSE,ZH881,0.664,0.848727272727273
zh8811b,C1b,TAM_microglia,inside,319,0.511472345844322,4.36054801287393,0.002,1,GBM,Glioblastoma,4,FALSE,ZH881,0.004,1
zh8811b,C1b,TAM_microglia,ring,427,-0.0223425838873282,-0.287241228493498,0.62,0.382,GBM,Glioblastoma,4,FALSE,ZH881,0.9192,0.764
zh8811b,C1b,TAM_monocyte,inside,319,0.258608056679462,2.83886889057321,0.002,1,GBM,Glioblastoma,4,FALSE,ZH881,0.004,1
zh8811b,C1b,TAM_monocyte,ring,427,0.0292252524257055,0.492599470608615,0.322,0.68,GBM,Glioblastoma,4,FALSE,ZH881,0.664,0.848727272727273
zh8811b,C1b,TAM_SPP1_lipid,inside,319,0.491086723809637,3.58808328129041,0.002,1,GBM,Glioblastoma,4,FALSE,ZH881,0.004,1
zh8811b,C1b,TAM_SPP1_lipid,ring,427,0.0820147051252574,0.849863508140331,0.224,0.778,GBM,Glioblastoma,4,FALSE,ZH881,0.664,0.848727272727273
zh8811b,C1b,TAM_C1Q,inside,319,0.61085511549004,3.51591641956713,0.002,1,GBM,Glioblastoma,4,FALSE,ZH881,0.004,1
zh8811b,C1b,TAM_C1Q,ring,427,0.133654299452412,1.06835515895249,0.144,0.858,GBM,Glioblastoma,4,FALSE,ZH881,0.664,0.858
zh8811b,C1b,IFNG_response,inside,319,0.0743213266405008,1.3407139687425,0.088,0.914,GBM,Glioblastoma,4,FALSE,ZH881,0.150857142857143,1
zh8811b,C1b,IFNG_response,ring,427,-0.0386059216367449,-0.731775619525359,0.766,0.236,GBM,Glioblastoma,4,FALSE,ZH881,0.9192,0.764
zh8811b,C1b,Malignant_CNA,inside,319,-0.0586821420152727,-0.565155089224949,0.706,0.296,GBM,Glioblastoma,4,FALSE,ZH881,0.706,1
zh8811b,C1b,Malignant_CNA,ring,427,-0.107180045767395,-1.40793849528195,0.924,0.078,GBM,Glioblastoma,4,FALSE,ZH881,0.948,0.468
zh8811b,APC,T_cell,inside,106,-0.0226296199509824,-0.173317159603195,0.586,0.416,GBM,Glioblastoma,4,FALSE,ZH881,0.708,1
zh8811b,APC,T_cell,ring,358,0.039634667642702,0.73997595584281,0.226,0.776,GBM,Glioblastoma,4,FALSE,ZH881,0.6768,0.9672
zh8811b,APC,Endothelial,inside,106,0.27818849951726,2.36332336409164,0.008,0.994,GBM,Glioblastoma,4,FALSE,ZH881,0.048,1
zh8811b,APC,Endothelial,ring,358,0.164177429929966,2.44349963381316,0.006,0.996,GBM,Glioblastoma,4,FALSE,ZH881,0.072,0.996
zh8811b,APC,Pericyte,inside,106,0.0490982380394856,0.318583859574696,0.39,0.612,GBM,Glioblastoma,4,FALSE,ZH881,0.668571428571429,1
zh8811b,APC,Pericyte,ring,358,-0.109012253066675,-1.07839223831902,0.846,0.156,GBM,Glioblastoma,4,FALSE,ZH881,0.998,0.6
zh8811b,APC,IFN_response,inside,106,0.429824694635537,3.23927668006126,0.002,1,GBM,Glioblastoma,4,FALSE,ZH881,0.024,1
zh8811b,APC,IFN_response,ring,358,0.0951737876859488,1.52848933804174,0.068,0.934,GBM,Glioblastoma,4,FALSE,ZH881,0.408,0.996
zh8811b,APC,Hypoxia,inside,106,-0.845064919296399,-2.08716488572409,0.99,0.012,GBM,Glioblastoma,4,FALSE,ZH881,0.99,0.144
zh8811b,APC,Hypoxia,ring,358,-0.667009116115777,-2.82264778846485,0.998,0.004,GBM,Glioblastoma,4,FALSE,ZH881,0.998,0.048
zh8811b,APC,Inflammation,inside,106,-0.4815978703979,-1.24044342738664,0.878,0.124,GBM,Glioblastoma,4,FALSE,ZH881,0.957818181818182,0.744
zh8811b,APC,Inflammation,ring,358,-0.447476409437502,-1.89572677980213,0.974,0.028,GBM,Glioblastoma,4,FALSE,ZH881,0.998,0.168
zh8811b,APC,TAM_microglia,inside,106,0.403933746368038,1.8840159975157,0.028,0.974,GBM,Glioblastoma,4,FALSE,ZH881,0.112,1
zh8811b,APC,TAM_microglia,ring,358,0.0783882503575997,0.651019602972365,0.282,0.72,GBM,Glioblastoma,4,FALSE,ZH881,0.6768,0.9672
zh8811b,APC,TAM_monocyte,inside,106,-0.062011728948136,-0.283714081647996,0.59,0.412,GBM,Glioblastoma,4,FALSE,ZH881,0.708,1
zh8811b,APC,TAM_monocyte,ring,358,0.0394439394047143,0.409783832605203,0.358,0.644,GBM,Glioblastoma,4,FALSE,ZH881,0.708,0.9672
zh8811b,APC,TAM_SPP1_lipid,inside,106,0.144001225966032,0.678121073949338,0.266,0.736,GBM,Glioblastoma,4,FALSE,ZH881,0.532,1
zh8811b,APC,TAM_SPP1_lipid,ring,358,-0.120434405045747,-0.901063093889921,0.802,0.2,GBM,Glioblastoma,4,FALSE,ZH881,0.998,0.6
zh8811b,APC,TAM_C1Q,inside,106,0.399631228948091,1.16823275903092,0.138,0.864,GBM,Glioblastoma,4,FALSE,ZH881,0.3312,1
zh8811b,APC,TAM_C1Q,ring,358,0.19090415280538,0.974512579509897,0.196,0.806,GBM,Glioblastoma,4,FALSE,ZH881,0.6768,0.9672
zh8811b,APC,IFNG_response,inside,106,0.21010155143597,1.78779949094605,0.038,0.964,GBM,Glioblastoma,4,FALSE,ZH881,0.114,1
zh8811b,APC,IFNG_response,ring,358,0.00335671912416516,0.0150360695461461,0.47,0.532,GBM,Glioblastoma,4,FALSE,ZH881,0.708,0.9672
zh8811b,APC,Malignant_CNA,inside,106,-0.0104365749381042,-0.109374353692556,0.544,0.458,GBM,Glioblastoma,4,FALSE,ZH881,0.708,1
zh8811b,APC,Malignant_CNA,ring,358,0.0129001849266993,0.0755685755503037,0.472,0.53,GBM,Glioblastoma,4,FALSE,ZH881,0.708,0.9672
zh8811b,nonMHC,T_cell,inside,279,0.152553307337136,2.53008303574591,0.002,1,GBM,Glioblastoma,4,FALSE,ZH881,0.008,1
zh8811b,nonMHC,T_cell,ring,343,-0.0545855238261047,-1.02889387139467,0.858,0.144,GBM,Glioblastoma,4,FALSE,ZH881,0.966,0.438
zh8811b,nonMHC,Endothelial,inside,279,-0.17231331495168,-2.03505354647919,0.98,0.022,GBM,Glioblastoma,4,FALSE,ZH881,1,0.066
zh8811b,nonMHC,Endothelial,ring,343,0.00275153159338251,0.0843255367336264,0.444,0.558,GBM,Glioblastoma,4,FALSE,ZH881,0.888,0.956571428571429
zh8811b,nonMHC,Pericyte,inside,279,0.225420173712177,2.09909325954542,0.02,0.982,GBM,Glioblastoma,4,FALSE,ZH881,0.06,1
zh8811b,nonMHC,Pericyte,ring,343,0.138910201711957,1.87607767165947,0.03,0.972,GBM,Glioblastoma,4,FALSE,ZH881,0.12,1
zh8811b,nonMHC,IFN_response,inside,279,-0.0368962722902155,-0.615600551350125,0.726,0.276,GBM,Glioblastoma,4,FALSE,ZH881,1,0.6624
zh8811b,nonMHC,IFN_response,ring,343,-0.0669346816462806,-1.06920937542224,0.856,0.146,GBM,Glioblastoma,4,FALSE,ZH881,0.966,0.438
zh8811b,nonMHC,Hypoxia,inside,279,1.46678348908335,3.99159236743933,0.002,1,GBM,Glioblastoma,4,FALSE,ZH881,0.008,1
zh8811b,nonMHC,Hypoxia,ring,343,0.702343371219935,2.86252553202647,0.002,1,GBM,Glioblastoma,4,FALSE,ZH881,0.024,1
zh8811b,nonMHC,Inflammation,inside,279,1.42491045492085,3.94767193437087,0.002,1,GBM,Glioblastoma,4,FALSE,ZH881,0.008,1
zh8811b,nonMHC,Inflammation,ring,343,0.460642219521405,2.16634899171593,0.01,0.992,GBM,Glioblastoma,4,FALSE,ZH881,0.06,1
zh8811b,nonMHC,TAM_microglia,inside,279,-0.287509905938357,-2.10341371106495,0.984,0.018,GBM,Glioblastoma,4,FALSE,ZH881,1,0.066
zh8811b,nonMHC,TAM_microglia,ring,343,-0.113119963949474,-1.19709491880793,0.886,0.116,GBM,Glioblastoma,4,FALSE,ZH881,0.966,0.438
zh8811b,nonMHC,TAM_monocyte,inside,279,-0.287168471143885,-2.00571345032812,0.982,0.02,GBM,Glioblastoma,4,FALSE,ZH881,1,0.066
zh8811b,nonMHC,TAM_monocyte,ring,343,-0.0863068175565199,-0.857753051780111,0.806,0.196,GBM,Glioblastoma,4,FALSE,ZH881,0.966,0.4704
zh8811b,nonMHC,TAM_SPP1_lipid,inside,279,0.021414828034876,0.16600682637158,0.458,0.544,GBM,Glioblastoma,4,FALSE,ZH881,0.916,0.932571428571429
zh8811b,nonMHC,TAM_SPP1_lipid,ring,343,0.0676542523651203,0.771393628250537,0.22,0.782,GBM,Glioblastoma,4,FALSE,ZH881,0.5952,1
zh8811b,nonMHC,TAM_C1Q,inside,279,-0.803829145274407,-2.83028139700368,1,0.002,GBM,Glioblastoma,4,FALSE,ZH881,1,0.024
zh8811b,nonMHC,TAM_C1Q,ring,343,-0.320265184977424,-1.75109450346963,0.966,0.036,GBM,Glioblastoma,4,FALSE,ZH881,0.966,0.432
zh8811b,nonMHC,IFNG_response,inside,279,0.102613985282274,1.54835461799049,0.052,0.95,GBM,Glioblastoma,4,FALSE,ZH881,0.1248,1
zh8811b,nonMHC,IFNG_response,ring,343,0.0380689881778013,0.699030287939545,0.248,0.754,GBM,Glioblastoma,4,FALSE,ZH881,0.5952,1
zh8811b,nonMHC,Malignant_CNA,inside,279,-0.0344252907277556,-0.203797524075931,0.57,0.432,GBM,Glioblastoma,4,FALSE,ZH881,0.977142857142857,0.864
zh8811b,nonMHC,Malignant_CNA,ring,343,-0.0680930998939328,-0.633144375433265,0.722,0.28,GBM,Glioblastoma,4,FALSE,ZH881,0.966,0.56
zh8812,C1b,T_cell,inside,120,0.0776163062848056,1.14228745150335,0.124,0.878,GBM,Glioblastoma,4,FALSE,ZH881,0.248,0.99
zh8812,C1b,T_cell,ring,262,0.0458851535645263,0.847039447719465,0.2,0.802,GBM,Glioblastoma,4,FALSE,ZH881,0.4,0.992
zh8812,C1b,Endothelial,inside,120,0.528383775292389,1.34116391019451,0.086,0.916,GBM,Glioblastoma,4,FALSE,ZH881,0.2064,0.99
zh8812,C1b,Endothelial,ring,262,0.253367151354901,2.14237425879286,0.01,0.992,GBM,Glioblastoma,4,FALSE,ZH881,0.12,0.992
zh8812,C1b,Pericyte,inside,120,0.50486995049706,1.04072012631957,0.198,0.804,GBM,Glioblastoma,4,FALSE,ZH881,0.339428571428571,0.99
zh8812,C1b,Pericyte,ring,262,0.157277797167971,1.2074387464202,0.102,0.9,GBM,Glioblastoma,4,FALSE,ZH881,0.3696,0.992
zh8812,C1b,IFN_response,inside,120,-0.0837429250997828,-0.690178540787307,0.73,0.272,GBM,Glioblastoma,4,FALSE,ZH881,0.928,0.816
zh8812,C1b,IFN_response,ring,262,0.0871195383649276,1.13133385106255,0.132,0.87,GBM,Glioblastoma,4,FALSE,ZH881,0.3696,0.992
zh8812,C1b,Hypoxia,inside,120,-0.168984121180295,-1.50175257137878,0.928,0.074,GBM,Glioblastoma,4,FALSE,ZH881,0.928,0.696
zh8812,C1b,Hypoxia,ring,262,-0.0172297593198011,-0.283945000142049,0.616,0.386,GBM,Glioblastoma,4,FALSE,ZH881,0.616,0.992
zh8812,C1b,Inflammation,inside,120,-0.241033446045451,-1.20983019781584,0.884,0.118,GBM,Glioblastoma,4,FALSE,ZH881,0.928,0.696
zh8812,C1b,Inflammation,ring,262,0.0349257970635946,0.387809284151551,0.332,0.67,GBM,Glioblastoma,4,FALSE,ZH881,0.507,0.992
zh8812,C1b,TAM_microglia,inside,120,0.254079433449163,1.45109771743308,0.066,0.936,GBM,Glioblastoma,4,FALSE,ZH881,0.2064,0.99
zh8812,C1b,TAM_microglia,ring,262,-0.0162288107045509,-0.201965286510667,0.586,0.416,GBM,Glioblastoma,4,FALSE,ZH881,0.616,0.992
zh8812,C1b,TAM_monocyte,inside,120,-0.0990959491441338,-0.988030970606303,0.828,0.174,GBM,Glioblastoma,4,FALSE,ZH881,0.928,0.696
zh8812,C1b,TAM_monocyte,ring,262,-0.00210450954602549,-0.0662069150886155,0.52,0.482,GBM,Glioblastoma,4,FALSE,ZH881,0.616,0.992
zh8812,C1b,TAM_SPP1_lipid,inside,120,0.331695589460702,1.41503909080559,0.076,0.926,GBM,Glioblastoma,4,FALSE,ZH881,0.2064,0.99
zh8812,C1b,TAM_SPP1_lipid,ring,262,0.0817503518411293,1.02994156734707,0.154,0.848,GBM,Glioblastoma,4,FALSE,ZH881,0.3696,0.992
zh8812,C1b,TAM_C1Q,inside,120,0.38964739929788,1.81561681274213,0.016,0.986,GBM,Glioblastoma,4,FALSE,ZH881,0.096,0.99
zh8812,C1b,TAM_C1Q,ring,262,0.0285815719099037,0.382841082198923,0.338,0.664,GBM,Glioblastoma,4,FALSE,ZH881,0.507,0.992
zh8812,C1b,IFNG_response,inside,120,-0.0161682267337358,-0.137701313198662,0.57,0.432,GBM,Glioblastoma,4,FALSE,ZH881,0.855,0.99
zh8812,C1b,IFNG_response,ring,262,0.0175523254449996,0.212356767579342,0.416,0.586,GBM,Glioblastoma,4,FALSE,ZH881,0.554666666666667,0.992
zh8812,C1b,Malignant_CNA,inside,120,0.786852662583713,1.81649910937747,0.012,0.99,GBM,Glioblastoma,4,FALSE,ZH881,0.096,0.99
zh8812,C1b,Malignant_CNA,ring,262,0.371896495221995,1.75333320406203,0.028,0.974,GBM,Glioblastoma,4,FALSE,ZH881,0.168,0.992
zh8812,nonMHC,T_cell,inside,8,-0.0849868413552491,-0.204800828232822,0.592,0.41,GBM,Glioblastoma,4,FALSE,ZH881,0.612,0.968
zh8812,nonMHC,T_cell,ring,64,-0.000560459039866592,-0.0231884187272135,0.516,0.486,GBM,Glioblastoma,4,FALSE,ZH881,0.6864,0.978
zh8812,nonMHC,Endothelial,inside,8,1.33943852712693,1.17784783753005,0.126,0.876,GBM,Glioblastoma,4,FALSE,ZH881,0.3024,0.968
zh8812,nonMHC,Endothelial,ring,64,0.123483451164511,0.515172309559869,0.292,0.71,GBM,Glioblastoma,4,FALSE,ZH881,0.548571428571429,0.978
zh8812,nonMHC,Pericyte,inside,8,2.19345112085415,1.50945113874409,0.036,0.966,GBM,Glioblastoma,4,FALSE,ZH881,0.16,0.968
zh8812,nonMHC,Pericyte,ring,64,-0.0664698961916393,-0.22929026107226,0.572,0.43,GBM,Glioblastoma,4,FALSE,ZH881,0.6864,0.978
zh8812,nonMHC,IFN_response,inside,8,0.676768039956941,1.87654165377014,0.034,0.968,GBM,Glioblastoma,4,FALSE,ZH881,0.16,0.968
zh8812,nonMHC,IFN_response,ring,64,-0.00468332892363612,-0.0110083121423797,0.496,0.506,GBM,Glioblastoma,4,FALSE,ZH881,0.6864,0.978
zh8812,nonMHC,Hypoxia,inside,8,0.483411296800882,1.28753634482312,0.118,0.884,GBM,Glioblastoma,4,FALSE,ZH881,0.3024,0.968
zh8812,nonMHC,Hypoxia,ring,64,0.183532207205696,1.24394873655687,0.118,0.884,GBM,Glioblastoma,4,FALSE,ZH881,0.354,0.978
zh8812,nonMHC,Inflammation,inside,8,0.0882916036514213,0.20175809705135,0.412,0.59,GBM,Glioblastoma,4,FALSE,ZH881,0.549333333333333,0.968
zh8812,nonMHC,Inflammation,ring,64,0.22898894369368,1.24593593289513,0.108,0.894,GBM,Glioblastoma,4,FALSE,ZH881,0.354,0.978
zh8812,nonMHC,TAM_microglia,inside,8,0.177281364030357,0.304283867255593,0.384,0.618,GBM,Glioblastoma,4,FALSE,ZH881,0.549333333333333,0.968
zh8812,nonMHC,TAM_microglia,ring,64,0.0595228735481557,0.462645078080945,0.32,0.682,GBM,Glioblastoma,4,FALSE,ZH881,0.548571428571429,0.978
zh8812,nonMHC,TAM_monocyte,inside,8,-0.0901708139419817,-0.265794753184429,0.612,0.39,GBM,Glioblastoma,4,FALSE,ZH881,0.612,0.968
zh8812,nonMHC,TAM_monocyte,ring,64,-0.116600234495431,-0.981160299418857,0.83,0.172,GBM,Glioblastoma,4,FALSE,ZH881,0.83,0.978
zh8812,nonMHC,TAM_SPP1_lipid,inside,8,0.615662428896875,0.846325687696293,0.24,0.762,GBM,Glioblastoma,4,FALSE,ZH881,0.48,0.968
zh8812,nonMHC,TAM_SPP1_lipid,ring,64,0.120711156253725,0.735644103021775,0.226,0.776,GBM,Glioblastoma,4,FALSE,ZH881,0.5424,0.978
zh8812,nonMHC,TAM_C1Q,inside,8,0.382368554800976,0.500717802258233,0.338,0.664,GBM,Glioblastoma,4,FALSE,ZH881,0.549333333333333,0.968
zh8812,nonMHC,TAM_C1Q,ring,64,0.222538932490959,1.38610043657488,0.084,0.918,GBM,Glioblastoma,4,FALSE,ZH881,0.354,0.978
zh8812,nonMHC,IFNG_response,inside,8,0.565804417209154,1.77521319827364,0.04,0.962,GBM,Glioblastoma,4,FALSE,ZH881,0.16,0.968
zh8812,nonMHC,IFNG_response,ring,64,0.253062175101934,1.8856369362458,0.024,0.978,GBM,Glioblastoma,4,FALSE,ZH881,0.288,0.978
zh8812,nonMHC,Malignant_CNA,inside,8,-0.237962041546477,-0.253990558130998,0.562,0.44,GBM,Glioblastoma,4,FALSE,ZH881,0.612,0.968
zh8812,nonMHC,Malignant_CNA,ring,64,-0.245583209065777,-0.831119531781321,0.796,0.206,GBM,Glioblastoma,4,FALSE,ZH881,0.83,0.978
zh881inf,C1b,T_cell,inside,122,0.0584896613387777,0.684683419566401,0.264,0.738,GBM,Glioblastoma,4,FALSE,ZH881,0.405,0.99
zh881inf,C1b,T_cell,ring,288,-0.00421287293716611,-0.0495483523930207,0.502,0.5,GBM,Glioblastoma,4,FALSE,ZH881,0.741333333333333,0.857142857142857
zh881inf,C1b,Endothelial,inside,122,0.0214343999774642,0.216157816346666,0.416,0.586,GBM,Glioblastoma,4,FALSE,ZH881,0.554666666666667,0.99
zh881inf,C1b,Endothelial,ring,288,-0.00757525639412198,-0.143246921511671,0.54,0.462,GBM,Glioblastoma,4,FALSE,ZH881,0.741333333333333,0.857142857142857
zh881inf,C1b,Pericyte,inside,122,-0.0549512298228539,-0.554396842527581,0.746,0.256,GBM,Glioblastoma,4,FALSE,ZH881,0.813818181818182,0.99
zh881inf,C1b,Pericyte,ring,288,0.0942442086343674,1.54592942248015,0.058,0.944,GBM,Glioblastoma,4,FALSE,ZH881,0.678,0.944
zh881inf,C1b,IFN_response,inside,122,0.115340187935341,1.18667784551581,0.092,0.91,GBM,Glioblastoma,4,FALSE,ZH881,0.276,0.99
zh881inf,C1b,IFN_response,ring,288,-0.00438622405543968,-0.120752383380751,0.556,0.446,GBM,Glioblastoma,4,FALSE,ZH881,0.741333333333333,0.857142857142857
zh881inf,C1b,Hypoxia,inside,122,-0.265591455511169,-2.01524875169869,0.98,0.022,GBM,Glioblastoma,4,FALSE,ZH881,0.98,0.264
zh881inf,C1b,Hypoxia,ring,288,-0.155783803633463,-1.85300899335884,0.972,0.03,GBM,Glioblastoma,4,FALSE,ZH881,0.972,0.36
zh881inf,C1b,Inflammation,inside,122,-0.0970052835581407,-0.642693704626435,0.718,0.284,GBM,Glioblastoma,4,FALSE,ZH881,0.813818181818182,0.99
zh881inf,C1b,Inflammation,ring,288,-0.154172319071108,-1.3821332823697,0.928,0.074,GBM,Glioblastoma,4,FALSE,ZH881,0.972,0.444
zh881inf,C1b,TAM_microglia,inside,122,0.204556926280004,2.18746507327858,0.014,0.988,GBM,Glioblastoma,4,FALSE,ZH881,0.084,0.99
zh881inf,C1b,TAM_microglia,ring,288,0.0594108245077221,0.916480191258265,0.184,0.818,GBM,Glioblastoma,4,FALSE,ZH881,0.678,0.892363636363636
zh881inf,C1b,TAM_monocyte,inside,122,0.137804885995374,1.49637342582746,0.076,0.926,GBM,Glioblastoma,4,FALSE,ZH881,0.276,0.99
zh881inf,C1b,TAM_monocyte,ring,288,-0.00186363408200489,-0.0392936896597054,0.504,0.498,GBM,Glioblastoma,4,FALSE,ZH881,0.741333333333333,0.857142857142857
zh881inf,C1b,TAM_SPP1_lipid,inside,122,0.151701379929286,1.11764928629573,0.124,0.878,GBM,Glioblastoma,4,FALSE,ZH881,0.2976,0.99
zh881inf,C1b,TAM_SPP1_lipid,ring,288,0.0715327939436794,0.83234096848425,0.226,0.776,GBM,Glioblastoma,4,FALSE,ZH881,0.678,0.892363636363636
zh881inf,C1b,TAM_C1Q,inside,122,0.244778623001225,2.20706266326946,0.012,0.99,GBM,Glioblastoma,4,FALSE,ZH881,0.084,0.99
zh881inf,C1b,TAM_C1Q,ring,288,0.0757107587076638,0.916639685739067,0.204,0.798,GBM,Glioblastoma,4,FALSE,ZH881,0.678,0.892363636363636
zh881inf,C1b,IFNG_response,inside,122,0.0852747018306996,0.909154302396709,0.174,0.828,GBM,Glioblastoma,4,FALSE,ZH881,0.348,0.99
zh881inf,C1b,IFNG_response,ring,288,0.0142616615875932,0.314617867990332,0.382,0.62,GBM,Glioblastoma,4,FALSE,ZH881,0.741333333333333,0.892363636363636
zh881inf,C1b,Malignant_CNA,inside,122,0.0516221392835195,0.617212242247597,0.27,0.732,GBM,Glioblastoma,4,FALSE,ZH881,0.405,0.99
zh881inf,C1b,Malignant_CNA,ring,288,-0.0534036095999943,-0.957780444043614,0.82,0.182,GBM,Glioblastoma,4,FALSE,ZH881,0.972,0.728
zh881t1,C1b,T_cell,inside,238,0.0419233643856801,0.671300391823305,0.246,0.756,GBM,Glioblastoma,4,FALSE,ZH881,0.328,1
zh881t1,C1b,T_cell,ring,583,-0.0191425142155008,-0.495190543786438,0.692,0.31,GBM,Glioblastoma,4,FALSE,ZH881,0.954,0.744
zh881t1,C1b,Endothelial,inside,238,0.575627521640862,4.3597034309893,0.002,1,GBM,Glioblastoma,4,FALSE,ZH881,0.0048,1
zh881t1,C1b,Endothelial,ring,583,0.0582667312369417,0.832907200688456,0.206,0.796,GBM,Glioblastoma,4,FALSE,ZH881,0.412,1
zh881t1,C1b,Pericyte,inside,238,0.523721490417537,3.67174314012551,0.002,1,GBM,Glioblastoma,4,FALSE,ZH881,0.0048,1
zh881t1,C1b,Pericyte,ring,583,0.194239438985169,2.75435128377435,0.008,0.994,GBM,Glioblastoma,4,FALSE,ZH881,0.032,1
zh881t1,C1b,IFN_response,inside,238,0.281443766946177,3.02476432965428,0.002,1,GBM,Glioblastoma,4,FALSE,ZH881,0.0048,1
zh881t1,C1b,IFN_response,ring,583,-0.0850011766016649,-1.36929203159499,0.9,0.102,GBM,Glioblastoma,4,FALSE,ZH881,0.954,0.48
zh881t1,C1b,Hypoxia,inside,238,-0.297962890766158,-1.48906847091292,0.93,0.072,GBM,Glioblastoma,4,FALSE,ZH881,0.998,0.432
zh881t1,C1b,Hypoxia,ring,583,-0.194912580868303,-1.66496654614573,0.954,0.048,GBM,Glioblastoma,4,FALSE,ZH881,0.954,0.48
zh881t1,C1b,Inflammation,inside,238,0.119181043860909,1.20432537217944,0.122,0.88,GBM,Glioblastoma,4,FALSE,ZH881,0.183,1
zh881t1,C1b,Inflammation,ring,583,-0.0010942290247151,-0.0627070849740645,0.53,0.472,GBM,Glioblastoma,4,FALSE,ZH881,0.908571428571429,0.944
zh881t1,C1b,TAM_microglia,inside,238,0.65602384434413,5.17187781960199,0.002,1,GBM,Glioblastoma,4,FALSE,ZH881,0.0048,1
zh881t1,C1b,TAM_microglia,ring,583,0.15095498658867,2.50757900664055,0.006,0.996,GBM,Glioblastoma,4,FALSE,ZH881,0.032,1
zh881t1,C1b,TAM_monocyte,inside,238,0.02111623625635,0.249325954251593,0.424,0.578,GBM,Glioblastoma,4,FALSE,ZH881,0.5088,1
zh881t1,C1b,TAM_monocyte,ring,583,0.0942657859101748,1.88658423246033,0.038,0.964,GBM,Glioblastoma,4,FALSE,ZH881,0.0912,1
zh881t1,C1b,TAM_SPP1_lipid,inside,238,0.222173584035954,1.7070740368309,0.038,0.964,GBM,Glioblastoma,4,FALSE,ZH881,0.0651428571428571,1
zh881t1,C1b,TAM_SPP1_lipid,ring,583,0.159840289901427,2.14343550270825,0.016,0.986,GBM,Glioblastoma,4,FALSE,ZH881,0.048,1
zh881t1,C1b,TAM_C1Q,inside,238,1.16496949049662,6.11839634128426,0.002,1,GBM,Glioblastoma,4,FALSE,ZH881,0.0048,1
zh881t1,C1b,TAM_C1Q,ring,583,0.423478396304794,3.59471380427552,0.002,1,GBM,Glioblastoma,4,FALSE,ZH881,0.024,1
zh881t1,C1b,IFNG_response,inside,238,0.120116231371908,1.71924822875152,0.032,0.97,GBM,Glioblastoma,4,FALSE,ZH881,0.064,1
zh881t1,C1b,IFNG_response,ring,583,-0.0480256868811632,-1.23151605576664,0.882,0.12,GBM,Glioblastoma,4,FALSE,ZH881,0.954,0.48
zh881t1,C1b,Malignant_CNA,inside,238,-0.333449388169399,-2.66537457223985,0.998,0.004,GBM,Glioblastoma,4,FALSE,ZH881,0.998,0.048
zh881t1,C1b,Malignant_CNA,ring,583,-0.0764103262167998,-0.983896261832464,0.838,0.164,GBM,Glioblastoma,4,FALSE,ZH881,0.954,0.492
zh881t1,APC,T_cell,inside,77,-0.05449890087508,-0.418704592990656,0.688,0.314,GBM,Glioblastoma,4,FALSE,ZH881,1,0.628
zh881t1,APC,T_cell,ring,268,-0.0762413307175637,-1.27221576581626,0.89,0.112,GBM,Glioblastoma,4,FALSE,ZH881,0.994,0.336
zh881t1,APC,Endothelial,inside,77,0.863746266892736,4.73088204632659,0.002,1,GBM,Glioblastoma,4,FALSE,ZH881,0.012,1
zh881t1,APC,Endothelial,ring,268,0.346342952858709,2.8997600058113,0.004,0.998,GBM,Glioblastoma,4,FALSE,ZH881,0.024,1
zh881t1,APC,Pericyte,inside,77,0.591958190171713,2.55483737029203,0.01,0.992,GBM,Glioblastoma,4,FALSE,ZH881,0.04,1
zh881t1,APC,Pericyte,ring,268,0.260616721284188,1.87118522569018,0.026,0.976,GBM,Glioblastoma,4,FALSE,ZH881,0.104,1
zh881t1,APC,IFN_response,inside,77,0.870385209795294,4.14237590972187,0.002,1,GBM,Glioblastoma,4,FALSE,ZH881,0.012,1
zh881t1,APC,IFN_response,ring,268,0.385128521375335,3.26453555120886,0.002,1,GBM,Glioblastoma,4,FALSE,ZH881,0.024,1
zh881t1,APC,Hypoxia,inside,77,-0.617928346013173,-1.6382910731673,0.95,0.052,GBM,Glioblastoma,4,FALSE,ZH881,1,0.208
zh881t1,APC,Hypoxia,ring,268,-0.472683138244094,-2.12810285938087,0.986,0.016,GBM,Glioblastoma,4,FALSE,ZH881,0.994,0.096
zh881t1,APC,Inflammation,inside,77,-0.133004317291023,-0.571922751778217,0.696,0.306,GBM,Glioblastoma,4,FALSE,ZH881,1,0.628
zh881t1,APC,Inflammation,ring,268,-0.116183989770404,-0.825471923826495,0.786,0.216,GBM,Glioblastoma,4,FALSE,ZH881,0.994,0.5184
zh881t1,APC,TAM_microglia,inside,77,0.223893125183262,1.23064675455696,0.114,0.888,GBM,Glioblastoma,4,FALSE,ZH881,0.2736,1
zh881t1,APC,TAM_microglia,ring,268,0.121724456015748,1.20228804724541,0.128,0.874,GBM,Glioblastoma,4,FALSE,ZH881,0.384,1
zh881t1,APC,TAM_monocyte,inside,77,-0.367706566445125,-1.69659457750782,0.966,0.036,GBM,Glioblastoma,4,FALSE,ZH881,1,0.208
zh881t1,APC,TAM_monocyte,ring,268,-0.255728071035728,-2.08122291711059,0.994,0.008,GBM,Glioblastoma,4,FALSE,ZH881,0.994,0.096
zh881t1,APC,TAM_SPP1_lipid,inside,77,-0.240416706955209,-0.846447145305566,0.794,0.208,GBM,Glioblastoma,4,FALSE,ZH881,1,0.624
zh881t1,APC,TAM_SPP1_lipid,ring,268,-0.0778152274914783,-0.496028912524312,0.68,0.322,GBM,Glioblastoma,4,FALSE,ZH881,0.994,0.644
zh881t1,APC,TAM_C1Q,inside,77,-0.0201471302866034,-0.0612363568425705,0.518,0.484,GBM,Glioblastoma,4,FALSE,ZH881,1,0.829714285714286
zh881t1,APC,TAM_C1Q,ring,268,0.0852109996916102,0.438110733108638,0.364,0.638,GBM,Glioblastoma,4,FALSE,ZH881,0.776,0.957
zh881t1,APC,IFNG_response,inside,77,0.240289399699582,1.94905080463747,0.032,0.97,GBM,Glioblastoma,4,FALSE,ZH881,0.096,1
zh881t1,APC,IFNG_response,ring,268,0.0152893033573088,0.273876218551424,0.388,0.614,GBM,Glioblastoma,4,FALSE,ZH881,0.776,0.957
zh881t1,APC,Malignant_CNA,inside,77,-0.968630244257009,-3.415643932239,1,0.002,GBM,Glioblastoma,4,FALSE,ZH881,1,0.024
zh881t1,APC,Malignant_CNA,ring,268,-0.302063807077083,-1.71525657782577,0.948,0.054,GBM,Glioblastoma,4,FALSE,ZH881,0.994,0.216
zh881t1,nonMHC,T_cell,inside,154,0.153279175323035,1.81011360995951,0.048,0.954,GBM,Glioblastoma,4,FALSE,ZH881,0.1152,1
zh881t1,nonMHC,T_cell,ring,432,0.0594130363489302,1.25298169284343,0.122,0.88,GBM,Glioblastoma,4,FALSE,ZH881,0.209142857142857,0.982
zh881t1,nonMHC,Endothelial,inside,154,0.198755681336894,1.53625940436431,0.062,0.94,GBM,Glioblastoma,4,FALSE,ZH881,0.124,1
zh881t1,nonMHC,Endothelial,ring,432,0.0540391263994983,0.671473045832819,0.268,0.734,GBM,Glioblastoma,4,FALSE,ZH881,0.402,0.982
zh881t1,nonMHC,Pericyte,inside,154,0.363579512038728,2.03304344780396,0.026,0.976,GBM,Glioblastoma,4,FALSE,ZH881,0.078,1
zh881t1,nonMHC,Pericyte,ring,432,0.19770840804783,2.15892360901767,0.022,0.98,GBM,Glioblastoma,4,FALSE,ZH881,0.104,0.982
zh881t1,nonMHC,IFN_response,inside,154,0.172222406447488,1.3755147636022,0.092,0.91,GBM,Glioblastoma,4,FALSE,ZH881,0.157714285714286,1
zh881t1,nonMHC,IFN_response,ring,432,-0.0397334066043144,-0.585055053277938,0.714,0.288,GBM,Glioblastoma,4,FALSE,ZH881,0.714,0.982
zh881t1,nonMHC,Hypoxia,inside,154,0.865622216799999,3.16561082773828,0.002,1,GBM,Glioblastoma,4,FALSE,ZH881,0.012,1
zh881t1,nonMHC,Hypoxia,ring,432,0.237574449435479,1.62901029161158,0.06,0.942,GBM,Glioblastoma,4,FALSE,ZH881,0.144,0.982
zh881t1,nonMHC,Inflammation,inside,154,0.88190782960349,5.25094252988865,0.002,1,GBM,Glioblastoma,4,FALSE,ZH881,0.012,1
zh881t1,nonMHC,Inflammation,ring,432,0.210943015610561,2.04579171194501,0.02,0.982,GBM,Glioblastoma,4,FALSE,ZH881,0.104,0.982
zh881t1,nonMHC,TAM_microglia,inside,154,-0.298687625752947,-2.26272224224095,0.986,0.016,GBM,Glioblastoma,4,FALSE,ZH881,0.986,0.192
zh881t1,nonMHC,TAM_microglia,ring,432,-0.0288349602703431,-0.296563566989792,0.616,0.386,GBM,Glioblastoma,4,FALSE,ZH881,0.672,0.982
zh881t1,nonMHC,TAM_monocyte,inside,154,0.263094633008296,2.13398897281323,0.022,0.98,GBM,Glioblastoma,4,FALSE,ZH881,0.078,1
zh881t1,nonMHC,TAM_monocyte,ring,432,0.161714332315041,2.0272257498739,0.026,0.976,GBM,Glioblastoma,4,FALSE,ZH881,0.104,0.982
zh881t1,nonMHC,TAM_SPP1_lipid,inside,154,-0.0154724191679585,-0.0220744786124194,0.498,0.504,GBM,Glioblastoma,4,FALSE,ZH881,0.5976,1
zh881t1,nonMHC,TAM_SPP1_lipid,ring,432,0.0506552461098149,0.496662668165568,0.306,0.696,GBM,Glioblastoma,4,FALSE,ZH881,0.408,0.982
zh881t1,nonMHC,TAM_C1Q,inside,154,0.0439697846196401,0.229610537793495,0.43,0.572,GBM,Glioblastoma,4,FALSE,ZH881,0.573333333333333,1
zh881t1,nonMHC,TAM_C1Q,ring,432,0.184068879285306,1.57622723278317,0.056,0.946,GBM,Glioblastoma,4,FALSE,ZH881,0.144,0.982
zh881t1,nonMHC,IFNG_response,inside,154,0.0987555875941081,1.05682949868027,0.15,0.852,GBM,Glioblastoma,4,FALSE,ZH881,0.225,1
zh881t1,nonMHC,IFNG_response,ring,432,0.0636381015398109,1.27090570623664,0.116,0.886,GBM,Glioblastoma,4,FALSE,ZH881,0.209142857142857,0.982
zh881t1,nonMHC,Malignant_CNA,inside,154,-0.0974517095753187,-0.6756349126881,0.746,0.256,GBM,Glioblastoma,4,FALSE,ZH881,0.813818181818182,1
zh881t1,nonMHC,Malignant_CNA,ring,432,0.027207930288425,0.225090380590363,0.416,0.586,GBM,Glioblastoma,4,FALSE,ZH881,0.4992,0.982
zh916bulk,C1b,T_cell,inside,187,0.191201457506653,1.61441927206201,0.042,0.96,GBM,Glioblastoma,4,FALSE,ZH916,0.063,1
zh916bulk,C1b,T_cell,ring,369,0.125849658568157,1.2619344736896,0.108,0.894,GBM,Glioblastoma,4,FALSE,ZH916,0.536,0.974
zh916bulk,C1b,Endothelial,inside,187,0.373889564262213,2.41074927994243,0.008,0.994,GBM,Glioblastoma,4,FALSE,ZH916,0.0137142857142857,1
zh916bulk,C1b,Endothelial,ring,369,-0.0647294881156939,-0.53313357905911,0.714,0.288,GBM,Glioblastoma,4,FALSE,ZH916,0.766,0.968
zh916bulk,C1b,Pericyte,inside,187,0.459986410843379,2.89352659626383,0.002,1,GBM,Glioblastoma,4,FALSE,ZH916,0.006,1
zh916bulk,C1b,Pericyte,ring,369,-0.0161295286150361,-0.131038563638186,0.546,0.456,GBM,Glioblastoma,4,FALSE,ZH916,0.766,0.968
zh916bulk,C1b,IFN_response,inside,187,0.156343236920879,1.14691298714808,0.126,0.876,GBM,Glioblastoma,4,FALSE,ZH916,0.1512,1
zh916bulk,C1b,IFN_response,ring,369,-0.073374597037602,-0.793494126705895,0.766,0.236,GBM,Glioblastoma,4,FALSE,ZH916,0.766,0.968
zh916bulk,C1b,Hypoxia,inside,187,0.014621243943188,0.0484951093437068,0.466,0.536,GBM,Glioblastoma,4,FALSE,ZH916,0.508363636363636,1
zh916bulk,C1b,Hypoxia,ring,369,0.0341495374449172,0.200203853709818,0.422,0.58,GBM,Glioblastoma,4,FALSE,ZH916,0.766,0.974
zh916bulk,C1b,Inflammation,inside,187,0.533392989538134,2.50495877696288,0.004,0.998,GBM,Glioblastoma,4,FALSE,ZH916,0.0096,1
zh916bulk,C1b,Inflammation,ring,369,9.36809617184231e-05,-0.028461491853444,0.518,0.484,GBM,Glioblastoma,4,FALSE,ZH916,0.766,0.968
zh916bulk,C1b,TAM_microglia,inside,187,0.509573147784622,3.94975668864716,0.002,1,GBM,Glioblastoma,4,FALSE,ZH916,0.006,1
zh916bulk,C1b,TAM_microglia,ring,369,0.0605897524956089,0.721060216800988,0.242,0.76,GBM,Glioblastoma,4,FALSE,ZH916,0.5808,0.974
zh916bulk,C1b,TAM_monocyte,inside,187,0.507400261433724,3.57808847655016,0.002,1,GBM,Glioblastoma,4,FALSE,ZH916,0.006,1
zh916bulk,C1b,TAM_monocyte,ring,369,-0.0586601219886488,-0.627707943536769,0.718,0.284,GBM,Glioblastoma,4,FALSE,ZH916,0.766,0.968
zh916bulk,C1b,TAM_SPP1_lipid,inside,187,0.238414115051156,1.45161584422171,0.068,0.934,GBM,Glioblastoma,4,FALSE,ZH916,0.0906666666666667,1
zh916bulk,C1b,TAM_SPP1_lipid,ring,369,0.231581951692257,1.96208346675167,0.028,0.974,GBM,Glioblastoma,4,FALSE,ZH916,0.336,0.974
zh916bulk,C1b,TAM_C1Q,inside,187,0.686978318286759,4.29324591516592,0.002,1,GBM,Glioblastoma,4,FALSE,ZH916,0.006,1
zh916bulk,C1b,TAM_C1Q,ring,369,0.0873249687047951,0.826499804149984,0.198,0.804,GBM,Glioblastoma,4,FALSE,ZH916,0.5808,0.974
zh916bulk,C1b,IFNG_response,inside,187,0.348739412188517,2.71305453513836,0.006,0.996,GBM,Glioblastoma,4,FALSE,ZH916,0.012,1
zh916bulk,C1b,IFNG_response,ring,369,-0.0469525558449697,-0.466587846682137,0.634,0.368,GBM,Glioblastoma,4,FALSE,ZH916,0.766,0.968
zh916bulk,C1b,Malignant_CNA,inside,187,-0.105181664639377,-0.465685049677497,0.668,0.334,GBM,Glioblastoma,4,FALSE,ZH916,0.668,1
zh916bulk,C1b,Malignant_CNA,ring,369,0.170249885794365,1.07767248131995,0.134,0.868,GBM,Glioblastoma,4,FALSE,ZH916,0.536,0.974
zh916bulk,APC,T_cell,inside,185,0.427666077817199,2.39055345558453,0.004,0.998,GBM,Glioblastoma,4,FALSE,ZH916,0.024,1
zh916bulk,APC,T_cell,ring,439,-0.0414094322443404,-0.57563722441355,0.714,0.288,GBM,Glioblastoma,4,FALSE,ZH916,1,0.432
zh916bulk,APC,Endothelial,inside,185,0.51003747361086,2.88561496358035,0.002,1,GBM,Glioblastoma,4,FALSE,ZH916,0.024,1
zh916bulk,APC,Endothelial,ring,439,0.163071074168526,1.86025708862163,0.026,0.976,GBM,Glioblastoma,4,FALSE,ZH916,0.156,0.998
zh916bulk,APC,Pericyte,inside,185,0.223998403180837,1.38394766721375,0.066,0.936,GBM,Glioblastoma,4,FALSE,ZH916,0.164,1
zh916bulk,APC,Pericyte,ring,439,0.0827143822152627,0.843661075580919,0.198,0.804,GBM,Glioblastoma,4,FALSE,ZH916,0.594,0.998
zh916bulk,APC,IFN_response,inside,185,0.0766602635407188,0.790387528399868,0.238,0.764,GBM,Glioblastoma,4,FALSE,ZH916,0.408,1
zh916bulk,APC,IFN_response,ring,439,-0.0519079034084807,-0.558057186675781,0.722,0.28,GBM,Glioblastoma,4,FALSE,ZH916,1,0.432
zh916bulk,APC,Hypoxia,inside,185,-0.679807787642265,-1.90558018526546,0.992,0.01,GBM,Glioblastoma,4,FALSE,ZH916,1,0.048
zh916bulk,APC,Hypoxia,ring,439,-0.55578352580955,-2.71032006433071,0.998,0.004,GBM,Glioblastoma,4,FALSE,ZH916,1,0.016
zh916bulk,APC,Inflammation,inside,185,-0.516853541455506,-1.931394769775,0.986,0.016,GBM,Glioblastoma,4,FALSE,ZH916,1,0.048
zh916bulk,APC,Inflammation,ring,439,-0.437727836447819,-2.70268395653633,0.998,0.004,GBM,Glioblastoma,4,FALSE,ZH916,1,0.016
zh916bulk,APC,TAM_microglia,inside,185,0.224090398543997,1.4576190578526,0.082,0.92,GBM,Glioblastoma,4,FALSE,ZH916,0.164,1
zh916bulk,APC,TAM_microglia,ring,439,0.0979028602935733,1.28393270536554,0.092,0.91,GBM,Glioblastoma,4,FALSE,ZH916,0.368,0.998
zh916bulk,APC,TAM_monocyte,inside,185,-0.242342227213622,-1.36945986708517,0.914,0.088,GBM,Glioblastoma,4,FALSE,ZH916,1,0.2112
zh916bulk,APC,TAM_monocyte,ring,439,-0.207446525349216,-2.36542408159656,0.994,0.008,GBM,Glioblastoma,4,FALSE,ZH916,1,0.024
zh916bulk,APC,TAM_SPP1_lipid,inside,185,-0.338151664497743,-2.1186387514579,0.99,0.012,GBM,Glioblastoma,4,FALSE,ZH916,1,0.048
zh916bulk,APC,TAM_SPP1_lipid,ring,439,-0.162867780147727,-1.66421716258196,0.96,0.042,GBM,Glioblastoma,4,FALSE,ZH916,1,0.084
zh916bulk,APC,TAM_C1Q,inside,185,0.280022030065391,1.4908411884963,0.076,0.926,GBM,Glioblastoma,4,FALSE,ZH916,0.164,1
zh916bulk,APC,TAM_C1Q,ring,439,0.265020615123383,2.5337237716472,0.004,0.998,GBM,Glioblastoma,4,FALSE,ZH916,0.048,0.998
zh916bulk,APC,IFNG_response,inside,185,0.156798812420168,1.54843206373856,0.068,0.934,GBM,Glioblastoma,4,FALSE,ZH916,0.164,1
zh916bulk,APC,IFNG_response,ring,439,-0.138954285456988,-1.86444119297284,0.972,0.03,GBM,Glioblastoma,4,FALSE,ZH916,1,0.072
zh916bulk,APC,Malignant_CNA,inside,185,-0.795897077895465,-3.0702478379012,1,0.002,GBM,Glioblastoma,4,FALSE,ZH916,1,0.024
zh916bulk,APC,Malignant_CNA,ring,439,-0.466698169285344,-3.46572563787693,1,0.002,GBM,Glioblastoma,4,FALSE,ZH916,1,0.016
zh916bulk,nonMHC,T_cell,inside,190,-0.108614536445896,-0.679661441985764,0.74,0.262,GBM,Glioblastoma,4,FALSE,ZH916,0.99,0.6288
zh916bulk,nonMHC,T_cell,ring,250,-0.0777571564542637,-0.629188692496943,0.722,0.28,GBM,Glioblastoma,4,FALSE,ZH916,0.8664,1
zh916bulk,nonMHC,Endothelial,inside,190,-0.397532787298798,-2.18986167612845,0.99,0.012,GBM,Glioblastoma,4,FALSE,ZH916,0.99,0.144
zh916bulk,nonMHC,Endothelial,ring,250,-0.0322056142020063,-0.26200244751187,0.612,0.39,GBM,Glioblastoma,4,FALSE,ZH916,0.816,1
zh916bulk,nonMHC,Pericyte,inside,190,-0.203432835564426,-1.09755341074766,0.856,0.146,GBM,Glioblastoma,4,FALSE,ZH916,0.99,0.438
zh916bulk,nonMHC,Pericyte,ring,250,0.0508002471869551,0.434056205994169,0.348,0.654,GBM,Glioblastoma,4,FALSE,ZH916,0.522,1
zh916bulk,nonMHC,IFN_response,inside,190,0.167073801256521,0.890521297805415,0.188,0.814,GBM,Glioblastoma,4,FALSE,ZH916,0.322285714285714,1
zh916bulk,nonMHC,IFN_response,ring,250,0.255819808037283,2.02906331583607,0.028,0.974,GBM,Glioblastoma,4,FALSE,ZH916,0.084,1
zh916bulk,nonMHC,Hypoxia,inside,190,1.4528417616497,4.05867631454947,0.002,1,GBM,Glioblastoma,4,FALSE,ZH916,0.012,1
zh916bulk,nonMHC,Hypoxia,ring,250,0.711323713722007,2.55185159088653,0.004,0.998,GBM,Glioblastoma,4,FALSE,ZH916,0.024,1
zh916bulk,nonMHC,Inflammation,inside,190,1.26369530288898,4.57929593943516,0.002,1,GBM,Glioblastoma,4,FALSE,ZH916,0.012,1
zh916bulk,nonMHC,Inflammation,ring,250,0.597742900727532,2.78801023939323,0.002,1,GBM,Glioblastoma,4,FALSE,ZH916,0.024,1
zh916bulk,nonMHC,TAM_microglia,inside,190,-0.15832382333313,-1.13358599316207,0.878,0.124,GBM,Glioblastoma,4,FALSE,ZH916,0.99,0.438
zh916bulk,nonMHC,TAM_microglia,ring,250,-0.145884304363533,-1.36250208881463,0.92,0.082,GBM,Glioblastoma,4,FALSE,ZH916,0.964,0.492
zh916bulk,nonMHC,TAM_monocyte,inside,190,0.407332375065418,2.3082992142033,0.006,0.996,GBM,Glioblastoma,4,FALSE,ZH916,0.018,1
zh916bulk,nonMHC,TAM_monocyte,ring,250,0.327254721224385,2.26284792977645,0.012,0.99,GBM,Glioblastoma,4,FALSE,ZH916,0.048,1
zh916bulk,nonMHC,TAM_SPP1_lipid,inside,190,0.215184762311853,1.24782695312987,0.11,0.892,GBM,Glioblastoma,4,FALSE,ZH916,0.22,1
zh916bulk,nonMHC,TAM_SPP1_lipid,ring,250,0.0750559452632799,0.51581843140785,0.288,0.714,GBM,Glioblastoma,4,FALSE,ZH916,0.493714285714286,1
zh916bulk,nonMHC,TAM_C1Q,inside,190,-0.361133195533056,-1.52584633305939,0.942,0.06,GBM,Glioblastoma,4,FALSE,ZH916,0.99,0.36
zh916bulk,nonMHC,TAM_C1Q,ring,250,-0.241143418036917,-1.78672332325389,0.964,0.038,GBM,Glioblastoma,4,FALSE,ZH916,0.964,0.456
zh916bulk,nonMHC,IFNG_response,inside,190,0.226389502603639,1.82064316840318,0.038,0.964,GBM,Glioblastoma,4,FALSE,ZH916,0.0912,1
zh916bulk,nonMHC,IFNG_response,ring,250,0.18881049172659,1.62597426276188,0.048,0.954,GBM,Glioblastoma,4,FALSE,ZH916,0.1152,1
zh916bulk,nonMHC,Malignant_CNA,inside,190,0.716493284208472,2.50672654777883,0.006,0.996,GBM,Glioblastoma,4,FALSE,ZH916,0.018,1
zh916bulk,nonMHC,Malignant_CNA,ring,250,0.294781039715343,1.46765648489262,0.064,0.938,GBM,Glioblastoma,4,FALSE,ZH916,0.128,1
zh916inf,C1b,T_cell,inside,20,0.583216256319205,2.4817519684733,0.004,0.998,GBM,Glioblastoma,4,FALSE,ZH916,0.016,1
zh916inf,C1b,T_cell,ring,129,0.104803074392433,1.28691169362966,0.1,0.902,GBM,Glioblastoma,4,FALSE,ZH916,0.204,0.986
zh916inf,C1b,Endothelial,inside,20,0.465012527811226,1.86080006325516,0.028,0.974,GBM,Glioblastoma,4,FALSE,ZH916,0.0672,1
zh916inf,C1b,Endothelial,ring,129,0.057394779768423,0.563197639729431,0.278,0.724,GBM,Glioblastoma,4,FALSE,ZH916,0.370666666666667,0.986
zh916inf,C1b,Pericyte,inside,20,0.324274977018978,1.39219135689709,0.084,0.918,GBM,Glioblastoma,4,FALSE,ZH916,0.168,1
zh916inf,C1b,Pericyte,ring,129,0.113239168225369,1.28715268653959,0.102,0.9,GBM,Glioblastoma,4,FALSE,ZH916,0.204,0.986
zh916inf,C1b,IFN_response,inside,20,0.105968887143804,0.44920840277023,0.312,0.69,GBM,Glioblastoma,4,FALSE,ZH916,0.534857142857143,1
zh916inf,C1b,IFN_response,ring,129,-0.00430617219300795,-0.020156612721801,0.518,0.484,GBM,Glioblastoma,4,FALSE,ZH916,0.565090909090909,0.986
zh916inf,C1b,Hypoxia,inside,20,-0.162161874277229,-0.761709744644432,0.776,0.226,GBM,Glioblastoma,4,FALSE,ZH916,0.776,1
zh916inf,C1b,Hypoxia,ring,129,0.0596150077901389,0.639434590676736,0.276,0.726,GBM,Glioblastoma,4,FALSE,ZH916,0.370666666666667,0.986
zh916inf,C1b,Inflammation,inside,20,0.00384686082063104,-0.0152872592092292,0.494,0.508,GBM,Glioblastoma,4,FALSE,ZH916,0.658666666666667,1
zh916inf,C1b,Inflammation,ring,129,-0.198969142697213,-0.543525998963886,0.7,0.302,GBM,Glioblastoma,4,FALSE,ZH916,0.7,0.986
zh916inf,C1b,TAM_microglia,inside,20,0.770618344048397,2.89826892900822,0.002,1,GBM,Glioblastoma,4,FALSE,ZH916,0.012,1
zh916inf,C1b,TAM_microglia,ring,129,0.290938252094257,1.90375568691803,0.018,0.984,GBM,Glioblastoma,4,FALSE,ZH916,0.108,0.986
zh916inf,C1b,TAM_monocyte,inside,20,-0.11628006679957,-0.425852560006158,0.676,0.326,GBM,Glioblastoma,4,FALSE,ZH916,0.737454545454546,1
zh916inf,C1b,TAM_monocyte,ring,129,0.00196628413922542,0.0476935146056314,0.49,0.512,GBM,Glioblastoma,4,FALSE,ZH916,0.565090909090909,0.986
zh916inf,C1b,TAM_SPP1_lipid,inside,20,0.548065872575833,1.98360759333201,0.024,0.978,GBM,Glioblastoma,4,FALSE,ZH916,0.0672,1
zh916inf,C1b,TAM_SPP1_lipid,ring,129,0.272036243847142,1.40535926493242,0.096,0.906,GBM,Glioblastoma,4,FALSE,ZH916,0.204,0.986
zh916inf,C1b,TAM_C1Q,inside,20,0.998664114026622,3.42016211099904,0.002,1,GBM,Glioblastoma,4,FALSE,ZH916,0.012,1
zh916inf,C1b,TAM_C1Q,ring,129,0.318685955958732,1.55369520000444,0.058,0.944,GBM,Glioblastoma,4,FALSE,ZH916,0.204,0.986
zh916inf,C1b,IFNG_response,inside,20,-0.08986156652694,-0.36436607151725,0.646,0.356,GBM,Glioblastoma,4,FALSE,ZH916,0.737454545454546,1
zh916inf,C1b,IFNG_response,ring,129,0.0989168859032654,1.09359878632844,0.15,0.852,GBM,Glioblastoma,4,FALSE,ZH916,0.257142857142857,0.986
zh916inf,C1b,Malignant_CNA,inside,20,0.0527217977476503,0.253845086444342,0.396,0.606,GBM,Glioblastoma,4,FALSE,ZH916,0.594,1
zh916inf,C1b,Malignant_CNA,ring,129,0.297616775543767,2.04097488112175,0.016,0.986,GBM,Glioblastoma,4,FALSE,ZH916,0.108,0.986
zh916t1,C1b,T_cell,inside,359,0.0938627005830852,1.18767471561911,0.112,0.89,GBM,Glioblastoma,4,FALSE,ZH916,0.224,1
zh916t1,C1b,T_cell,ring,354,0.108493523585246,1.53565960485197,0.054,0.948,GBM,Glioblastoma,4,FALSE,ZH916,0.156,1
zh916t1,C1b,Endothelial,inside,359,0.103869683793375,0.741419180741571,0.244,0.758,GBM,Glioblastoma,4,FALSE,ZH916,0.366,1
zh916t1,C1b,Endothelial,ring,354,0.157746789795697,1.50757317480253,0.066,0.936,GBM,Glioblastoma,4,FALSE,ZH916,0.156,1
zh916t1,C1b,Pericyte,inside,359,0.139747323846324,0.760385371275759,0.23,0.772,GBM,Glioblastoma,4,FALSE,ZH916,0.366,1
zh916t1,C1b,Pericyte,ring,354,0.198244693216484,1.42573137601189,0.078,0.924,GBM,Glioblastoma,4,FALSE,ZH916,0.156,1
zh916t1,C1b,IFN_response,inside,359,0.195907561669701,2.06655630150881,0.02,0.982,GBM,Glioblastoma,4,FALSE,ZH916,0.06,1
zh916t1,C1b,IFN_response,ring,354,0.242103392576999,3.05189540040735,0.002,1,GBM,Glioblastoma,4,FALSE,ZH916,0.012,1
zh916t1,C1b,Hypoxia,inside,359,-0.29607994543007,-1.11239244793409,0.858,0.144,GBM,Glioblastoma,4,FALSE,ZH916,0.936,0.864
zh916t1,C1b,Hypoxia,ring,354,-0.300320726527076,-1.61446462922896,0.932,0.07,GBM,Glioblastoma,4,FALSE,ZH916,0.996,0.42
zh916t1,C1b,Inflammation,inside,359,0.438911543043712,2.65522913735651,0.004,0.998,GBM,Glioblastoma,4,FALSE,ZH916,0.016,1
zh916t1,C1b,Inflammation,ring,354,-0.0675216636257336,-0.777526676658456,0.784,0.218,GBM,Glioblastoma,4,FALSE,ZH916,0.9672,0.654
zh916t1,C1b,TAM_microglia,inside,359,0.644471470791179,3.68127424139417,0.002,1,GBM,Glioblastoma,4,FALSE,ZH916,0.012,1
zh916t1,C1b,TAM_microglia,ring,354,0.163941733983081,1.52624276406067,0.056,0.946,GBM,Glioblastoma,4,FALSE,ZH916,0.156,1
zh916t1,C1b,TAM_monocyte,inside,359,0.00605213179700304,0.0383376220808828,0.48,0.522,GBM,Glioblastoma,4,FALSE,ZH916,0.64,1
zh916t1,C1b,TAM_monocyte,ring,354,0.0485449823654404,0.555808019562609,0.298,0.704,GBM,Glioblastoma,4,FALSE,ZH916,0.510857142857143,1
zh916t1,C1b,TAM_SPP1_lipid,inside,359,-0.0235082335928698,-0.105637446553955,0.552,0.45,GBM,Glioblastoma,4,FALSE,ZH916,0.6624,1
zh916t1,C1b,TAM_SPP1_lipid,ring,354,-0.10776730344896,-0.898364436996807,0.806,0.196,GBM,Glioblastoma,4,FALSE,ZH916,0.9672,0.654
zh916t1,C1b,TAM_C1Q,inside,359,0.847332429814418,4.29936465786462,0.002,1,GBM,Glioblastoma,4,FALSE,ZH916,0.012,1
zh916t1,C1b,TAM_C1Q,ring,354,0.469956450418825,3.70315376627684,0.002,1,GBM,Glioblastoma,4,FALSE,ZH916,0.012,1
zh916t1,C1b,IFNG_response,inside,359,0.10916487480851,1.85397623291124,0.03,0.972,GBM,Glioblastoma,4,FALSE,ZH916,0.072,1
zh916t1,C1b,IFNG_response,ring,354,0.0120546198476375,0.240827671043187,0.392,0.61,GBM,Glioblastoma,4,FALSE,ZH916,0.588,1
zh916t1,C1b,Malignant_CNA,inside,359,-0.371702172993308,-2.01415748086046,0.98,0.022,GBM,Glioblastoma,4,FALSE,ZH916,0.98,0.264
zh916t1,C1b,Malignant_CNA,ring,354,-0.307828561176118,-2.35745023493648,0.996,0.006,GBM,Glioblastoma,4,FALSE,ZH916,0.996,0.072
zh916t1,APC,T_cell,inside,46,0.906148876837323,4.68349878145335,0.002,1,GBM,Glioblastoma,4,FALSE,ZH916,0.008,1
zh916t1,APC,T_cell,ring,212,0.114746206473865,1.14889434708374,0.126,0.876,GBM,Glioblastoma,4,FALSE,ZH916,0.3024,1
zh916t1,APC,Endothelial,inside,46,0.858085369786395,2.90893503944799,0.004,0.998,GBM,Glioblastoma,4,FALSE,ZH916,0.012,1
zh916t1,APC,Endothelial,ring,212,0.482504929302435,3.54577511018953,0.002,1,GBM,Glioblastoma,4,FALSE,ZH916,0.008,1
zh916t1,APC,Pericyte,inside,46,0.980750938201984,2.70096611991138,0.002,1,GBM,Glioblastoma,4,FALSE,ZH916,0.008,1
zh916t1,APC,Pericyte,ring,212,0.576564758103476,3.56148703728341,0.002,1,GBM,Glioblastoma,4,FALSE,ZH916,0.008,1
zh916t1,APC,IFN_response,inside,46,0.920049161419354,3.63299493719797,0.002,1,GBM,Glioblastoma,4,FALSE,ZH916,0.008,1
zh916t1,APC,IFN_response,ring,212,0.116087650317738,0.931481334066885,0.178,0.824,GBM,Glioblastoma,4,FALSE,ZH916,0.305142857142857,1
zh916t1,APC,Hypoxia,inside,46,-0.387506905822339,-0.976996528145441,0.832,0.17,GBM,Glioblastoma,4,FALSE,ZH916,1,0.4992
zh916t1,APC,Hypoxia,ring,212,-0.389906431261907,-1.89221574734327,0.962,0.04,GBM,Glioblastoma,4,FALSE,ZH916,1,0.12
zh916t1,APC,Inflammation,inside,46,-0.644830694296798,-2.40627408578354,0.992,0.01,GBM,Glioblastoma,4,FALSE,ZH916,1,0.04
zh916t1,APC,Inflammation,ring,212,-0.444632443542006,-3.08413731613387,1,0.002,GBM,Glioblastoma,4,FALSE,ZH916,1,0.008
zh916t1,APC,TAM_microglia,inside,46,-0.207961577504771,-0.839329785144478,0.794,0.208,GBM,Glioblastoma,4,FALSE,ZH916,1,0.4992
zh916t1,APC,TAM_microglia,ring,212,0.0324525150991228,0.231268479913343,0.412,0.59,GBM,Glioblastoma,4,FALSE,ZH916,0.618,1
zh916t1,APC,TAM_monocyte,inside,46,0.296874972077338,1.39616930784427,0.082,0.92,GBM,Glioblastoma,4,FALSE,ZH916,0.1968,1
zh916t1,APC,TAM_monocyte,ring,212,0.245899449940889,2.37781312812918,0.008,0.994,GBM,Glioblastoma,4,FALSE,ZH916,0.024,1
zh916t1,APC,TAM_SPP1_lipid,inside,46,-0.955221600160893,-3.24435482026246,1,0.002,GBM,Glioblastoma,4,FALSE,ZH916,1,0.012
zh916t1,APC,TAM_SPP1_lipid,ring,212,-0.434098257613821,-3.25659975419902,1,0.002,GBM,Glioblastoma,4,FALSE,ZH916,1,0.008
zh916t1,APC,TAM_C1Q,inside,46,0.340473504693543,1.19100432412514,0.13,0.872,GBM,Glioblastoma,4,FALSE,ZH916,0.222857142857143,1
zh916t1,APC,TAM_C1Q,ring,212,0.148410184678996,0.877057876867107,0.172,0.83,GBM,Glioblastoma,4,FALSE,ZH916,0.305142857142857,1
zh916t1,APC,IFNG_response,inside,46,0.194937778296088,1.21217580474076,0.104,0.898,GBM,Glioblastoma,4,FALSE,ZH916,0.208,1
zh916t1,APC,IFNG_response,ring,212,0.219099774744858,2.85063687828825,0.002,1,GBM,Glioblastoma,4,FALSE,ZH916,0.008,1
zh916t1,APC,Malignant_CNA,inside,46,-1.05298719415063,-3.17738463380504,1,0.002,GBM,Glioblastoma,4,FALSE,ZH916,1,0.012
zh916t1,APC,Malignant_CNA,ring,212,-0.640803099149869,-4.15193535902685,1,0.002,GBM,Glioblastoma,4,FALSE,ZH916,1,0.008
zh916t1,nonMHC,T_cell,inside,71,0.276762285236252,1.78877541596317,0.03,0.972,GBM,Glioblastoma,4,FALSE,ZH916,0.09,1
zh916t1,nonMHC,T_cell,ring,264,0.219666248300991,1.97194843676472,0.02,0.982,GBM,Glioblastoma,4,FALSE,ZH916,0.06,1
zh916t1,nonMHC,Endothelial,inside,71,0.244284022206622,0.967238427633601,0.188,0.814,GBM,Glioblastoma,4,FALSE,ZH916,0.297,1
zh916t1,nonMHC,Endothelial,ring,264,0.430359947728888,2.40574456122372,0.004,0.998,GBM,Glioblastoma,4,FALSE,ZH916,0.024,1
zh916t1,nonMHC,Pericyte,inside,71,0.294490504166851,0.883493469730046,0.198,0.804,GBM,Glioblastoma,4,FALSE,ZH916,0.297,1
zh916t1,nonMHC,Pericyte,ring,264,0.480819102922839,2.06389493914789,0.012,0.99,GBM,Glioblastoma,4,FALSE,ZH916,0.048,1
zh916t1,nonMHC,IFN_response,inside,71,0.362271089206329,2.13876048764544,0.026,0.976,GBM,Glioblastoma,4,FALSE,ZH916,0.09,1
zh916t1,nonMHC,IFN_response,ring,264,0.120184831883893,0.995626497654959,0.164,0.838,GBM,Glioblastoma,4,FALSE,ZH916,0.281142857142857,1
zh916t1,nonMHC,Hypoxia,inside,71,0.724485308464645,1.99696382246484,0.018,0.984,GBM,Glioblastoma,4,FALSE,ZH916,0.09,1
zh916t1,nonMHC,Hypoxia,ring,264,0.457390158120052,1.77591771586323,0.048,0.954,GBM,Glioblastoma,4,FALSE,ZH916,0.1152,1
zh916t1,nonMHC,Inflammation,inside,71,0.25006427430729,1.18032681620762,0.126,0.876,GBM,Glioblastoma,4,FALSE,ZH916,0.252,1
zh916t1,nonMHC,Inflammation,ring,264,-0.244403932008756,-1.50738247950327,0.938,0.064,GBM,Glioblastoma,4,FALSE,ZH916,1,0.256
zh916t1,nonMHC,TAM_microglia,inside,71,-0.000150524060386959,0.0801609856050664,0.47,0.532,GBM,Glioblastoma,4,FALSE,ZH916,0.536727272727273,1
zh916t1,nonMHC,TAM_microglia,ring,264,-0.0779539433451809,-0.536905825391875,0.7,0.302,GBM,Glioblastoma,4,FALSE,ZH916,0.933333333333333,0.906
zh916t1,nonMHC,TAM_monocyte,inside,71,0.799195642232832,3.38955130446917,0.002,1,GBM,Glioblastoma,4,FALSE,ZH916,0.024,1
zh916t1,nonMHC,TAM_monocyte,ring,264,0.459218744229176,3.47183184387173,0.002,1,GBM,Glioblastoma,4,FALSE,ZH916,0.024,1
zh916t1,nonMHC,TAM_SPP1_lipid,inside,71,-0.0113019876777212,-0.0298967991729845,0.492,0.51,GBM,Glioblastoma,4,FALSE,ZH916,0.536727272727273,1
zh916t1,nonMHC,TAM_SPP1_lipid,ring,264,-0.46846741254596,-2.44338006526622,0.998,0.004,GBM,Glioblastoma,4,FALSE,ZH916,1,0.024
zh916t1,nonMHC,TAM_C1Q,inside,71,0.311780279390115,1.34212143807366,0.108,0.894,GBM,Glioblastoma,4,FALSE,ZH916,0.252,1
zh916t1,nonMHC,TAM_C1Q,ring,264,0.17141393286628,1.04335160663165,0.138,0.864,GBM,Glioblastoma,4,FALSE,ZH916,0.276,1
zh916t1,nonMHC,IFNG_response,inside,71,0.0234029884040909,0.268538878499254,0.388,0.614,GBM,Glioblastoma,4,FALSE,ZH916,0.517333333333333,1
zh916t1,nonMHC,IFNG_response,ring,264,0.0359831110937772,0.538390705471648,0.29,0.712,GBM,Glioblastoma,4,FALSE,ZH916,0.435,1
zh916t1,nonMHC,Malignant_CNA,inside,71,-0.700314090639077,-2.30506023215271,0.996,0.006,GBM,Glioblastoma,4,FALSE,ZH916,0.996,0.072
zh916t1,nonMHC,Malignant_CNA,ring,264,-0.623485694198574,-2.8030431711485,1,0.002,GBM,Glioblastoma,4,FALSE,ZH916,1,0.024
