sample_id,gene,feature,detected,mean_lognorm,frac_spots
mgh258,LYZ,LYZ,TRUE,0.0627076247047119,0.0501367365542388
mgh258,VIM,VIM,TRUE,3.18808417281991,0.992251595259799
mgh258,AREG,,FALSE,,
mgh258,HLA-DPB1,HLA-DPB1,TRUE,1.39692442965893,0.807201458523245
mgh258,CD163,CD163,TRUE,0.0268678579290567,0.0255241567912489
mgh258,LGALS3,LGALS3,TRUE,0.632110321369453,0.466727438468551
mgh258,HLA-DQA1,HLA-DQA1,TRUE,0.368452048453325,0.291248860528715
mgh258,S100A4,S100A4,TRUE,0.256939468014406,0.214676390154968
mgh258,HLA-DPA1,HLA-DPA1,TRUE,1.93607810747026,0.937556973564266
mgh258,S100A6,S100A6,TRUE,2.78997472492381,0.989061075660893
mgh258,HLA-DRB1,HLA-DRB1,TRUE,1.25799672006635,0.76253418413856
mgh258,ANXA1,ANXA1,TRUE,0.497647747092697,0.392433910665451
mgh258,HLA-DQB1,HLA-DQB1,TRUE,0.524586458451217,0.389699179580675
mgh258,HLA-DRA,HLA-DRA,TRUE,2.30287032989328,0.963992707383774
mgh258,SLC40A1,SLC40A1,TRUE,0.353859077093093,0.291248860528715
mgh258,MS4A6A,MS4A6A,TRUE,0.389832773563598,0.306289881494986
mgh258,TGFBI,TGFBI,TRUE,0.621801619465368,0.455332725615315
mgh258,LGALS1,LGALS1,TRUE,2.2471018204459,0.964904284412033
mgh258,CD74,CD74,TRUE,2.81941857408885,0.995897903372835
mgh258,MRC1,MRC1,TRUE,0.0080613673699672,0.00774840474020055
mgh258,CST3,CST3,TRUE,2.94343795529673,0.982680036463081
mgh258,ARL4C,ARL4C,TRUE,0.16721555037236,0.144940747493163
mgh258,ANXA2,ANXA2,TRUE,0.818225101659163,0.581130355515041
mgh258,CTSD,CTSD,TRUE,1.53768382589122,0.846399270738377
mgh258,S100A10,S100A10,TRUE,0.924010993279398,0.587967183226983
mgh258,MS4A4A,MS4A4A,TRUE,0.137784734653023,0.116226071103008
mgh258,FGL2,FGL2,TRUE,0.20310530798225,0.170009115770283
mgh258,CD44,CD44,TRUE,0.79468218802563,0.552415679124886
mgh258,AHR,AHR,TRUE,0.0230426114338037,0.0218778486782133
mgh258,AHNAK,AHNAK,TRUE,0.192119016239265,0.164995442114859
mgh258,CSTA,CSTA,TRUE,0.0884271200769855,0.0742935278030994
mgh258,CD48,CD48,TRUE,0.0335094278093701,0.0268915223336372
mgh258,IQGAP1,IQGAP1,TRUE,0.299355358278441,0.256153144940748
mgh258,NAMPT,NAMPT,TRUE,0.556848652307179,0.425250683682771
mgh258,FCHO2,FCHO2,TRUE,0.0661167614095092,0.0619872379216044
mgh258,MPEG1,MPEG1,TRUE,0.0546237322815514,0.0469462169553327
mgh258,EMP3,EMP3,TRUE,0.963256952078547,0.657247037374658
mgh258,HLA-DMA,HLA-DMA,TRUE,0.556269333747839,0.416590701914312
mgh258,FILIP1L,FILIP1L,TRUE,0.0455007526921435,0.0423883318140383
mgh258,SH3BP5,SH3BP5,TRUE,0.0765800950482156,0.0679124886052871
mgh258,FXYD5,FXYD5,TRUE,0.385561871087643,0.306289881494986
mgh258,GRN,GRN,TRUE,0.926252031996887,0.641294439380128
mgh258,LITAF,LITAF,TRUE,0.466039496213774,0.357793983591614
mgh258,CTSS,CTSS,TRUE,0.536539439598508,0.404740200546946
mgh258,CFD,CFD,TRUE,0.0652247992476536,0.0546946216955333
mgh258,STAB1,STAB1,TRUE,0.141915897226091,0.123974475843209
mgh258,IFITM3,IFITM3,TRUE,1.95931980243819,0.900638103919781
mgh258,ARHGAP18,ARHGAP18,TRUE,0.123620025488118,0.109389243391067
mgh258,NPC2,NPC2,TRUE,1.53621666205351,0.861440291704649
mgh258,DAB2,DAB2,TRUE,0.187247302282562,0.154968094804011
mgh258,TXNIP,TXNIP,TRUE,0.628441011293373,0.473108477666363
mgh258,TXN,TXN,TRUE,1.2244237987804,0.758887876025524
mgh258,BTG1,BTG1,TRUE,0.388101810953412,0.323154056517776
mgh258,FNBP1,FNBP1,TRUE,0.150838261851044,0.130355515041021
mgh258,AP1S2,AP1S2,TRUE,0.334774224906597,0.273473108477666
mgh258,PSAP,PSAP,TRUE,2.61303802719185,0.98359161349134
mgh258,CD68,CD68,TRUE,0.663772906502081,0.465360072926162
mgh258,BLVRB,BLVRB,TRUE,0.361759937723479,0.300364630811304
mgh258,RNF144B,RNF144B,TRUE,0.0429531403007475,0.0373746581586144
mgh258,YBX1,YBX1,TRUE,1.13909064094682,0.733363719234275
mgh258,C1orf162,C1orf162,TRUE,0.168390970228764,0.143117593436645
mgh258,CHPT1,CHPT1,TRUE,0.334418717728317,0.282133090246126
mgh258,TMSB10,TMSB10,TRUE,3.51223607723954,0.999088422971741
mgh258,GPR183,GPR183,TRUE,0.0415689312091289,0.0364630811303555
mgh258,BRI3,BRI3,TRUE,0.635056790433953,0.476298997265269
mgh258,RPS18,RPS18,TRUE,3.21307405383168,0.997721057429353
mgh258,HEXA,HEXA,TRUE,0.297327000108459,0.249316317228806
mgh258,FCGRT,FCGRT,TRUE,0.583350090212709,0.455332725615315
mgh258,RNASE6,RNASE6,TRUE,0.162645347338057,0.141750227894257
mgh258,TNFAIP3,TNFAIP3,TRUE,0.0273274545873375,0.0232452142206016
mgh258,SDCBP,SDCBP,TRUE,0.947249077511274,0.653600729261623
mgh258,HLA-DMB,HLA-DMB,TRUE,0.589497827807647,0.435733819507748
mgh258,PPDPF,PPDPF,TRUE,0.933125729858791,0.638559708295351
mgh258,RPS2,RPS2,TRUE,3.04543593635945,0.995897903372835
mgh258,RPS13,RPS13,TRUE,2.58262384724206,0.984047402005469
mgh258,HLA-DOA,HLA-DOA,TRUE,0.20806974927432,0.169553327256153
mgh258,GSTP1,GSTP1,TRUE,1.84192354031991,0.906107566089334
mgh258,PTMA,PTMA,TRUE,2.15703709791574,0.954876937101185
mgh258,PHLDA1,PHLDA1,TRUE,0.854301028554001,0.594804010938924
mgh258,CARD16,CARD16,TRUE,0.348976698776974,0.290337283500456
mgh258,PPA1,PPA1,TRUE,0.531620855586665,0.414767547857794
mgh258,FTH1,FTH1,TRUE,3.63113378648237,1
mgh258,MARCH1,MARCH1,TRUE,0.096386370739465,0.0829535095715588
mgh258,PECAM1,PECAM1,TRUE,0.24557495033339,0.206016408386509
mgh258,RPL12,RPL12,TRUE,2.55334191415929,0.981768459434822
mgh258,PCBD1,PCBD1,TRUE,0.312120518546804,0.269371011850501
mgh258,RPS17,RPS17,TRUE,1.64278907169327,0.886052871467639
mgh258,SNX6,SNX6,TRUE,0.429711901033297,0.350957155879672
mgh258,RBPJ,RBPJ,TRUE,0.257500511347032,0.216043755697356
mgh258,DRAM2,DRAM2,TRUE,0.235230023451511,0.208295350957156
zh881inf,LYZ,LYZ,TRUE,0.023230749689716,0.0160642570281124
zh881inf,VIM,VIM,TRUE,1.79234991278193,0.742971887550201
zh881inf,AREG,,FALSE,,
zh881inf,HLA-DPB1,HLA-DPB1,TRUE,0.305141293426591,0.187951807228916
zh881inf,CD163,CD163,TRUE,0.102547500363492,0.0610441767068273
zh881inf,LGALS3,LGALS3,TRUE,0.319245716229613,0.191967871485944
zh881inf,HLA-DQA1,HLA-DQA1,TRUE,0.0866444196636282,0.0570281124497992
zh881inf,S100A4,S100A4,TRUE,0.0651248971521914,0.0401606425702811
zh881inf,HLA-DPA1,HLA-DPA1,TRUE,0.595190592154029,0.333333333333333
zh881inf,S100A6,S100A6,TRUE,1.7800053446801,0.725301204819277
zh881inf,HLA-DRB1,HLA-DRB1,TRUE,0.512765249445958,0.293172690763052
zh881inf,ANXA1,ANXA1,TRUE,0.294934793249739,0.176706827309237
zh881inf,HLA-DQB1,HLA-DQB1,TRUE,0.270121570456493,0.163855421686747
zh881inf,HLA-DRA,HLA-DRA,TRUE,1.08065662199573,0.538955823293173
zh881inf,SLC40A1,SLC40A1,TRUE,0.0566364222019922,0.0369477911646586
zh881inf,MS4A6A,MS4A6A,TRUE,0.0617457407693184,0.0369477911646586
zh881inf,TGFBI,TGFBI,TRUE,0.0338834666083327,0.0232931726907631
zh881inf,LGALS1,LGALS1,TRUE,0.866479652384937,0.455421686746988
zh881inf,CD74,CD74,TRUE,1.74373669753914,0.727710843373494
zh881inf,MRC1,MRC1,TRUE,0.0175198340139413,0.0120481927710843
zh881inf,CST3,CST3,TRUE,4.05601244332894,0.992771084337349
zh881inf,ARL4C,ARL4C,TRUE,0.266669843268173,0.156626506024096
zh881inf,ANXA2,ANXA2,TRUE,0.542862209942683,0.309236947791165
zh881inf,CTSD,CTSD,TRUE,1.08746676918474,0.54859437751004
zh881inf,S100A10,S100A10,TRUE,0.643055356170923,0.363052208835341
zh881inf,MS4A4A,MS4A4A,TRUE,0.0611266688211171,0.0377510040160643
zh881inf,FGL2,FGL2,TRUE,0.0722995403593255,0.0465863453815261
zh881inf,CD44,CD44,TRUE,0.580649274348393,0.32289156626506
zh881inf,AHR,AHR,TRUE,0.0870015392188904,0.0546184738955823
zh881inf,AHNAK,AHNAK,TRUE,0.332359173706446,0.191164658634538
zh881inf,CSTA,CSTA,TRUE,0.0148429084216179,0.00963855421686747
zh881inf,CD48,,FALSE,,
zh881inf,IQGAP1,IQGAP1,TRUE,0.195045210509959,0.113253012048193
zh881inf,NAMPT,NAMPT,TRUE,0.510976287765254,0.290763052208835
zh881inf,FCHO2,FCHO2,TRUE,0.0509043210738677,0.0321285140562249
zh881inf,MPEG1,MPEG1,TRUE,0.0146211038710862,0.00963855421686747
zh881inf,EMP3,EMP3,TRUE,0.278772012032015,0.17429718875502
zh881inf,HLA-DMA,HLA-DMA,TRUE,0.19321143915879,0.121285140562249
zh881inf,FILIP1L,FILIP1L,TRUE,0.028758610077277,0.0192771084337349
zh881inf,SH3BP5,SH3BP5,TRUE,0.218170454213235,0.134136546184739
zh881inf,FXYD5,FXYD5,TRUE,0.102393269210123,0.0658634538152611
zh881inf,GRN,GRN,TRUE,0.385032407670032,0.235341365461847
zh881inf,LITAF,LITAF,TRUE,0.495651052000578,0.290763052208835
zh881inf,CTSS,CTSS,TRUE,0.106527726095465,0.0674698795180723
zh881inf,CFD,CFD,TRUE,0.0303986658750138,0.0192771084337349
zh881inf,STAB1,STAB1,TRUE,0.0303605456609567,0.0224899598393574
zh881inf,IFITM3,IFITM3,TRUE,1.1620408056446,0.571887550200803
zh881inf,ARHGAP18,ARHGAP18,TRUE,0.036757233591142,0.0240963855421687
zh881inf,NPC2,NPC2,TRUE,0.618276521046365,0.344578313253012
zh881inf,DAB2,DAB2,TRUE,0.0350328390994865,0.0216867469879518
zh881inf,TXNIP,TXNIP,TRUE,0.594308946017979,0.334939759036145
zh881inf,TXN,TXN,TRUE,0.482326907165731,0.288353413654618
zh881inf,BTG1,BTG1,TRUE,0.299911974364613,0.179116465863454
zh881inf,FNBP1,FNBP1,TRUE,0.318549511190731,0.192771084337349
zh881inf,AP1S2,AP1S2,TRUE,0.411627057585782,0.249799196787149
zh881inf,PSAP,PSAP,TRUE,2.16431894063779,0.844176706827309
zh881inf,CD68,CD68,TRUE,0.226514682742456,0.140562248995984
zh881inf,BLVRB,BLVRB,TRUE,0.179309098129305,0.114056224899598
zh881inf,RNF144B,RNF144B,TRUE,0.0252755693523171,0.0168674698795181
zh881inf,YBX1,YBX1,TRUE,0.485422297257884,0.285943775100402
zh881inf,C1orf162,C1orf162,TRUE,0.099945964702072,0.0602409638554217
zh881inf,CHPT1,CHPT1,TRUE,0.187615036391334,0.114056224899598
zh881inf,TMSB10,TMSB10,TRUE,2.22105200886827,0.847389558232932
zh881inf,GPR183,GPR183,TRUE,0.117818101124081,0.0738955823293173
zh881inf,BRI3,BRI3,TRUE,0.384061040154051,0.229718875502008
zh881inf,RPS18,RPS18,TRUE,2.21695102047345,0.849799196787149
zh881inf,HEXA,HEXA,TRUE,0.159826187910722,0.103614457831325
zh881inf,FCGRT,FCGRT,TRUE,0.262613710366514,0.163855421686747
zh881inf,RNASE6,RNASE6,TRUE,0.0435883369984762,0.0289156626506024
zh881inf,TNFAIP3,TNFAIP3,TRUE,0.0332980468310091,0.0192771084337349
zh881inf,SDCBP,SDCBP,TRUE,0.525065489875345,0.29718875502008
zh881inf,HLA-DMB,HLA-DMB,TRUE,0.133579278207177,0.0875502008032129
zh881inf,PPDPF,PPDPF,TRUE,1.31548803993795,0.632128514056225
zh881inf,RPS2,RPS2,TRUE,1.87483002487329,0.784738955823293
zh881inf,RPS13,RPS13,TRUE,1.77075756077782,0.746184738955823
zh881inf,HLA-DOA,HLA-DOA,TRUE,0.085842206431549,0.055421686746988
zh881inf,GSTP1,GSTP1,TRUE,0.894872282694678,0.474698795180723
zh881inf,PTMA,PTMA,TRUE,2.32073601243452,0.861847389558233
zh881inf,PHLDA1,PHLDA1,TRUE,0.540986566387944,0.30281124497992
zh881inf,CARD16,CARD16,TRUE,0.0203758176949071,0.0136546184738956
zh881inf,PPA1,PPA1,TRUE,0.545398665261492,0.312449799196787
zh881inf,FTH1,FTH1,TRUE,4.0083126992524,0.995983935742972
zh881inf,MARCH1,MARCH1,TRUE,0.148682172211667,0.0899598393574297
zh881inf,PECAM1,PECAM1,TRUE,0.0828891280736883,0.0481927710843374
zh881inf,RPL12,RPL12,TRUE,1.50580900017983,0.695582329317269
zh881inf,PCBD1,PCBD1,TRUE,0.133402793571187,0.0867469879518072
zh881inf,RPS17,RPS17,TRUE,1.08993962578928,0.558232931726908
zh881inf,SNX6,SNX6,TRUE,0.287556551177084,0.176706827309237
zh881inf,RBPJ,RBPJ,TRUE,0.311697471375787,0.18714859437751
zh881inf,DRAM2,DRAM2,TRUE,0.0857379709513545,0.0530120481927711
zh881t1,LYZ,LYZ,TRUE,0.115673656841475,0.129934840935224
zh881t1,VIM,VIM,TRUE,3.55580180425751,0.999616711383672
zh881t1,AREG,AREG,TRUE,0.00951336947532344,0.00881563817554619
zh881t1,HLA-DPB1,HLA-DPB1,TRUE,0.776534096228845,0.641241855116903
zh881t1,CD163,CD163,TRUE,1.01451223247964,0.748179379072442
zh881t1,LGALS3,LGALS3,TRUE,1.253358343306,0.83096972019931
zh881t1,HLA-DQA1,HLA-DQA1,TRUE,0.240087583466722,0.262935990801073
zh881t1,S100A4,S100A4,TRUE,0.170726976987844,0.192027596780376
zh881t1,HLA-DPA1,HLA-DPA1,TRUE,1.28168544510936,0.845534687619778
zh881t1,S100A6,S100A6,TRUE,2.71323323674969,0.995783825220391
zh881t1,HLA-DRB1,HLA-DRB1,TRUE,1.03196733268548,0.778842468378689
zh881t1,ANXA1,ANXA1,TRUE,0.75123808131728,0.653507090839402
zh881t1,HLA-DQB1,HLA-DQB1,TRUE,0.580458534541134,0.537753928708317
zh881t1,HLA-DRA,HLA-DRA,TRUE,1.9527300571339,0.9658873131468
zh881t1,SLC40A1,SLC40A1,TRUE,0.201539846678839,0.216174779609046
zh881t1,MS4A6A,MS4A6A,TRUE,0.564620390258298,0.516289766193944
zh881t1,TGFBI,TGFBI,TRUE,0.478212481284667,0.421617477960905
zh881t1,LGALS1,LGALS1,TRUE,1.86329832133332,0.958221540820238
zh881t1,CD74,CD74,TRUE,2.64552659999127,0.995783825220391
zh881t1,MRC1,MRC1,TRUE,0.1258196630888,0.129551552318896
zh881t1,CST3,CST3,TRUE,3.13500130410743,0.999616711383672
zh881t1,ARL4C,ARL4C,TRUE,0.762407645234638,0.657339977002683
zh881t1,ANXA2,ANXA2,TRUE,1.77779916365003,0.944423150632426
zh881t1,CTSD,CTSD,TRUE,1.72831152137997,0.953238788807972
zh881t1,S100A10,S100A10,TRUE,1.39544148655648,0.850134151015715
zh881t1,MS4A4A,MS4A4A,TRUE,0.381730262924277,0.381372173246455
zh881t1,FGL2,FGL2,TRUE,0.21256560067411,0.22537370640092
zh881t1,CD44,CD44,TRUE,1.20328613503429,0.8390187811422
zh881t1,AHR,AHR,TRUE,0.334101737598555,0.343809888846301
zh881t1,AHNAK,AHNAK,TRUE,0.255456789247296,0.257953238788808
zh881t1,CSTA,CSTA,TRUE,0.0554707793352022,0.0674587964737447
zh881t1,CD48,CD48,TRUE,0.00390989695385453,0.00421617477960905
zh881t1,IQGAP1,IQGAP1,TRUE,0.354200986502365,0.361057876581066
zh881t1,NAMPT,NAMPT,TRUE,1.12810805555202,0.800689919509391
zh881t1,FCHO2,FCHO2,TRUE,0.111316315639106,0.13070141816788
zh881t1,MPEG1,MPEG1,TRUE,0.0490378202900647,0.0567267152165581
zh881t1,EMP3,EMP3,TRUE,0.62398671845894,0.570333461096205
zh881t1,HLA-DMA,HLA-DMA,TRUE,0.48213790063573,0.472978152548869
zh881t1,FILIP1L,FILIP1L,TRUE,0.0839787265531203,0.0973553085473361
zh881t1,SH3BP5,SH3BP5,TRUE,0.25544681341728,0.28171713300115
zh881t1,FXYD5,FXYD5,TRUE,0.325233472527088,0.342276734380989
zh881t1,GRN,GRN,TRUE,0.990050469984828,0.768110387121503
zh881t1,LITAF,LITAF,TRUE,0.663462850456928,0.609812188577999
zh881t1,CTSS,CTSS,TRUE,0.38081656304885,0.389037945573016
zh881t1,CFD,CFD,TRUE,0.174348912767982,0.195860482943657
zh881t1,STAB1,STAB1,TRUE,0.63651677150651,0.550785741663473
zh881t1,IFITM3,IFITM3,TRUE,1.5743126254756,0.917592947489459
zh881t1,ARHGAP18,ARHGAP18,TRUE,0.121887206198762,0.133001149865849
zh881t1,NPC2,NPC2,TRUE,1.48964156617981,0.896512073591414
zh881t1,DAB2,DAB2,TRUE,0.150694628920204,0.163664239172097
zh881t1,TXNIP,TXNIP,TRUE,0.963479525165569,0.768493675737831
zh881t1,TXN,TXN,TRUE,1.2011854415979,0.847834419317746
zh881t1,BTG1,BTG1,TRUE,0.701441075375945,0.62782675354542
zh881t1,FNBP1,FNBP1,TRUE,0.195808156898108,0.217707934074358
zh881t1,AP1S2,AP1S2,TRUE,0.843911746878994,0.697968570333461
zh881t1,PSAP,PSAP,TRUE,2.74995841481232,0.99808355691836
zh881t1,CD68,CD68,TRUE,0.528114348551226,0.494825603679571
zh881t1,BLVRB,BLVRB,TRUE,0.218887108644019,0.242621694135684
zh881t1,RNF144B,RNF144B,TRUE,0.0414112081862607,0.0479110770410119
zh881t1,YBX1,YBX1,TRUE,1.82022806930599,0.953238788807972
zh881t1,C1orf162,C1orf162,TRUE,0.189612628650111,0.211575316213108
zh881t1,CHPT1,CHPT1,TRUE,0.308245163487745,0.320812571866616
zh881t1,TMSB10,TMSB10,TRUE,3.78580925489621,1
zh881t1,GPR183,GPR183,TRUE,0.0587102018683725,0.0674587964737447
zh881t1,BRI3,BRI3,TRUE,0.764535970849626,0.668838635492526
zh881t1,RPS18,RPS18,TRUE,2.67675944179321,0.999233422767344
zh881t1,HEXA,HEXA,TRUE,0.479767946409011,0.470678420850901
zh881t1,FCGRT,FCGRT,TRUE,0.622580023789589,0.578382522039096
zh881t1,RNASE6,RNASE6,TRUE,0.143392031923641,0.163280950555769
zh881t1,TNFAIP3,TNFAIP3,TRUE,0.0453372873767385,0.0479110770410119
zh881t1,SDCBP,SDCBP,TRUE,0.804546449511915,0.688386354925259
zh881t1,HLA-DMB,HLA-DMB,TRUE,0.452393563847276,0.443464929091606
zh881t1,PPDPF,PPDPF,TRUE,2.21957410694339,0.98390187811422
zh881t1,RPS2,RPS2,TRUE,3.12842339060173,0.999616711383672
zh881t1,RPS13,RPS13,TRUE,2.09652845953871,0.984285166730548
zh881t1,HLA-DOA,HLA-DOA,TRUE,0.197524050949907,0.220774243004983
zh881t1,GSTP1,GSTP1,TRUE,1.38015290726176,0.900728248371023
zh881t1,PTMA,PTMA,TRUE,2.66885925522707,0.996167113836719
zh881t1,PHLDA1,PHLDA1,TRUE,1.64752122361044,0.93560751245688
zh881t1,CARD16,CARD16,TRUE,0.0783948234520612,0.0912226906860866
zh881t1,PPA1,PPA1,TRUE,0.780273765596076,0.668838635492526
zh881t1,FTH1,FTH1,TRUE,3.49044949760175,1
zh881t1,MARCH1,MARCH1,TRUE,0.372674799168734,0.387504791107704
zh881t1,PECAM1,PECAM1,TRUE,0.248687220346262,0.242238405519356
zh881t1,RPL12,RPL12,TRUE,2.27882857103778,0.987351475661173
zh881t1,PCBD1,PCBD1,TRUE,0.229215253174483,0.253737064009199
zh881t1,RPS17,RPS17,TRUE,1.29683755755677,0.885013415101571
zh881t1,SNX6,SNX6,TRUE,0.447944761566858,0.450364124185512
zh881t1,RBPJ,RBPJ,TRUE,0.520745965452091,0.505557684936757
zh881t1,DRAM2,DRAM2,TRUE,0.177536841561443,0.201609812188578
zh916bulk,LYZ,LYZ,TRUE,0.178554078000556,0.223398890569844
zh916bulk,VIM,VIM,TRUE,3.8106167664328,0.997478567826525
zh916bulk,AREG,AREG,TRUE,0.138155416404407,0.165910237014624
zh916bulk,HLA-DPB1,HLA-DPB1,TRUE,1.1539147047842,0.822491174987393
zh916bulk,CD163,CD163,TRUE,0.638549635635266,0.597579425113464
zh916bulk,LGALS3,LGALS3,TRUE,1.60238491205626,0.881996974281392
zh916bulk,HLA-DQA1,HLA-DQA1,TRUE,0.308474263993494,0.339384770549672
zh916bulk,S100A4,S100A4,TRUE,0.403866119309066,0.43166918809884
zh916bulk,HLA-DPA1,HLA-DPA1,TRUE,1.48054174799249,0.892586989409985
zh916bulk,S100A6,S100A6,TRUE,2.91040407802094,0.992939989914271
zh916bulk,HLA-DRB1,HLA-DRB1,TRUE,1.42320441542377,0.891578416540595
zh916bulk,ANXA1,ANXA1,TRUE,1.52929189015517,0.894604135148765
zh916bulk,HLA-DQB1,HLA-DQB1,TRUE,0.528010392945807,0.51285930408472
zh916bulk,HLA-DRA,HLA-DRA,TRUE,2.27317083071446,0.979828542612204
zh916bulk,SLC40A1,SLC40A1,TRUE,0.211208754315404,0.280887544125063
zh916bulk,MS4A6A,MS4A6A,TRUE,0.450613844405289,0.476550680786687
zh916bulk,TGFBI,TGFBI,TRUE,0.670213305530586,0.579929399899143
zh916bulk,LGALS1,LGALS1,TRUE,2.80556027898914,0.990418557740797
zh916bulk,CD74,CD74,TRUE,2.73566227479649,0.992939989914271
zh916bulk,MRC1,MRC1,TRUE,0.0864957196138968,0.116994452849218
zh916bulk,CST3,CST3,TRUE,3.23539647837583,0.996469994957136
zh916bulk,ARL4C,ARL4C,TRUE,0.630467221759668,0.598083711548159
zh916bulk,ANXA2,ANXA2,TRUE,1.85790122634447,0.931417044881493
zh916bulk,CTSD,CTSD,TRUE,1.83632410057798,0.953101361573374
zh916bulk,S100A10,S100A10,TRUE,2.00642683987494,0.953101361573374
zh916bulk,MS4A4A,MS4A4A,TRUE,0.274882625987586,0.332829046898638
zh916bulk,FGL2,FGL2,TRUE,0.167569710938054,0.21583459404942
zh916bulk,CD44,CD44,TRUE,1.98961873486803,0.94351991931417
zh916bulk,AHR,AHR,TRUE,0.217622520251746,0.281391830559758
zh916bulk,AHNAK,AHNAK,TRUE,0.397070647715487,0.442763489662128
zh916bulk,CSTA,CSTA,TRUE,0.0719586961072616,0.102370146243066
zh916bulk,CD48,CD48,TRUE,0.0262328810289669,0.0302571860816944
zh916bulk,IQGAP1,IQGAP1,TRUE,0.709938851700836,0.654563792233989
zh916bulk,NAMPT,NAMPT,TRUE,2.29453256259604,0.950579929399899
zh916bulk,FCHO2,FCHO2,TRUE,0.135564615805332,0.182047402924861
zh916bulk,MPEG1,MPEG1,TRUE,0.0603404195007842,0.0837115481593545
zh916bulk,EMP3,EMP3,TRUE,1.35760869603381,0.868381240544629
zh916bulk,HLA-DMA,HLA-DMA,TRUE,0.620211050419731,0.611195158850227
zh916bulk,FILIP1L,FILIP1L,TRUE,0.173627917372181,0.211800302571861
zh916bulk,SH3BP5,SH3BP5,TRUE,0.244039555942567,0.294503277861826
zh916bulk,FXYD5,FXYD5,TRUE,0.430345737703267,0.464447806354009
zh916bulk,GRN,GRN,TRUE,0.896532835497522,0.743822491174988
zh916bulk,LITAF,LITAF,TRUE,0.62278221908582,0.621280887544125
zh916bulk,CTSS,CTSS,TRUE,0.426959876879293,0.469994957135653
zh916bulk,CFD,CFD,TRUE,0.118701384405016,0.159354513363591
zh916bulk,STAB1,STAB1,TRUE,0.460542943737891,0.481593545133636
zh916bulk,IFITM3,IFITM3,TRUE,1.83092977789602,0.936964195663137
zh916bulk,ARHGAP18,ARHGAP18,TRUE,0.177131495808423,0.228946041351488
zh916bulk,NPC2,NPC2,TRUE,1.5328330134334,0.906707009581442
zh916bulk,DAB2,DAB2,TRUE,0.28339547724088,0.343419062027232
zh916bulk,TXNIP,TXNIP,TRUE,0.698107233525689,0.633383761976803
zh916bulk,TXN,TXN,TRUE,1.4679652216471,0.898638426626324
zh916bulk,BTG1,BTG1,TRUE,0.80831664947098,0.692889561270802
zh916bulk,FNBP1,FNBP1,TRUE,0.222367223707392,0.286938981341402
zh916bulk,AP1S2,AP1S2,TRUE,0.669257387949034,0.61976802824004
zh916bulk,PSAP,PSAP,TRUE,2.74152132039088,0.994957135653051
zh916bulk,CD68,CD68,TRUE,0.504124103686412,0.521432173474534
zh916bulk,BLVRB,BLVRB,TRUE,0.553351924818035,0.576399394856278
zh916bulk,RNF144B,RNF144B,TRUE,0.0959985782538111,0.134140191628845
zh916bulk,YBX1,YBX1,TRUE,1.12427887225017,0.825012607160867
zh916bulk,C1orf162,C1orf162,TRUE,0.19655343807614,0.259707513867877
zh916bulk,CHPT1,CHPT1,TRUE,0.824583488204202,0.690368129097327
zh916bulk,TMSB10,TMSB10,TRUE,3.79493100721926,0.999495713565305
zh916bulk,GPR183,GPR183,TRUE,0.270222481449133,0.317196167423096
zh916bulk,BRI3,BRI3,TRUE,0.665710344592185,0.642965204236006
zh916bulk,RPS18,RPS18,TRUE,2.84350549390141,0.994957135653051
zh916bulk,HEXA,HEXA,TRUE,0.522294962435751,0.554715078164397
zh916bulk,FCGRT,FCGRT,TRUE,0.748412318904172,0.681795259707514
zh916bulk,RNASE6,RNASE6,TRUE,0.15056738899664,0.197175995965709
zh916bulk,TNFAIP3,TNFAIP3,TRUE,0.157860217239979,0.198184568835098
zh916bulk,SDCBP,SDCBP,TRUE,0.906562293145859,0.745839636913767
zh916bulk,HLA-DMB,HLA-DMB,TRUE,0.413409340578188,0.450832072617247
zh916bulk,PPDPF,PPDPF,TRUE,1.02147582563995,0.800806858295512
zh916bulk,RPS2,RPS2,TRUE,2.63550756223779,0.991427130610187
zh916bulk,RPS13,RPS13,TRUE,2.31801930691676,0.980837115481594
zh916bulk,HLA-DOA,HLA-DOA,TRUE,0.179741310045912,0.228946041351488
zh916bulk,GSTP1,GSTP1,TRUE,1.50897997795401,0.896621280887544
zh916bulk,PTMA,PTMA,TRUE,2.58363514103778,0.988401412002017
zh916bulk,PHLDA1,PHLDA1,TRUE,0.988417676428053,0.747352496217852
zh916bulk,CARD16,CARD16,TRUE,0.149910479518739,0.210287443267776
zh916bulk,PPA1,PPA1,TRUE,0.690936360996789,0.658598083711548
zh916bulk,FTH1,FTH1,TRUE,4.00376955136259,1
zh916bulk,MARCH1,MARCH1,TRUE,0.154621991867385,0.205244578920827
zh916bulk,PECAM1,PECAM1,TRUE,0.336165855806848,0.340393343419062
zh916bulk,RPL12,RPL12,TRUE,2.45421147472162,0.984871406959153
zh916bulk,PCBD1,PCBD1,TRUE,0.343711721759868,0.419566313666162
zh916bulk,RPS17,RPS17,TRUE,1.77353018001596,0.94452849218356
zh916bulk,SNX6,SNX6,TRUE,0.438090710931513,0.497226424609178
zh916bulk,RBPJ,RBPJ,TRUE,0.340934172661405,0.40393343419062
zh916bulk,DRAM2,DRAM2,TRUE,0.173816703080667,0.235501765002521
zh916inf,LYZ,LYZ,TRUE,0.0415064579707487,0.027027027027027
zh916inf,VIM,VIM,TRUE,1.32744897294149,0.701907790143084
zh916inf,AREG,,FALSE,,
zh916inf,HLA-DPB1,HLA-DPB1,TRUE,0.240597206596599,0.177265500794913
zh916inf,CD163,CD163,TRUE,0.035060332723179,0.0230524642289348
zh916inf,LGALS3,LGALS3,TRUE,0.345334757336297,0.251192368839428
zh916inf,HLA-DQA1,HLA-DQA1,TRUE,0.0171059712291137,0.0158982511923688
zh916inf,S100A4,S100A4,TRUE,0.0247645105996852,0.0174880763116057
zh916inf,HLA-DPA1,HLA-DPA1,TRUE,0.349309485413774,0.245627980922099
zh916inf,S100A6,S100A6,TRUE,0.667049102973798,0.434817170111288
zh916inf,HLA-DRB1,HLA-DRB1,TRUE,0.245866625329242,0.179650238473768
zh916inf,ANXA1,ANXA1,TRUE,0.144673864463005,0.105723370429253
zh916inf,HLA-DQB1,HLA-DQB1,TRUE,0.070436532477989,0.0540540540540541
zh916inf,HLA-DRA,HLA-DRA,TRUE,0.719102992710952,0.452305246422894
zh916inf,SLC40A1,SLC40A1,TRUE,0.104154263731135,0.075516693163752
zh916inf,MS4A6A,MS4A6A,TRUE,0.0646835542896362,0.0445151033386327
zh916inf,TGFBI,TGFBI,TRUE,0.00845969410989818,0.00794912559618442
zh916inf,LGALS1,LGALS1,TRUE,0.70563135224909,0.463434022257552
zh916inf,CD74,CD74,TRUE,1.3426142938568,0.716216216216216
zh916inf,MRC1,MRC1,TRUE,0.0638051402246256,0.0453100158982512
zh916inf,CST3,CST3,TRUE,3.60114941508846,0.995230524642289
zh916inf,ARL4C,ARL4C,TRUE,0.112476298293279,0.0937996820349762
zh916inf,ANXA2,ANXA2,TRUE,0.148869636510781,0.1120826709062
zh916inf,CTSD,CTSD,TRUE,1.22854932470035,0.693163751987281
zh916inf,S100A10,S100A10,TRUE,0.214167399288658,0.144674085850556
zh916inf,MS4A4A,MS4A4A,TRUE,0.103846251539523,0.0739268680445151
zh916inf,FGL2,FGL2,TRUE,0.0564887007903344,0.0445151033386327
zh916inf,CD44,CD44,TRUE,0.38766734572342,0.242448330683625
zh916inf,AHR,AHR,TRUE,0.121002404806877,0.095389507154213
zh916inf,AHNAK,AHNAK,TRUE,0.444289707208002,0.311605723370429
zh916inf,CSTA,,FALSE,,
zh916inf,CD48,,FALSE,,
zh916inf,IQGAP1,IQGAP1,TRUE,0.189667573745076,0.142289348171701
zh916inf,NAMPT,NAMPT,TRUE,0.277801138216906,0.205882352941176
zh916inf,FCHO2,FCHO2,TRUE,0.0752019362332209,0.0564387917329094
zh916inf,MPEG1,MPEG1,TRUE,0.023893313426876,0.0198728139904611
zh916inf,EMP3,EMP3,TRUE,0.0963597971481257,0.0747217806041336
zh916inf,HLA-DMA,HLA-DMA,TRUE,0.082838550632477,0.0667726550079491
zh916inf,FILIP1L,FILIP1L,TRUE,0.0441001482935271,0.0349761526232114
zh916inf,SH3BP5,SH3BP5,TRUE,0.405225821037368,0.29093799682035
zh916inf,FXYD5,FXYD5,TRUE,0.0641617431181694,0.0492845786963434
zh916inf,GRN,GRN,TRUE,0.299831413628575,0.215421303656598
zh916inf,LITAF,LITAF,TRUE,0.546927764573556,0.365659777424483
zh916inf,CTSS,CTSS,TRUE,0.139675553075309,0.103338632750397
zh916inf,CFD,CFD,TRUE,0.0677852224723003,0.0524642289348172
zh916inf,STAB1,STAB1,TRUE,0.1101196017313,0.0842607313195549
zh916inf,IFITM3,IFITM3,TRUE,0.667399276785581,0.442766295707472
zh916inf,ARHGAP18,ARHGAP18,TRUE,0.0321334444901411,0.0254372019077901
zh916inf,NPC2,NPC2,TRUE,0.543435673257069,0.365659777424483
zh916inf,DAB2,DAB2,TRUE,0.0448301213813168,0.0325914149443561
zh916inf,TXNIP,TXNIP,TRUE,0.815906169803237,0.499205087440382
zh916inf,TXN,TXN,TRUE,0.543059407455476,0.380763116057234
zh916inf,BTG1,BTG1,TRUE,0.198584403558216,0.154213036565978
zh916inf,FNBP1,FNBP1,TRUE,0.52264927003004,0.348966613672496
zh916inf,AP1S2,AP1S2,TRUE,0.369216318675916,0.260731319554849
zh916inf,PSAP,PSAP,TRUE,2.40176015200726,0.934022257551669
zh916inf,CD68,CD68,TRUE,0.200054616156092,0.139109697933227
zh916inf,BLVRB,BLVRB,TRUE,0.202855970903211,0.15818759936407
zh916inf,RNF144B,RNF144B,TRUE,0.0243100592175155,0.0214626391096979
zh916inf,YBX1,YBX1,TRUE,0.504627502224714,0.344197138314785
zh916inf,C1orf162,C1orf162,TRUE,0.0509035176507358,0.0397456279809221
zh916inf,CHPT1,CHPT1,TRUE,0.293547130937924,0.225755166931638
zh916inf,TMSB10,TMSB10,TRUE,1.83287892538745,0.833863275039746
zh916inf,GPR183,GPR183,TRUE,0.0415374704177582,0.0317965023847377
zh916inf,BRI3,BRI3,TRUE,0.326613810151223,0.232114467408585
zh916inf,RPS18,RPS18,TRUE,1.82920557699691,0.859300476947536
zh916inf,HEXA,HEXA,TRUE,0.168104050080205,0.127980922098569
zh916inf,FCGRT,FCGRT,TRUE,0.255952140290654,0.185214626391097
zh916inf,RNASE6,RNASE6,TRUE,0.0737217793495564,0.0556438791732909
zh916inf,TNFAIP3,TNFAIP3,TRUE,0.0182280750830498,0.0127186009538951
zh916inf,SDCBP,SDCBP,TRUE,0.456503121448487,0.328298887122417
zh916inf,HLA-DMB,HLA-DMB,TRUE,0.110245370290378,0.0794912559618442
zh916inf,PPDPF,PPDPF,TRUE,1.26018701043554,0.691573926868045
zh916inf,RPS2,RPS2,TRUE,1.25498858253169,0.699523052464229
zh916inf,RPS13,RPS13,TRUE,1.50767242857575,0.784578696343402
zh916inf,HLA-DOA,HLA-DOA,TRUE,0.0400981894003083,0.0294117647058824
zh916inf,GSTP1,GSTP1,TRUE,0.807472857183455,0.515898251192369
zh916inf,PTMA,PTMA,TRUE,2.3809845801751,0.931637519872814
zh916inf,PHLDA1,PHLDA1,TRUE,0.240934561613048,0.177265500794913
zh916inf,CARD16,,FALSE,,
zh916inf,PPA1,PPA1,TRUE,0.820259271566397,0.511923688394277
zh916inf,FTH1,FTH1,TRUE,4.08082073185582,1
zh916inf,MARCH1,MARCH1,TRUE,0.206774739106856,0.148648648648649
zh916inf,PECAM1,PECAM1,TRUE,0.0719247538642714,0.0564387917329094
zh916inf,RPL12,RPL12,TRUE,1.0963305802496,0.637519872813991
zh916inf,PCBD1,PCBD1,TRUE,0.168368885874125,0.135930047694754
zh916inf,RPS17,RPS17,TRUE,0.999560999453743,0.610492845786963
zh916inf,SNX6,SNX6,TRUE,0.464632589420602,0.320349761526232
zh916inf,RBPJ,RBPJ,TRUE,0.576324813466293,0.3879173290938
zh916inf,DRAM2,DRAM2,TRUE,0.103439936589358,0.0818759936406995
zh916t1,LYZ,LYZ,TRUE,0.306496434589391,0.396414342629482
zh916t1,VIM,VIM,TRUE,3.7225814829228,0.993625498007968
zh916t1,AREG,AREG,TRUE,0.0724344695263031,0.108366533864542
zh916t1,HLA-DPB1,HLA-DPB1,TRUE,1.56429296751837,0.840239043824701
zh916t1,CD163,CD163,TRUE,0.589669598820236,0.593227091633466
zh916t1,LGALS3,LGALS3,TRUE,1.49491076249986,0.837848605577689
zh916t1,HLA-DQA1,HLA-DQA1,TRUE,0.491999896996717,0.520318725099602
zh916t1,S100A4,S100A4,TRUE,0.422228996312559,0.484860557768924
zh916t1,HLA-DPA1,HLA-DPA1,TRUE,1.91542869916324,0.878884462151394
zh916t1,S100A6,S100A6,TRUE,2.15026799624826,0.913545816733068
zh916t1,HLA-DRB1,HLA-DRB1,TRUE,1.79335764013394,0.872509960159363
zh916t1,ANXA1,ANXA1,TRUE,1.9501119305791,0.9199203187251
zh916t1,HLA-DQB1,HLA-DQB1,TRUE,0.831664708747218,0.681673306772908
zh916t1,HLA-DRA,HLA-DRA,TRUE,2.9381848088223,0.977689243027888
zh916t1,SLC40A1,SLC40A1,TRUE,0.331555568653151,0.424701195219124
zh916t1,MS4A6A,MS4A6A,TRUE,0.51862898120618,0.548207171314741
zh916t1,TGFBI,TGFBI,TRUE,0.852668127727037,0.694422310756972
zh916t1,LGALS1,LGALS1,TRUE,2.46160295290223,0.943027888446215
zh916t1,CD74,CD74,TRUE,3.39143833557176,0.993625498007968
zh916t1,MRC1,MRC1,TRUE,0.0961801543227145,0.141035856573705
zh916t1,CST3,CST3,TRUE,3.30029138048584,0.988446215139442
zh916t1,ARL4C,ARL4C,TRUE,0.733694886137907,0.665737051792829
zh916t1,ANXA2,ANXA2,TRUE,2.03667510212128,0.918326693227092
zh916t1,CTSD,CTSD,TRUE,1.68474583893401,0.876494023904382
zh916t1,S100A10,S100A10,TRUE,1.29229301616699,0.81593625498008
zh916t1,MS4A4A,MS4A4A,TRUE,0.313910343889034,0.401593625498008
zh916t1,FGL2,FGL2,TRUE,0.309093152035982,0.39203187250996
zh916t1,CD44,CD44,TRUE,2.1411554577221,0.934661354581673
zh916t1,AHR,AHR,TRUE,0.290766506736655,0.379681274900398
zh916t1,AHNAK,AHNAK,TRUE,0.604477075602638,0.608366533864542
zh916t1,CSTA,CSTA,TRUE,0.101408256853154,0.171713147410359
zh916t1,CD48,CD48,TRUE,0.0334016471212669,0.0577689243027888
zh916t1,IQGAP1,IQGAP1,TRUE,0.877594889764621,0.744621513944223
zh916t1,NAMPT,NAMPT,TRUE,2.28753384692751,0.956972111553785
zh916t1,FCHO2,FCHO2,TRUE,0.139373708281656,0.20398406374502
zh916t1,MPEG1,MPEG1,TRUE,0.0964690240316866,0.150597609561753
zh916t1,EMP3,EMP3,TRUE,1.21040598615793,0.807569721115538
zh916t1,HLA-DMA,HLA-DMA,TRUE,0.763501562529264,0.666533864541833
zh916t1,FILIP1L,FILIP1L,TRUE,0.214441058608452,0.297211155378486
zh916t1,SH3BP5,SH3BP5,TRUE,0.258860154161174,0.357768924302789
zh916t1,FXYD5,FXYD5,TRUE,0.601127554534059,0.593227091633466
zh916t1,GRN,GRN,TRUE,1.15403972812069,0.789243027888446
zh916t1,LITAF,LITAF,TRUE,0.834930304939769,0.717131474103586
zh916t1,CTSS,CTSS,TRUE,0.544167447606661,0.579681274900398
zh916t1,CFD,CFD,TRUE,0.189196966372449,0.264940239043825
zh916t1,STAB1,STAB1,TRUE,0.628291340876518,0.609163346613546
zh916t1,IFITM3,IFITM3,TRUE,1.78608164298205,0.867729083665339
zh916t1,ARHGAP18,ARHGAP18,TRUE,0.212790842452788,0.31195219123506
zh916t1,NPC2,NPC2,TRUE,1.65978274691861,0.872908366533865
zh916t1,DAB2,DAB2,TRUE,0.240757566545666,0.334661354581673
zh916t1,TXNIP,TXNIP,TRUE,0.898072135948403,0.737450199203187
zh916t1,TXN,TXN,TRUE,0.936667358828795,0.742231075697211
zh916t1,BTG1,BTG1,TRUE,0.865501208482245,0.737450199203187
zh916t1,FNBP1,FNBP1,TRUE,0.287581859788418,0.389243027888446
zh916t1,AP1S2,AP1S2,TRUE,1.02665423241175,0.766135458167331
zh916t1,PSAP,PSAP,TRUE,2.82876085856305,0.974103585657371
zh916t1,CD68,CD68,TRUE,0.617425789618087,0.623505976095618
zh916t1,BLVRB,BLVRB,TRUE,0.487583145541995,0.551792828685259
zh916t1,RNF144B,RNF144B,TRUE,0.10731926994907,0.163346613545817
zh916t1,YBX1,YBX1,TRUE,0.920402004582758,0.739840637450199
zh916t1,C1orf162,C1orf162,TRUE,0.301199469912901,0.398406374501992
zh916t1,CHPT1,CHPT1,TRUE,1.01622890226578,0.739442231075697
zh916t1,TMSB10,TMSB10,TRUE,3.34602857928395,0.989641434262948
zh916t1,GPR183,GPR183,TRUE,0.271804259659265,0.345019920318725
zh916t1,BRI3,BRI3,TRUE,0.722945923697647,0.675697211155379
zh916t1,RPS18,RPS18,TRUE,2.39396351856365,0.935059760956175
zh916t1,HEXA,HEXA,TRUE,0.487743280857275,0.556972111553785
zh916t1,FCGRT,FCGRT,TRUE,0.906347959417019,0.734661354581673
zh916t1,RNASE6,RNASE6,TRUE,0.22907053903574,0.323107569721116
zh916t1,TNFAIP3,TNFAIP3,TRUE,0.183749638154268,0.259362549800797
zh916t1,SDCBP,SDCBP,TRUE,1.03019300010441,0.770517928286853
zh916t1,HLA-DMB,HLA-DMB,TRUE,0.729385954113537,0.644621513944223
zh916t1,PPDPF,PPDPF,TRUE,1.16018071023897,0.78207171314741
zh916t1,RPS2,RPS2,TRUE,2.45664861010672,0.941832669322709
zh916t1,RPS13,RPS13,TRUE,1.93128919440956,0.889641434262948
zh916t1,HLA-DOA,HLA-DOA,TRUE,0.281277382499196,0.368924302788845
zh916t1,GSTP1,GSTP1,TRUE,1.373361747206,0.82988047808765
zh916t1,PTMA,PTMA,TRUE,2.57185404035457,0.958565737051793
zh916t1,PHLDA1,PHLDA1,TRUE,1.37572996289468,0.829083665338646
zh916t1,CARD16,CARD16,TRUE,0.187791526624196,0.288446215139442
zh916t1,PPA1,PPA1,TRUE,0.487895064651767,0.555776892430279
zh916t1,FTH1,FTH1,TRUE,3.66404621126155,0.995219123505976
zh916t1,MARCH1,MARCH1,TRUE,0.166528578402434,0.235458167330677
zh916t1,PECAM1,PECAM1,TRUE,0.491115409627411,0.490836653386454
zh916t1,RPL12,RPL12,TRUE,1.78248599424601,0.868525896414343
zh916t1,PCBD1,PCBD1,TRUE,0.209704970492384,0.309561752988048
zh916t1,RPS17,RPS17,TRUE,1.16561464779281,0.784860557768924
zh916t1,SNX6,SNX6,TRUE,0.477850928127278,0.548605577689243
zh916t1,RBPJ,RBPJ,TRUE,0.376689857133093,0.468127490039841
zh916t1,DRAM2,DRAM2,TRUE,0.190164557822662,0.290438247011952
zh1007inf,LYZ,LYZ,TRUE,0.116781487368717,0.139776951672862
zh1007inf,VIM,VIM,TRUE,4.02344129874673,1
zh1007inf,AREG,,FALSE,,
zh1007inf,HLA-DPB1,HLA-DPB1,TRUE,0.914166299444632,0.697397769516729
zh1007inf,CD163,CD163,TRUE,0.115765577184675,0.142007434944238
zh1007inf,LGALS3,LGALS3,TRUE,1.51545597215348,0.867657992565056
zh1007inf,HLA-DQA1,HLA-DQA1,TRUE,0.245898567974798,0.263197026022305
zh1007inf,S100A4,S100A4,TRUE,0.246303969459313,0.271375464684015
zh1007inf,HLA-DPA1,HLA-DPA1,TRUE,0.996548076191425,0.713011152416357
zh1007inf,S100A6,S100A6,TRUE,2.40982342366341,0.989591078066914
zh1007inf,HLA-DRB1,HLA-DRB1,TRUE,0.920177413236924,0.690706319702602
zh1007inf,ANXA1,ANXA1,TRUE,0.736547212225349,0.607434944237918
zh1007inf,HLA-DQB1,HLA-DQB1,TRUE,0.355322929080131,0.360594795539033
zh1007inf,HLA-DRA,HLA-DRA,TRUE,1.82423333652516,0.925650557620818
zh1007inf,SLC40A1,SLC40A1,TRUE,0.186669294921764,0.217100371747212
zh1007inf,MS4A6A,MS4A6A,TRUE,0.385040576219652,0.387360594795539
zh1007inf,TGFBI,TGFBI,TRUE,0.489844436697956,0.446840148698885
zh1007inf,LGALS1,LGALS1,TRUE,2.90984553678633,0.995539033457249
zh1007inf,CD74,CD74,TRUE,2.35739176413145,0.979182156133829
zh1007inf,MRC1,MRC1,TRUE,0.0375387195740198,0.0460966542750929
zh1007inf,CST3,CST3,TRUE,2.69034121472854,0.996282527881041
zh1007inf,ARL4C,ARL4C,TRUE,0.390643968992337,0.394795539033457
zh1007inf,ANXA2,ANXA2,TRUE,1.07390992098391,0.742007434944238
zh1007inf,CTSD,CTSD,TRUE,1.67125701412916,0.889962825278811
zh1007inf,S100A10,S100A10,TRUE,1.34672227469298,0.848327137546468
zh1007inf,MS4A4A,MS4A4A,TRUE,0.149808401377395,0.170260223048327
zh1007inf,FGL2,FGL2,TRUE,0.112645222270254,0.133828996282528
zh1007inf,CD44,CD44,TRUE,0.951889700592022,0.711524163568773
zh1007inf,AHR,AHR,TRUE,0.0966663160958012,0.111524163568773
zh1007inf,AHNAK,AHNAK,TRUE,0.19303607278681,0.202973977695167
zh1007inf,CSTA,CSTA,TRUE,0.102566238039825,0.132342007434944
zh1007inf,CD48,CD48,TRUE,0.0210211326729077,0.028996282527881
zh1007inf,IQGAP1,IQGAP1,TRUE,0.363036310341844,0.373234200743494
zh1007inf,NAMPT,NAMPT,TRUE,0.913538902437152,0.686245353159851
zh1007inf,FCHO2,FCHO2,TRUE,0.0820389109601473,0.0988847583643123
zh1007inf,MPEG1,MPEG1,TRUE,0.0634635346796188,0.0840148698884758
zh1007inf,EMP3,EMP3,TRUE,0.894402455787347,0.71003717472119
zh1007inf,HLA-DMA,HLA-DMA,TRUE,0.396532865077668,0.394795539033457
zh1007inf,FILIP1L,FILIP1L,TRUE,0.16515250897257,0.184386617100372
zh1007inf,SH3BP5,SH3BP5,TRUE,0.131061076340142,0.147955390334573
zh1007inf,FXYD5,FXYD5,TRUE,0.336258868364501,0.345724907063197
zh1007inf,GRN,GRN,TRUE,1.08294914678086,0.769516728624535
zh1007inf,LITAF,LITAF,TRUE,0.482483282095812,0.464684014869888
zh1007inf,CTSS,CTSS,TRUE,0.406492750172128,0.405204460966543
zh1007inf,CFD,CFD,TRUE,0.0653626103249127,0.0847583643122677
zh1007inf,STAB1,STAB1,TRUE,0.367041227326674,0.382899628252788
zh1007inf,IFITM3,IFITM3,TRUE,1.90878141302983,0.915985130111524
zh1007inf,ARHGAP18,ARHGAP18,TRUE,0.126854279324743,0.15092936802974
zh1007inf,NPC2,NPC2,TRUE,1.35190138036773,0.848327137546468
zh1007inf,DAB2,DAB2,TRUE,0.271170813665517,0.296654275092937
zh1007inf,TXNIP,TXNIP,TRUE,0.358025281193479,0.362081784386617
zh1007inf,TXN,TXN,TRUE,1.10057936723573,0.774721189591078
zh1007inf,BTG1,BTG1,TRUE,0.36462491498013,0.374721189591078
zh1007inf,FNBP1,FNBP1,TRUE,0.17875569753149,0.198513011152416
zh1007inf,AP1S2,AP1S2,TRUE,0.441765259772706,0.426765799256506
zh1007inf,PSAP,PSAP,TRUE,2.64092918700892,0.992565055762082
zh1007inf,CD68,CD68,TRUE,0.683232779961754,0.582899628252788
zh1007inf,BLVRB,BLVRB,TRUE,0.226943843541382,0.254275092936803
zh1007inf,RNF144B,RNF144B,TRUE,0.0281990464753597,0.0349442379182156
zh1007inf,YBX1,YBX1,TRUE,1.32311019191678,0.855762081784387
zh1007inf,C1orf162,C1orf162,TRUE,0.219965420593495,0.243122676579926
zh1007inf,CHPT1,CHPT1,TRUE,0.234479294628397,0.262453531598513
zh1007inf,TMSB10,TMSB10,TRUE,3.97646953270948,1
zh1007inf,GPR183,GPR183,TRUE,0.0242922767706973,0.0267657992565056
zh1007inf,BRI3,BRI3,TRUE,0.546899950888273,0.513754646840149
zh1007inf,RPS18,RPS18,TRUE,3.68563173662716,1
zh1007inf,HEXA,HEXA,TRUE,0.472044715035599,0.459479553903346
zh1007inf,FCGRT,FCGRT,TRUE,0.853828595765874,0.674349442379182
zh1007inf,RNASE6,RNASE6,TRUE,0.137024068032944,0.166542750929368
zh1007inf,TNFAIP3,TNFAIP3,TRUE,0.0200270323050826,0.0282527881040892
zh1007inf,SDCBP,SDCBP,TRUE,0.683345229790683,0.589591078066914
zh1007inf,HLA-DMB,HLA-DMB,TRUE,0.517637428620752,0.484758364312268
zh1007inf,PPDPF,PPDPF,TRUE,1.49063756923642,0.88550185873606
zh1007inf,RPS2,RPS2,TRUE,3.53546363088591,1
zh1007inf,RPS13,RPS13,TRUE,3.02421496584765,0.997769516728625
zh1007inf,HLA-DOA,HLA-DOA,TRUE,0.122272605968742,0.139776951672862
zh1007inf,GSTP1,GSTP1,TRUE,1.57329102012122,0.899628252788104
zh1007inf,PTMA,PTMA,TRUE,2.48358380159143,0.986617100371747
zh1007inf,PHLDA1,PHLDA1,TRUE,0.783185234027943,0.641635687732342
zh1007inf,CARD16,CARD16,TRUE,0.146339714837827,0.172490706319703
zh1007inf,PPA1,PPA1,TRUE,0.661036633317919,0.597769516728625
zh1007inf,FTH1,FTH1,TRUE,3.85785933631994,1
zh1007inf,MARCH1,MARCH1,TRUE,0.135454987949407,0.143494423791822
zh1007inf,PECAM1,PECAM1,TRUE,0.463890955834555,0.417100371747212
zh1007inf,RPL12,RPL12,TRUE,3.27759225136463,0.999256505576208
zh1007inf,PCBD1,PCBD1,TRUE,0.372968597137743,0.394052044609665
zh1007inf,RPS17,RPS17,TRUE,1.73227126437649,0.924907063197026
zh1007inf,SNX6,SNX6,TRUE,0.445703079858679,0.446840148698885
zh1007inf,RBPJ,RBPJ,TRUE,0.222040676495036,0.237174721189591
zh1007inf,DRAM2,DRAM2,TRUE,0.171180501474871,0.196282527881041
zh1007nec,LYZ,LYZ,TRUE,0.117776172608936,0.21689497716895
zh1007nec,VIM,VIM,TRUE,4.4059381925102,1
zh1007nec,AREG,,FALSE,,
zh1007nec,HLA-DPB1,HLA-DPB1,TRUE,0.559024326389851,0.689497716894977
zh1007nec,CD163,CD163,TRUE,0.292545941272133,0.45662100456621
zh1007nec,LGALS3,LGALS3,TRUE,2.97430869884732,1
zh1007nec,HLA-DQA1,HLA-DQA1,TRUE,0.109411604821969,0.210045662100457
zh1007nec,S100A4,S100A4,TRUE,0.5762772279961,0.698630136986301
zh1007nec,HLA-DPA1,HLA-DPA1,TRUE,0.649453864658676,0.76027397260274
zh1007nec,S100A6,S100A6,TRUE,1.96633543507533,0.998858447488584
zh1007nec,HLA-DRB1,HLA-DRB1,TRUE,0.719824914984268,0.800228310502283
zh1007nec,ANXA1,ANXA1,TRUE,0.388112309533582,0.562785388127854
zh1007nec,HLA-DQB1,HLA-DQB1,TRUE,0.243141127522147,0.398401826484018
zh1007nec,HLA-DRA,HLA-DRA,TRUE,1.20864949036898,0.947488584474886
zh1007nec,SLC40A1,SLC40A1,TRUE,0.205502797676998,0.365296803652968
zh1007nec,MS4A6A,MS4A6A,TRUE,0.456915477828518,0.651826484018265
zh1007nec,TGFBI,TGFBI,TRUE,0.628844259541281,0.721461187214612
zh1007nec,LGALS1,LGALS1,TRUE,3.17061123750689,1
zh1007nec,CD74,CD74,TRUE,1.94146471183386,0.997716894977169
zh1007nec,MRC1,MRC1,TRUE,0.0153508354154363,0.0285388127853881
zh1007nec,CST3,CST3,TRUE,2.45474533397972,1
zh1007nec,ARL4C,ARL4C,TRUE,0.901368910853069,0.896118721461187
zh1007nec,ANXA2,ANXA2,TRUE,1.45236106745115,0.984018264840183
zh1007nec,CTSD,CTSD,TRUE,1.88564793061208,0.997716894977169
zh1007nec,S100A10,S100A10,TRUE,1.71796654315131,0.984018264840183
zh1007nec,MS4A4A,MS4A4A,TRUE,0.174632673311168,0.320776255707763
zh1007nec,FGL2,FGL2,TRUE,0.118605486111186,0.229452054794521
zh1007nec,CD44,CD44,TRUE,1.03448651621935,0.930365296803653
zh1007nec,AHR,AHR,TRUE,0.0528891461768385,0.10958904109589
zh1007nec,AHNAK,AHNAK,TRUE,0.127396094430004,0.235159817351598
zh1007nec,CSTA,CSTA,TRUE,0.0985012359962663,0.195205479452055
zh1007nec,CD48,CD48,TRUE,0.0334712447766785,0.069634703196347
zh1007nec,IQGAP1,IQGAP1,TRUE,0.540129468906803,0.722602739726027
zh1007nec,NAMPT,NAMPT,TRUE,1.06275625794039,0.915525114155251
zh1007nec,FCHO2,FCHO2,TRUE,0.070272626903261,0.139269406392694
zh1007nec,MPEG1,MPEG1,TRUE,0.048647474363497,0.102739726027397
zh1007nec,EMP3,EMP3,TRUE,1.22383675331881,0.955479452054795
zh1007nec,HLA-DMA,HLA-DMA,TRUE,0.26593437493939,0.445205479452055
zh1007nec,FILIP1L,FILIP1L,TRUE,0.182823410421169,0.3162100456621
zh1007nec,SH3BP5,SH3BP5,TRUE,0.145724195781574,0.269406392694064
zh1007nec,FXYD5,FXYD5,TRUE,1.16276975481261,0.953196347031963
zh1007nec,GRN,GRN,TRUE,1.16013006414639,0.960045662100457
zh1007nec,LITAF,LITAF,TRUE,0.461428941384676,0.647260273972603
zh1007nec,CTSS,CTSS,TRUE,0.311241514722777,0.503424657534247
zh1007nec,CFD,CFD,TRUE,0.0443104945525408,0.0867579908675799
zh1007nec,STAB1,STAB1,TRUE,0.481706386639395,0.635844748858447
zh1007nec,IFITM3,IFITM3,TRUE,2.37085622649425,1
zh1007nec,ARHGAP18,ARHGAP18,TRUE,0.109109456987619,0.20662100456621
zh1007nec,NPC2,NPC2,TRUE,1.33602193566028,0.977168949771689
zh1007nec,DAB2,DAB2,TRUE,0.173438339877191,0.309360730593607
zh1007nec,TXNIP,TXNIP,TRUE,0.354907347552833,0.538812785388128
zh1007nec,TXN,TXN,TRUE,1.2269643181981,0.976027397260274
zh1007nec,BTG1,BTG1,TRUE,0.42067987774418,0.617579908675799
zh1007nec,FNBP1,FNBP1,TRUE,0.265848106883495,0.438356164383562
zh1007nec,AP1S2,AP1S2,TRUE,0.44356937047392,0.651826484018265
zh1007nec,PSAP,PSAP,TRUE,2.66707217504837,1
zh1007nec,CD68,CD68,TRUE,0.728626733497405,0.809360730593607
zh1007nec,BLVRB,BLVRB,TRUE,0.402151023535574,0.595890410958904
zh1007nec,RNF144B,RNF144B,TRUE,0.0136977842963695,0.0262557077625571
zh1007nec,YBX1,YBX1,TRUE,1.4728609303582,0.98972602739726
zh1007nec,C1orf162,C1orf162,TRUE,0.189261801661609,0.344748858447489
zh1007nec,CHPT1,CHPT1,TRUE,0.302048465364756,0.502283105022831
zh1007nec,TMSB10,TMSB10,TRUE,4.40916499460915,1
zh1007nec,GPR183,GPR183,TRUE,0.059899682522584,0.107305936073059
zh1007nec,BRI3,BRI3,TRUE,0.728578004225103,0.848173515981735
zh1007nec,RPS18,RPS18,TRUE,3.69975960432468,1
zh1007nec,HEXA,HEXA,TRUE,0.628857994875449,0.785388127853881
zh1007nec,FCGRT,FCGRT,TRUE,0.894123816047256,0.876712328767123
zh1007nec,RNASE6,RNASE6,TRUE,0.194473747767872,0.350456621004566
zh1007nec,TNFAIP3,TNFAIP3,TRUE,0.0393527134474082,0.0799086757990868
zh1007nec,SDCBP,SDCBP,TRUE,0.915709693746131,0.92351598173516
zh1007nec,HLA-DMB,HLA-DMB,TRUE,0.413573375092769,0.613013698630137
zh1007nec,PPDPF,PPDPF,TRUE,2.08141649202967,1
zh1007nec,RPS2,RPS2,TRUE,3.69510411778425,1
zh1007nec,RPS13,RPS13,TRUE,3.03351661817714,1
zh1007nec,HLA-DOA,HLA-DOA,TRUE,0.0547012567794397,0.113013698630137
zh1007nec,GSTP1,GSTP1,TRUE,1.84933791529006,0.998858447488584
zh1007nec,PTMA,PTMA,TRUE,2.41176437807067,1
zh1007nec,PHLDA1,PHLDA1,TRUE,1.10422050776231,0.962328767123288
zh1007nec,CARD16,CARD16,TRUE,0.161338668080439,0.287671232876712
zh1007nec,PPA1,PPA1,TRUE,0.583417859454496,0.757990867579909
zh1007nec,FTH1,FTH1,TRUE,3.78597230301812,1
zh1007nec,MARCH1,MARCH1,TRUE,0.061956251746922,0.133561643835616
zh1007nec,PECAM1,PECAM1,TRUE,0.265431463278724,0.383561643835616
zh1007nec,RPL12,RPL12,TRUE,3.32396814586501,1
zh1007nec,PCBD1,PCBD1,TRUE,0.579317760343321,0.765981735159817
zh1007nec,RPS17,RPS17,TRUE,1.95986327040187,0.998858447488584
zh1007nec,SNX6,SNX6,TRUE,0.469004908107227,0.664383561643836
zh1007nec,RBPJ,RBPJ,TRUE,0.225362390649576,0.40296803652968
zh1007nec,DRAM2,DRAM2,TRUE,0.154452244669094,0.292237442922374
zh1019inf,LYZ,LYZ,TRUE,0.103044781724233,0.112238805970149
zh1019inf,VIM,VIM,TRUE,3.50593527249613,0.98089552238806
zh1019inf,AREG,,FALSE,,
zh1019inf,HLA-DPB1,HLA-DPB1,TRUE,1.07832943157152,0.712238805970149
zh1019inf,CD163,CD163,TRUE,0.09907198441114,0.115223880597015
zh1019inf,LGALS3,LGALS3,TRUE,0.508730117930432,0.457313432835821
zh1019inf,HLA-DQA1,HLA-DQA1,TRUE,0.450190224214013,0.411940298507463
zh1019inf,S100A4,S100A4,TRUE,0.362235929741662,0.358805970149254
zh1019inf,HLA-DPA1,HLA-DPA1,TRUE,1.15894980383441,0.733731343283582
zh1019inf,S100A6,S100A6,TRUE,2.68974495039004,0.944477611940299
zh1019inf,HLA-DRB1,HLA-DRB1,TRUE,0.845957674775315,0.619701492537313
zh1019inf,ANXA1,ANXA1,TRUE,1.29477659288485,0.761194029850746
zh1019inf,HLA-DQB1,HLA-DQB1,TRUE,0.645995601319377,0.52955223880597
zh1019inf,HLA-DRA,HLA-DRA,TRUE,1.78126061606537,0.878805970149254
zh1019inf,SLC40A1,SLC40A1,TRUE,0.151080188368849,0.16955223880597
zh1019inf,MS4A6A,MS4A6A,TRUE,0.370351940661666,0.357611940298507
zh1019inf,TGFBI,TGFBI,TRUE,1.62988956046916,0.807164179104478
zh1019inf,LGALS1,LGALS1,TRUE,2.4991884371375,0.95044776119403
zh1019inf,CD74,CD74,TRUE,2.3570769581604,0.939701492537313
zh1019inf,MRC1,MRC1,TRUE,0.0081521123582202,0.0101492537313433
zh1019inf,CST3,CST3,TRUE,3.52394352013312,0.994029850746269
zh1019inf,ARL4C,ARL4C,TRUE,0.352318069007544,0.345074626865672
zh1019inf,ANXA2,ANXA2,TRUE,1.12687288973342,0.724179104477612
zh1019inf,CTSD,CTSD,TRUE,1.69394404076447,0.888955223880597
zh1019inf,S100A10,S100A10,TRUE,2.05615066380226,0.860298507462687
zh1019inf,MS4A4A,MS4A4A,TRUE,0.141925379373409,0.161791044776119
zh1019inf,FGL2,FGL2,TRUE,0.129080247175667,0.142686567164179
zh1019inf,CD44,CD44,TRUE,0.977603158498802,0.668059701492537
zh1019inf,AHR,AHR,TRUE,0.0510574793556967,0.066865671641791
zh1019inf,AHNAK,AHNAK,TRUE,0.479709510943493,0.444776119402985
zh1019inf,CSTA,CSTA,TRUE,0.106975294912271,0.118208955223881
zh1019inf,CD48,CD48,TRUE,0.0230389586397887,0.0292537313432836
zh1019inf,IQGAP1,IQGAP1,TRUE,0.318760871739883,0.333731343283582
zh1019inf,NAMPT,NAMPT,TRUE,0.509668175619743,0.448358208955224
zh1019inf,FCHO2,FCHO2,TRUE,0.0516999761815645,0.0585074626865672
zh1019inf,MPEG1,MPEG1,TRUE,0.0643375097640111,0.0776119402985075
zh1019inf,EMP3,EMP3,TRUE,1.14361480451952,0.721791044776119
zh1019inf,HLA-DMA,HLA-DMA,TRUE,0.31536755761802,0.316417910447761
zh1019inf,FILIP1L,FILIP1L,TRUE,0.0386536647706542,0.0441791044776119
zh1019inf,SH3BP5,SH3BP5,TRUE,0.157726198293213,0.164776119402985
zh1019inf,FXYD5,FXYD5,TRUE,0.314058872335076,0.312835820895522
zh1019inf,GRN,GRN,TRUE,0.92298235342589,0.663880597014925
zh1019inf,LITAF,LITAF,TRUE,0.615359055091857,0.527164179104478
zh1019inf,CTSS,CTSS,TRUE,0.335697092040835,0.333134328358209
zh1019inf,CFD,CFD,TRUE,0.055789548557406,0.0638805970149254
zh1019inf,STAB1,STAB1,TRUE,0.316581821300884,0.32
zh1019inf,IFITM3,IFITM3,TRUE,1.44401522750474,0.808955223880597
zh1019inf,ARHGAP18,ARHGAP18,TRUE,0.109001646604409,0.123582089552239
zh1019inf,NPC2,NPC2,TRUE,1.35867809496735,0.808358208955224
zh1019inf,DAB2,DAB2,TRUE,0.151637967411672,0.168358208955224
zh1019inf,TXNIP,TXNIP,TRUE,0.7662084969751,0.600597014925373
zh1019inf,TXN,TXN,TRUE,1.14436524575911,0.734925373134328
zh1019inf,BTG1,BTG1,TRUE,0.318962990053952,0.311044776119403
zh1019inf,FNBP1,FNBP1,TRUE,0.232426602463847,0.24
zh1019inf,AP1S2,AP1S2,TRUE,0.33725912935308,0.343880597014925
zh1019inf,PSAP,PSAP,TRUE,2.61524149416223,0.968358208955224
zh1019inf,CD68,CD68,TRUE,0.607791547959053,0.511044776119403
zh1019inf,BLVRB,BLVRB,TRUE,0.46350638167278,0.442985074626866
zh1019inf,RNF144B,RNF144B,TRUE,0.0298154605298728,0.0340298507462687
zh1019inf,YBX1,YBX1,TRUE,1.15431605305326,0.758805970149254
zh1019inf,C1orf162,C1orf162,TRUE,0.162935006138757,0.183880597014925
zh1019inf,CHPT1,CHPT1,TRUE,0.316125526161466,0.333731343283582
zh1019inf,TMSB10,TMSB10,TRUE,3.29610573676695,0.980298507462687
zh1019inf,GPR183,GPR183,TRUE,0.0190186972596047,0.022089552238806
zh1019inf,BRI3,BRI3,TRUE,0.683702353952369,0.568955223880597
zh1019inf,RPS18,RPS18,TRUE,2.80960454882076,0.983283582089552
zh1019inf,HEXA,HEXA,TRUE,0.302311825467881,0.315820895522388
zh1019inf,FCGRT,FCGRT,TRUE,0.705285193879205,0.575522388059702
zh1019inf,RNASE6,RNASE6,TRUE,0.125405059041518,0.146268656716418
zh1019inf,TNFAIP3,TNFAIP3,TRUE,0.0167853359890377,0.0208955223880597
zh1019inf,SDCBP,SDCBP,TRUE,0.594631151844041,0.526567164179105
zh1019inf,HLA-DMB,HLA-DMB,TRUE,0.478716458707851,0.432238805970149
zh1019inf,PPDPF,PPDPF,TRUE,1.10345236160098,0.74089552238806
zh1019inf,RPS2,RPS2,TRUE,3.21052552779404,0.991044776119403
zh1019inf,RPS13,RPS13,TRUE,2.30480647908297,0.957611940298507
zh1019inf,HLA-DOA,HLA-DOA,TRUE,0.0986179712266681,0.118208955223881
zh1019inf,GSTP1,GSTP1,TRUE,1.17506586362896,0.765970149253731
zh1019inf,PTMA,PTMA,TRUE,2.39496327381691,0.962985074626866
zh1019inf,PHLDA1,PHLDA1,TRUE,0.416920868367305,0.402985074626866
zh1019inf,CARD16,CARD16,TRUE,0.0793252175564791,0.0901492537313433
zh1019inf,PPA1,PPA1,TRUE,0.532955665785756,0.471641791044776
zh1019inf,FTH1,FTH1,TRUE,4.21900774391146,1
zh1019inf,MARCH1,MARCH1,TRUE,0.117719210980555,0.118208955223881
zh1019inf,PECAM1,PECAM1,TRUE,0.350999911320882,0.333731343283582
zh1019inf,RPL12,RPL12,TRUE,2.49832243116133,0.962388059701493
zh1019inf,PCBD1,PCBD1,TRUE,0.319239167277613,0.337910447761194
zh1019inf,RPS17,RPS17,TRUE,1.40433011048358,0.828059701492537
zh1019inf,SNX6,SNX6,TRUE,0.283921545069963,0.28
zh1019inf,RBPJ,RBPJ,TRUE,0.320209240040766,0.314029850746269
zh1019inf,DRAM2,DRAM2,TRUE,0.184960988692457,0.207164179104478
zh1019t1,LYZ,LYZ,TRUE,0.0495622847588074,0.0853658536585366
zh1019t1,VIM,VIM,TRUE,3.90128910832608,1
zh1019t1,AREG,,FALSE,,
zh1019t1,HLA-DPB1,HLA-DPB1,TRUE,1.37427299011569,0.956848030018762
zh1019t1,CD163,CD163,TRUE,0.0530924195226734,0.0891181988742964
zh1019t1,LGALS3,LGALS3,TRUE,0.712415593056989,0.766416510318949
zh1019t1,HLA-DQA1,HLA-DQA1,TRUE,0.644085955022654,0.711069418386492
zh1019t1,S100A4,S100A4,TRUE,0.889664940594795,0.853658536585366
zh1019t1,HLA-DPA1,HLA-DPA1,TRUE,1.44894743302355,0.960600375234522
zh1019t1,S100A6,S100A6,TRUE,3.72973856414078,1
zh1019t1,HLA-DRB1,HLA-DRB1,TRUE,1.09220366436966,0.893996247654784
zh1019t1,ANXA1,ANXA1,TRUE,1.88514289749945,0.9953095684803
zh1019t1,HLA-DQB1,HLA-DQB1,TRUE,0.692960597681927,0.74296435272045
zh1019t1,HLA-DRA,HLA-DRA,TRUE,2.03413295112137,0.99624765478424
zh1019t1,SLC40A1,SLC40A1,TRUE,0.264448063871088,0.398686679174484
zh1019t1,MS4A6A,MS4A6A,TRUE,0.312629506994371,0.446529080675422
zh1019t1,TGFBI,TGFBI,TRUE,2.75431775927903,1
zh1019t1,LGALS1,LGALS1,TRUE,2.56472035990712,1
zh1019t1,CD74,CD74,TRUE,2.51089129640399,0.99906191369606
zh1019t1,MRC1,,FALSE,,
zh1019t1,CST3,CST3,TRUE,3.04468460542276,1
zh1019t1,ARL4C,ARL4C,TRUE,0.470807975053972,0.591932457786116
zh1019t1,ANXA2,ANXA2,TRUE,1.45736553676518,0.974671669793621
zh1019t1,CTSD,CTSD,TRUE,0.970441447781942,0.893996247654784
zh1019t1,S100A10,S100A10,TRUE,3.22473264575248,1
zh1019t1,MS4A4A,MS4A4A,TRUE,0.0924612265128551,0.160412757973734
zh1019t1,FGL2,FGL2,TRUE,0.152867597260818,0.24296435272045
zh1019t1,CD44,CD44,TRUE,1.00619847425543,0.897748592870544
zh1019t1,AHR,AHR,TRUE,0.0910033102954222,0.153846153846154
zh1019t1,AHNAK,AHNAK,TRUE,0.392477990042134,0.549718574108818
zh1019t1,CSTA,CSTA,TRUE,0.0710280436762057,0.116322701688555
zh1019t1,CD48,CD48,TRUE,0.0281300343343168,0.0534709193245779
zh1019t1,IQGAP1,IQGAP1,TRUE,0.38061402008181,0.530956848030019
zh1019t1,NAMPT,NAMPT,TRUE,0.546433629291583,0.659474671669794
zh1019t1,FCHO2,FCHO2,TRUE,0.0544542988751336,0.0956848030018762
zh1019t1,MPEG1,MPEG1,TRUE,0.0485743145089706,0.0891181988742964
zh1019t1,EMP3,EMP3,TRUE,1.62410721399669,0.986866791744841
zh1019t1,HLA-DMA,HLA-DMA,TRUE,0.347900907359661,0.49249530956848
zh1019t1,FILIP1L,FILIP1L,TRUE,0.0606096098372915,0.104127579737336
zh1019t1,SH3BP5,SH3BP5,TRUE,0.106164306351102,0.179174484052533
zh1019t1,FXYD5,FXYD5,TRUE,0.247013675406734,0.373358348968105
zh1019t1,GRN,GRN,TRUE,0.677385914206394,0.73921200750469
zh1019t1,LITAF,LITAF,TRUE,0.501811206252921,0.643527204502814
zh1019t1,CTSS,CTSS,TRUE,0.241748162130033,0.377110694183865
zh1019t1,CFD,CFD,TRUE,0.0233586836270943,0.0422138836772983
zh1019t1,STAB1,STAB1,TRUE,0.213985422675179,0.332082551594747
zh1019t1,IFITM3,IFITM3,TRUE,1.39928988437592,0.958724202626642
zh1019t1,ARHGAP18,ARHGAP18,TRUE,0.0952910746212663,0.162288930581614
zh1019t1,NPC2,NPC2,TRUE,1.30000378876939,0.949343339587242
zh1019t1,DAB2,DAB2,TRUE,0.0561871050194615,0.099437148217636
zh1019t1,TXNIP,TXNIP,TRUE,1.14135608851965,0.934333958724203
zh1019t1,TXN,TXN,TRUE,1.74159223082894,0.986866791744841
zh1019t1,BTG1,BTG1,TRUE,0.397896518327286,0.527204502814259
zh1019t1,FNBP1,FNBP1,TRUE,0.191339499467803,0.306754221388368
zh1019t1,AP1S2,AP1S2,TRUE,0.363327062558756,0.50375234521576
zh1019t1,PSAP,PSAP,TRUE,2.3141238682311,1
zh1019t1,CD68,CD68,TRUE,0.307270848881186,0.447467166979362
zh1019t1,BLVRB,BLVRB,TRUE,0.644871822707907,0.74390243902439
zh1019t1,RNF144B,RNF144B,TRUE,0.0267866405013521,0.0469043151969981
zh1019t1,YBX1,YBX1,TRUE,1.25270955618794,0.954971857410882
zh1019t1,C1orf162,C1orf162,TRUE,0.210546448211023,0.329268292682927
zh1019t1,CHPT1,CHPT1,TRUE,0.396862912681728,0.542213883677298
zh1019t1,TMSB10,TMSB10,TRUE,3.6332425311512,1
zh1019t1,GPR183,GPR183,TRUE,0.0442040151451807,0.075046904315197
zh1019t1,BRI3,BRI3,TRUE,0.645941731192411,0.75891181988743
zh1019t1,RPS18,RPS18,TRUE,2.8391487501164,1
zh1019t1,HEXA,HEXA,TRUE,0.295436658849131,0.434333958724203
zh1019t1,FCGRT,FCGRT,TRUE,0.812448684460399,0.825515947467167
zh1019t1,RNASE6,RNASE6,TRUE,0.166119936737267,0.268292682926829
zh1019t1,TNFAIP3,TNFAIP3,TRUE,0.0439038775290887,0.0797373358348968
zh1019t1,SDCBP,SDCBP,TRUE,0.705891523912362,0.786116322701689
zh1019t1,HLA-DMB,HLA-DMB,TRUE,0.407854176805026,0.549718574108818
zh1019t1,PPDPF,PPDPF,TRUE,1.31445011357801,0.963414634146341
zh1019t1,RPS2,RPS2,TRUE,3.39397852207331,1
zh1019t1,RPS13,RPS13,TRUE,2.40329958761838,1
zh1019t1,HLA-DOA,HLA-DOA,TRUE,0.0819482023556109,0.142589118198874
zh1019t1,GSTP1,GSTP1,TRUE,1.18415238570869,0.931519699812383
zh1019t1,PTMA,PTMA,TRUE,2.21224962686392,0.99812382739212
zh1019t1,PHLDA1,PHLDA1,TRUE,0.481149288245098,0.611632270168856
zh1019t1,CARD16,CARD16,TRUE,0.0993119295975123,0.170731707317073
zh1019t1,PPA1,PPA1,TRUE,0.3924843362496,0.540337711069418
zh1019t1,FTH1,FTH1,TRUE,3.83066885362322,1
zh1019t1,MARCH1,MARCH1,TRUE,0.0505834316030978,0.0919324577861163
zh1019t1,PECAM1,PECAM1,TRUE,0.308438214432395,0.400562851782364
zh1019t1,RPL12,RPL12,TRUE,2.77149348156118,1
zh1019t1,PCBD1,PCBD1,TRUE,0.58908494827143,0.703564727954972
zh1019t1,RPS17,RPS17,TRUE,1.69492711062638,0.9906191369606
zh1019t1,SNX6,SNX6,TRUE,0.199023567505434,0.312382739212008
zh1019t1,RBPJ,RBPJ,TRUE,0.283031435891888,0.418386491557223
zh1019t1,DRAM2,DRAM2,TRUE,0.287770859066836,0.439962476547842
zh8811a,LYZ,LYZ,TRUE,0.0793461884173032,0.118543607112616
zh8811a,VIM,VIM,TRUE,3.7235755484191,0.999153259949196
zh8811a,AREG,AREG,TRUE,0.0219558320048774,0.0402201524132091
zh8811a,HLA-DPB1,HLA-DPB1,TRUE,0.602917950864445,0.585097375105843
zh8811a,CD163,CD163,TRUE,0.832227708172278,0.700254022015241
zh8811a,LGALS3,LGALS3,TRUE,1.43894742057452,0.880186282811177
zh8811a,HLA-DQA1,HLA-DQA1,TRUE,0.193249655091665,0.267993226079594
zh8811a,S100A4,S100A4,TRUE,0.252584398355444,0.327265029635902
zh8811a,HLA-DPA1,HLA-DPA1,TRUE,1.02903877320062,0.757832345469941
zh8811a,S100A6,S100A6,TRUE,3.35846494022975,0.998306519898391
zh8811a,HLA-DRB1,HLA-DRB1,TRUE,0.782468741123147,0.676545300592718
zh8811a,ANXA1,ANXA1,TRUE,0.777619819820102,0.703640982218459
zh8811a,HLA-DQB1,HLA-DQB1,TRUE,0.392433290537881,0.449195596951736
zh8811a,HLA-DRA,HLA-DRA,TRUE,1.57325122338278,0.886113463166808
zh8811a,SLC40A1,SLC40A1,TRUE,0.107706978348739,0.160457239627434
zh8811a,MS4A6A,MS4A6A,TRUE,0.424198656346645,0.479678238780694
zh8811a,TGFBI,TGFBI,TRUE,0.636181867603435,0.580863674851821
zh8811a,LGALS1,LGALS1,TRUE,2.55761110593982,0.993649449618967
zh8811a,CD74,CD74,TRUE,2.21116328053735,0.937341236240474
zh8811a,MRC1,MRC1,TRUE,0.0876406661119694,0.128281117696867
zh8811a,CST3,CST3,TRUE,2.682063474654,0.986875529212532
zh8811a,ARL4C,ARL4C,TRUE,0.855681743120516,0.750211685012701
zh8811a,ANXA2,ANXA2,TRUE,1.76676803753378,0.941151566469094
zh8811a,CTSD,CTSD,TRUE,1.61901750580144,0.934377646062659
zh8811a,S100A10,S100A10,TRUE,2.08154320828278,0.963166807790009
zh8811a,MS4A4A,MS4A4A,TRUE,0.269634215679399,0.348433530906012
zh8811a,FGL2,FGL2,TRUE,0.0964699981139405,0.15198983911939
zh8811a,CD44,CD44,TRUE,1.15942069728521,0.840812870448772
zh8811a,AHR,AHR,TRUE,0.216379875420928,0.300169348010161
zh8811a,AHNAK,AHNAK,TRUE,0.201929572648592,0.249364944961897
zh8811a,CSTA,CSTA,TRUE,0.0429065115824096,0.06731583403895
zh8811a,CD48,CD48,TRUE,0.00250897342818732,0.00508044030482642
zh8811a,IQGAP1,IQGAP1,TRUE,0.368567543710077,0.448348856900931
zh8811a,NAMPT,NAMPT,TRUE,1.31529420234717,0.876375952582557
zh8811a,FCHO2,FCHO2,TRUE,0.0899732570596307,0.138018628281118
zh8811a,MPEG1,MPEG1,TRUE,0.0432462633220115,0.0728196443691787
zh8811a,EMP3,EMP3,TRUE,1.09890974137396,0.810753598645216
zh8811a,HLA-DMA,HLA-DMA,TRUE,0.445080550001793,0.506350550381033
zh8811a,FILIP1L,FILIP1L,TRUE,0.0896970507659649,0.123624047417443
zh8811a,SH3BP5,SH3BP5,TRUE,0.173965469552194,0.238780694326842
zh8811a,FXYD5,FXYD5,TRUE,0.559095672665178,0.574513124470788
zh8811a,GRN,GRN,TRUE,0.817386336202664,0.732430143945809
zh8811a,LITAF,LITAF,TRUE,0.637649022990082,0.646909398814564
zh8811a,CTSS,CTSS,TRUE,0.303566705989571,0.381033022861981
zh8811a,CFD,CFD,TRUE,0.0910634902698932,0.146909398814564
zh8811a,STAB1,STAB1,TRUE,0.604979355060656,0.583403895004234
zh8811a,IFITM3,IFITM3,TRUE,1.78965215123681,0.93268416596105
zh8811a,ARHGAP18,ARHGAP18,TRUE,0.099775138119931,0.140135478408129
zh8811a,NPC2,NPC2,TRUE,1.445747547767,0.884843353090601
zh8811a,DAB2,DAB2,TRUE,0.0957428125571744,0.137171888230313
zh8811a,TXNIP,TXNIP,TRUE,0.913431781891643,0.761642675698561
zh8811a,TXN,TXN,TRUE,1.23589259124328,0.843776460626588
zh8811a,BTG1,BTG1,TRUE,0.596295002120499,0.610922946655377
zh8811a,FNBP1,FNBP1,TRUE,0.15935477347963,0.22692633361558
zh8811a,AP1S2,AP1S2,TRUE,0.734300919542789,0.708721422523285
zh8811a,PSAP,PSAP,TRUE,2.63370600350934,0.986875529212532
zh8811a,CD68,CD68,TRUE,0.386914264269082,0.45766299745978
zh8811a,BLVRB,BLVRB,TRUE,0.237297886767017,0.320914479254869
zh8811a,RNF144B,RNF144B,TRUE,0.0286274132845942,0.044030482641829
zh8811a,YBX1,YBX1,TRUE,1.69572684914777,0.933954276037257
zh8811a,C1orf162,C1orf162,TRUE,0.21764290559549,0.289585097375106
zh8811a,CHPT1,CHPT1,TRUE,0.258894889671387,0.339966130397968
zh8811a,TMSB10,TMSB10,TRUE,4.22774189460305,1
zh8811a,GPR183,GPR183,TRUE,0.0402839764094705,0.06731583403895
zh8811a,BRI3,BRI3,TRUE,0.636378788064348,0.643522438611346
zh8811a,RPS18,RPS18,TRUE,3.01947020670959,0.996613039796782
zh8811a,HEXA,HEXA,TRUE,0.504263205420088,0.567739204064352
zh8811a,FCGRT,FCGRT,TRUE,0.732029219530577,0.68458933107536
zh8811a,RNASE6,RNASE6,TRUE,0.119284343301999,0.177392040643522
zh8811a,TNFAIP3,TNFAIP3,TRUE,0.0752116589889464,0.101608806096528
zh8811a,SDCBP,SDCBP,TRUE,0.834762481865286,0.746401354784081
zh8811a,HLA-DMB,HLA-DMB,TRUE,0.339855996738815,0.410668924640135
zh8811a,PPDPF,PPDPF,TRUE,1.57517422911173,0.910668924640136
zh8811a,RPS2,RPS2,TRUE,3.37757984670993,0.997459779847587
zh8811a,RPS13,RPS13,TRUE,2.54205690988441,0.981371718882303
zh8811a,HLA-DOA,HLA-DOA,TRUE,0.0960040779909988,0.139712108382727
zh8811a,GSTP1,GSTP1,TRUE,1.59574945870802,0.908975444538527
zh8811a,PTMA,PTMA,TRUE,2.86213132987209,0.995342929720576
zh8811a,PHLDA1,PHLDA1,TRUE,1.52078755604965,0.898814563928874
zh8811a,CARD16,CARD16,TRUE,0.0758558434503012,0.118543607112616
zh8811a,PPA1,PPA1,TRUE,0.660330891654124,0.65961049957663
zh8811a,FTH1,FTH1,TRUE,3.76884242043885,1
zh8811a,MARCH1,MARCH1,TRUE,0.209643335851278,0.285774767146486
zh8811a,PECAM1,PECAM1,TRUE,0.194384449486102,0.251058425063506
zh8811a,RPL12,RPL12,TRUE,2.75076360251638,0.986028789161727
zh8811a,PCBD1,PCBD1,TRUE,0.398170054432524,0.493226079593565
zh8811a,RPS17,RPS17,TRUE,1.71258883673149,0.934801016088061
zh8811a,SNX6,SNX6,TRUE,0.410813952504102,0.48645215918713
zh8811a,RBPJ,RBPJ,TRUE,0.439810195749642,0.510584250635055
zh8811a,DRAM2,DRAM2,TRUE,0.170643306363601,0.253175275190517
zh8811b,LYZ,LYZ,TRUE,0.0660919341212189,0.107704719645018
zh8811b,VIM,VIM,TRUE,3.86388494480141,1
zh8811b,AREG,AREG,TRUE,0.0218820636722629,0.0431625655506253
zh8811b,HLA-DPB1,HLA-DPB1,TRUE,0.529008634569893,0.557079467527229
zh8811b,CD163,CD163,TRUE,0.773350030411006,0.693828156514724
zh8811b,LGALS3,LGALS3,TRUE,1.59586444570514,0.915691811214199
zh8811b,HLA-DQA1,HLA-DQA1,TRUE,0.159915775527262,0.255748285599032
zh8811b,S100A4,S100A4,TRUE,0.233753257490925,0.332795482049213
zh8811b,HLA-DPA1,HLA-DPA1,TRUE,0.923079871869161,0.716417910447761
zh8811b,S100A6,S100A6,TRUE,3.48692508995414,0.99878983461073
zh8811b,HLA-DRB1,HLA-DRB1,TRUE,0.681091646681772,0.647438483259379
zh8811b,ANXA1,ANXA1,TRUE,0.801772225369376,0.718838241226301
zh8811b,HLA-DQB1,HLA-DQB1,TRUE,0.325736230654846,0.419524001613554
zh8811b,HLA-DRA,HLA-DRA,TRUE,1.39797384237977,0.828156514723679
zh8811b,SLC40A1,SLC40A1,TRUE,0.094242128539918,0.159338442920532
zh8811b,MS4A6A,MS4A6A,TRUE,0.379100548597179,0.45824929407019
zh8811b,TGFBI,TGFBI,TRUE,0.60043307503338,0.588543767648245
zh8811b,LGALS1,LGALS1,TRUE,2.69089215582562,0.991125453812021
zh8811b,CD74,CD74,TRUE,1.96227394819526,0.901573215006051
zh8811b,MRC1,MRC1,TRUE,0.0808153125752489,0.125857200484066
zh8811b,CST3,CST3,TRUE,2.36325729721418,0.968939088342074
zh8811b,ARL4C,ARL4C,TRUE,0.90654270654278,0.776926179911255
zh8811b,ANXA2,ANXA2,TRUE,1.84628545103164,0.943929003630496
zh8811b,CTSD,CTSD,TRUE,1.59833211671932,0.922549415086728
zh8811b,S100A10,S100A10,TRUE,2.26643642696301,0.968939088342074
zh8811b,MS4A4A,MS4A4A,TRUE,0.22689171577436,0.332795482049213
zh8811b,FGL2,FGL2,TRUE,0.09339522555337,0.149253731343284
zh8811b,CD44,CD44,TRUE,1.16609668951765,0.837031060911658
zh8811b,AHR,AHR,TRUE,0.20803850653104,0.313432835820896
zh8811b,AHNAK,AHNAK,TRUE,0.220381021044696,0.285195643404599
zh8811b,CSTA,CSTA,TRUE,0.0492699992418623,0.0879386849536103
zh8811b,CD48,CD48,TRUE,0.00452202458340284,0.00766438079870916
zh8811b,IQGAP1,IQGAP1,TRUE,0.39007828692163,0.476805163372328
zh8811b,NAMPT,NAMPT,TRUE,1.3939170234642,0.885437676482453
zh8811b,FCHO2,FCHO2,TRUE,0.0985843399587074,0.161355385235982
zh8811b,MPEG1,MPEG1,TRUE,0.0318250091968784,0.0552642194433239
zh8811b,EMP3,EMP3,TRUE,1.12405346845834,0.82049213392497
zh8811b,HLA-DMA,HLA-DMA,TRUE,0.383022833745984,0.480839048003227
zh8811b,FILIP1L,FILIP1L,TRUE,0.07544290999092,0.123840258168616
zh8811b,SH3BP5,SH3BP5,TRUE,0.197646476201144,0.27390076643808
zh8811b,FXYD5,FXYD5,TRUE,0.52822733028529,0.576038725292457
zh8811b,GRN,GRN,TRUE,0.756561846223702,0.715611133521581
zh8811b,LITAF,LITAF,TRUE,0.651478556748046,0.679306171843485
zh8811b,CTSS,CTSS,TRUE,0.288414994478676,0.401774909237596
zh8811b,CFD,CFD,TRUE,0.0701842193228889,0.118192819685357
zh8811b,STAB1,STAB1,TRUE,0.511490664014037,0.5461879790238
zh8811b,IFITM3,IFITM3,TRUE,1.74333091635766,0.90923759580476
zh8811b,ARHGAP18,ARHGAP18,TRUE,0.0837295860100661,0.129891085114966
zh8811b,NPC2,NPC2,TRUE,1.44995429777166,0.870108914885034
zh8811b,DAB2,DAB2,TRUE,0.0883787125395732,0.133924969745865
zh8811b,TXNIP,TXNIP,TRUE,0.882181411802519,0.743041549011698
zh8811b,TXN,TXN,TRUE,1.22212692442295,0.831383622428399
zh8811b,BTG1,BTG1,TRUE,0.639783512933068,0.662767244856797
zh8811b,FNBP1,FNBP1,TRUE,0.151828838162356,0.238402581686164
zh8811b,AP1S2,AP1S2,TRUE,0.721877176774202,0.708753529649052
zh8811b,PSAP,PSAP,TRUE,2.58490321418372,0.982250907624042
zh8811b,CD68,CD68,TRUE,0.37945797454186,0.473174667204518
zh8811b,BLVRB,BLVRB,TRUE,0.262464130463885,0.357402178297701
zh8811b,RNF144B,RNF144B,TRUE,0.0406601977850066,0.0673658733360226
zh8811b,YBX1,YBX1,TRUE,1.69268349320825,0.932634126663977
zh8811b,C1orf162,C1orf162,TRUE,0.194972832442779,0.298104074223477
zh8811b,CHPT1,CHPT1,TRUE,0.257814015101033,0.372327551432029
zh8811b,TMSB10,TMSB10,TRUE,4.34186674105368,1
zh8811b,GPR183,GPR183,TRUE,0.0469119079704597,0.0802743041549012
zh8811b,BRI3,BRI3,TRUE,0.727976538583556,0.708753529649052
zh8811b,RPS18,RPS18,TRUE,3.1216157501928,0.99717628075837
zh8811b,HEXA,HEXA,TRUE,0.486685128333096,0.581282775312626
zh8811b,FCGRT,FCGRT,TRUE,0.672941640004031,0.670028237192416
zh8811b,RNASE6,RNASE6,TRUE,0.0948306553213439,0.160951996772892
zh8811b,TNFAIP3,TNFAIP3,TRUE,0.0757208315398182,0.100847115772489
zh8811b,SDCBP,SDCBP,TRUE,0.913292343150589,0.780960064542154
zh8811b,HLA-DMB,HLA-DMB,TRUE,0.304062258829597,0.408229124647035
zh8811b,PPDPF,PPDPF,TRUE,1.49914875335763,0.887454618797902
zh8811b,RPS2,RPS2,TRUE,3.34100763081103,0.99757966922146
zh8811b,RPS13,RPS13,TRUE,2.5846105127363,0.978217022993142
zh8811b,HLA-DOA,HLA-DOA,TRUE,0.0850617587715204,0.145623235175474
zh8811b,GSTP1,GSTP1,TRUE,1.63006319777651,0.893505445744252
zh8811b,PTMA,PTMA,TRUE,2.83886584580788,0.989108511496571
zh8811b,PHLDA1,PHLDA1,TRUE,1.53124371570701,0.890278338039532
zh8811b,CARD16,CARD16,TRUE,0.0747593433908565,0.135135135135135
zh8811b,PPA1,PPA1,TRUE,0.64291262665368,0.658329971762808
zh8811b,FTH1,FTH1,TRUE,3.6467272791868,0.99919322307382
zh8811b,MARCH1,MARCH1,TRUE,0.19494531763982,0.299717628075837
zh8811b,PECAM1,PECAM1,TRUE,0.141541284398454,0.218636546994756
zh8811b,RPL12,RPL12,TRUE,2.8142390760265,0.987898346107301
zh8811b,PCBD1,PCBD1,TRUE,0.407479454691101,0.515530455828963
zh8811b,RPS17,RPS17,TRUE,1.6862993507201,0.921339249697459
zh8811b,SNX6,SNX6,TRUE,0.435199203884015,0.538926986688181
zh8811b,RBPJ,RBPJ,TRUE,0.445272103287514,0.536506655909641
zh8811b,DRAM2,DRAM2,TRUE,0.164027997107741,0.27511093182735
zh8812,LYZ,LYZ,TRUE,0.0719785269267395,0.0885627530364373
zh8812,VIM,VIM,TRUE,2.82010788538195,0.995445344129555
zh8812,AREG,AREG,TRUE,0.00483149667816857,0.00506072874493927
zh8812,HLA-DPB1,HLA-DPB1,TRUE,0.803952732006753,0.680668016194332
zh8812,CD163,CD163,TRUE,0.100034823825925,0.116902834008097
zh8812,LGALS3,LGALS3,TRUE,0.601838198892999,0.565283400809717
zh8812,HLA-DQA1,HLA-DQA1,TRUE,0.258838532043221,0.286943319838057
zh8812,S100A4,S100A4,TRUE,0.229548840058262,0.260121457489879
zh8812,HLA-DPA1,HLA-DPA1,TRUE,1.30781288710105,0.867914979757085
zh8812,S100A6,S100A6,TRUE,2.99984703674662,0.998481781376518
zh8812,HLA-DRB1,HLA-DRB1,TRUE,0.856726605791822,0.709514170040486
zh8812,ANXA1,ANXA1,TRUE,0.879033813745049,0.720647773279352
zh8812,HLA-DQB1,HLA-DQB1,TRUE,0.569205106654295,0.536437246963563
zh8812,HLA-DRA,HLA-DRA,TRUE,1.73903982601959,0.946862348178138
zh8812,SLC40A1,SLC40A1,TRUE,0.203412376984942,0.23582995951417
zh8812,MS4A6A,MS4A6A,TRUE,0.204211994149793,0.231275303643725
zh8812,TGFBI,TGFBI,TRUE,0.105908352290264,0.131072874493927
zh8812,LGALS1,LGALS1,TRUE,1.89821938863222,0.970647773279352
zh8812,CD74,CD74,TRUE,2.53126096399417,0.990384615384615
zh8812,MRC1,MRC1,TRUE,0.0224269962893959,0.0253036437246964
zh8812,CST3,CST3,TRUE,4.55736209121979,1
zh8812,ARL4C,ARL4C,TRUE,0.291362715493408,0.319331983805668
zh8812,ANXA2,ANXA2,TRUE,1.05574794794894,0.781882591093117
zh8812,CTSD,CTSD,TRUE,1.57989222214926,0.93168016194332
zh8812,S100A10,S100A10,TRUE,1.49744207371908,0.908400809716599
zh8812,MS4A4A,MS4A4A,TRUE,0.0927064310899876,0.11336032388664
zh8812,FGL2,FGL2,TRUE,0.122964518693547,0.146761133603239
zh8812,CD44,CD44,TRUE,1.08722801512809,0.795546558704453
zh8812,AHR,AHR,TRUE,0.136024905947549,0.165991902834008
zh8812,AHNAK,AHNAK,TRUE,0.420253139626547,0.440789473684211
zh8812,CSTA,CSTA,TRUE,0.0597406735544947,0.0754048582995952
zh8812,CD48,CD48,TRUE,0.00542028622241109,0.00860323886639676
zh8812,IQGAP1,IQGAP1,TRUE,0.371194142208968,0.394230769230769
zh8812,NAMPT,NAMPT,TRUE,0.490515401859769,0.466599190283401
zh8812,FCHO2,FCHO2,TRUE,0.11270134752462,0.136133603238866
zh8812,MPEG1,MPEG1,TRUE,0.0263822120288701,0.034412955465587
zh8812,EMP3,EMP3,TRUE,0.777574150945696,0.665485829959514
zh8812,HLA-DMA,HLA-DMA,TRUE,0.517639294961659,0.508097165991903
zh8812,FILIP1L,FILIP1L,TRUE,0.0545535706062891,0.0708502024291498
zh8812,SH3BP5,SH3BP5,TRUE,0.2036665319612,0.229251012145749
zh8812,FXYD5,FXYD5,TRUE,0.326629961521239,0.350708502024292
zh8812,GRN,GRN,TRUE,0.76190327882219,0.656376518218624
zh8812,LITAF,LITAF,TRUE,0.76811115307167,0.677631578947369
zh8812,CTSS,CTSS,TRUE,0.290098333890783,0.319331983805668
zh8812,CFD,CFD,TRUE,0.0715864026989135,0.0946356275303644
zh8812,STAB1,STAB1,TRUE,0.138772038397729,0.173076923076923
zh8812,IFITM3,IFITM3,TRUE,2.02763939043227,0.976720647773279
zh8812,ARHGAP18,ARHGAP18,TRUE,0.114650815310108,0.140182186234818
zh8812,NPC2,NPC2,TRUE,1.32303302095192,0.880566801619433
zh8812,DAB2,DAB2,TRUE,0.111775795235032,0.137651821862348
zh8812,TXNIP,TXNIP,TRUE,0.886988349477576,0.725708502024292
zh8812,TXN,TXN,TRUE,0.807479509009983,0.691295546558704
zh8812,BTG1,BTG1,TRUE,0.517749322997277,0.50253036437247
zh8812,FNBP1,FNBP1,TRUE,0.414068809391211,0.427125506072874
zh8812,AP1S2,AP1S2,TRUE,0.565204826421767,0.540485829959514
zh8812,PSAP,PSAP,TRUE,2.46466994849568,0.994433198380567
zh8812,CD68,CD68,TRUE,0.429208491804996,0.440283400809717
zh8812,BLVRB,BLVRB,TRUE,0.29088389562105,0.321356275303644
zh8812,RNF144B,RNF144B,TRUE,0.0364628303074232,0.0460526315789474
zh8812,YBX1,YBX1,TRUE,1.01747099437873,0.795546558704453
zh8812,C1orf162,C1orf162,TRUE,0.239123096831409,0.264676113360324
zh8812,CHPT1,CHPT1,TRUE,0.354910807860019,0.380566801619433
zh8812,TMSB10,TMSB10,TRUE,2.81908791748803,0.998481781376518
zh8812,GPR183,GPR183,TRUE,0.058116361073726,0.069838056680162
zh8812,BRI3,BRI3,TRUE,0.615096685194268,0.57995951417004
zh8812,RPS18,RPS18,TRUE,2.88607466584584,1
zh8812,HEXA,HEXA,TRUE,0.349406816053732,0.379554655870445
zh8812,FCGRT,FCGRT,TRUE,0.638341762006067,0.589068825910931
zh8812,RNASE6,RNASE6,TRUE,0.122548036862528,0.144736842105263
zh8812,TNFAIP3,TNFAIP3,TRUE,0.0240971376655966,0.0323886639676113
zh8812,SDCBP,SDCBP,TRUE,0.9026826361314,0.730263157894737
zh8812,HLA-DMB,HLA-DMB,TRUE,0.386714441851712,0.403846153846154
zh8812,PPDPF,PPDPF,TRUE,1.28745560392982,0.875
zh8812,RPS2,RPS2,TRUE,2.67097519459606,0.998481781376518
zh8812,RPS13,RPS13,TRUE,2.59671785935207,0.99746963562753
zh8812,HLA-DOA,HLA-DOA,TRUE,0.167273173436827,0.197874493927126
zh8812,GSTP1,GSTP1,TRUE,1.51222988968871,0.916497975708502
zh8812,PTMA,PTMA,TRUE,2.71311430879603,0.996963562753036
zh8812,PHLDA1,PHLDA1,TRUE,0.512074328351546,0.490384615384615
zh8812,CARD16,CARD16,TRUE,0.0857968483412705,0.105769230769231
zh8812,PPA1,PPA1,TRUE,0.74183959844524,0.658400809716599
zh8812,FTH1,FTH1,TRUE,4.09015570840732,1
zh8812,MARCH1,MARCH1,TRUE,0.167203963650202,0.195344129554656
zh8812,PECAM1,PECAM1,TRUE,0.219261016421284,0.236336032388664
zh8812,RPL12,RPL12,TRUE,2.48626700982683,0.993927125506073
zh8812,PCBD1,PCBD1,TRUE,0.27748905328172,0.310222672064777
zh8812,RPS17,RPS17,TRUE,1.69097603017151,0.959008097165992
zh8812,SNX6,SNX6,TRUE,0.493982502211819,0.493421052631579
zh8812,RBPJ,RBPJ,TRUE,0.421670317581968,0.433198380566802
zh8812,DRAM2,DRAM2,TRUE,0.165246511835231,0.192307692307692
bwh23,LYZ,LYZ,TRUE,0.0368926346277201,0.0391498881431767
bwh23,VIM,VIM,TRUE,1.25097161860063,0.774049217002237
bwh23,AREG,,FALSE,,
bwh23,HLA-DPB1,HLA-DPB1,TRUE,0.207417523049628,0.21923937360179
bwh23,CD163,CD163,TRUE,0.0466511385755508,0.0503355704697987
bwh23,LGALS3,LGALS3,TRUE,0.065403944301257,0.0693512304250559
bwh23,HLA-DQA1,HLA-DQA1,TRUE,0.0419825756540137,0.0503355704697987
bwh23,S100A4,S100A4,TRUE,0.0165049764724942,0.0178970917225951
bwh23,HLA-DPA1,HLA-DPA1,TRUE,0.312497656897979,0.308724832214765
bwh23,S100A6,S100A6,TRUE,1.56680041961532,0.938478747203579
bwh23,HLA-DRB1,HLA-DRB1,TRUE,0.184000854032941,0.192393736017897
bwh23,ANXA1,ANXA1,TRUE,0.0743802914962536,0.08165548098434
bwh23,HLA-DQB1,HLA-DQB1,TRUE,0.0798933162317372,0.0838926174496644
bwh23,HLA-DRA,HLA-DRA,TRUE,0.590533427330874,0.516778523489933
bwh23,SLC40A1,SLC40A1,TRUE,0.170251168180977,0.187919463087248
bwh23,MS4A6A,MS4A6A,TRUE,0.0854903738304996,0.0950782997762864
bwh23,TGFBI,TGFBI,TRUE,0.22053481726177,0.222595078299776
bwh23,LGALS1,LGALS1,TRUE,1.34761653170874,0.87248322147651
bwh23,CD74,CD74,TRUE,1.24799019710302,0.81096196868009
bwh23,MRC1,MRC1,TRUE,0.0108605931465219,0.0123042505592841
bwh23,CST3,CST3,TRUE,3.23133154759251,0.994407158836689
bwh23,ARL4C,ARL4C,TRUE,0.16586350821264,0.162192393736018
bwh23,ANXA2,ANXA2,TRUE,0.251585947220911,0.260626398210291
bwh23,CTSD,CTSD,TRUE,1.44245024429284,0.906040268456376
bwh23,S100A10,S100A10,TRUE,1.33628327077222,0.866890380313199
bwh23,MS4A4A,MS4A4A,TRUE,0.037297407763905,0.0436241610738255
bwh23,FGL2,FGL2,TRUE,0.0338130443202606,0.0369127516778524
bwh23,CD44,CD44,TRUE,0.560761018193032,0.442953020134228
bwh23,AHR,AHR,TRUE,0.0153492225062422,0.0178970917225951
bwh23,AHNAK,AHNAK,TRUE,0.384682277436223,0.370246085011186
bwh23,CSTA,,FALSE,,
bwh23,CD48,,FALSE,,
bwh23,IQGAP1,IQGAP1,TRUE,0.0884068488081398,0.100671140939597
bwh23,NAMPT,NAMPT,TRUE,0.40959692055439,0.365771812080537
bwh23,FCHO2,FCHO2,TRUE,0.0983353218127203,0.110738255033557
bwh23,MPEG1,MPEG1,TRUE,0.013283707686905,0.0156599552572707
bwh23,EMP3,EMP3,TRUE,0.0419188073304896,0.0480984340044743
bwh23,HLA-DMA,HLA-DMA,TRUE,0.128563047759373,0.140939597315436
bwh23,FILIP1L,FILIP1L,TRUE,0.0140794572138876,0.0167785234899329
bwh23,SH3BP5,SH3BP5,TRUE,0.0845824828293596,0.0961968680089485
bwh23,FXYD5,FXYD5,TRUE,0.101512147987401,0.110738255033557
bwh23,GRN,GRN,TRUE,0.600816462094721,0.563758389261745
bwh23,LITAF,LITAF,TRUE,0.153456891608535,0.171140939597315
bwh23,CTSS,CTSS,TRUE,0.0947466680865464,0.104026845637584
bwh23,CFD,CFD,TRUE,0.0149662073193656,0.0190156599552573
bwh23,STAB1,STAB1,TRUE,0.107001591723861,0.11744966442953
bwh23,IFITM3,IFITM3,TRUE,0.4347000599924,0.399328859060403
bwh23,ARHGAP18,ARHGAP18,TRUE,0.0397986337394906,0.0458612975391499
bwh23,NPC2,NPC2,TRUE,0.594155929487189,0.539149888143177
bwh23,DAB2,DAB2,TRUE,0.115014250288542,0.12751677852349
bwh23,TXNIP,TXNIP,TRUE,0.91787462079492,0.728187919463087
bwh23,TXN,TXN,TRUE,0.97396015649037,0.752796420581656
bwh23,BTG1,BTG1,TRUE,0.457207412376896,0.432885906040268
bwh23,FNBP1,FNBP1,TRUE,0.17416469337846,0.189038031319911
bwh23,AP1S2,AP1S2,TRUE,0.261440028151154,0.263982102908277
bwh23,PSAP,PSAP,TRUE,2.70072954107256,0.995525727069351
bwh23,CD68,CD68,TRUE,0.248660174417721,0.224832214765101
bwh23,BLVRB,BLVRB,TRUE,0.323232006905199,0.327740492170022
bwh23,RNF144B,RNF144B,TRUE,0.020908661888975,0.023489932885906
bwh23,YBX1,YBX1,TRUE,0.877944449117297,0.714765100671141
bwh23,C1orf162,C1orf162,TRUE,0.099797581135543,0.110738255033557
bwh23,CHPT1,CHPT1,TRUE,0.23799881528279,0.252796420581656
bwh23,TMSB10,TMSB10,TRUE,2.65126079986712,0.997762863534676
bwh23,GPR183,GPR183,TRUE,0.0105249522909842,0.0111856823266219
bwh23,BRI3,BRI3,TRUE,0.60237481094743,0.554809843400448
bwh23,RPS18,RPS18,TRUE,3.89223892180634,1
bwh23,HEXA,HEXA,TRUE,0.293804744946742,0.304250559284116
bwh23,FCGRT,FCGRT,TRUE,0.29169677401441,0.312080536912752
bwh23,RNASE6,RNASE6,TRUE,0.0411503682342376,0.0469798657718121
bwh23,TNFAIP3,TNFAIP3,TRUE,0.0110370274376448,0.0123042505592841
bwh23,SDCBP,SDCBP,TRUE,0.623847304189062,0.564876957494407
bwh23,HLA-DMB,HLA-DMB,TRUE,0.115256041932008,0.129753914988814
bwh23,PPDPF,PPDPF,TRUE,1.08744243671166,0.815436241610738
bwh23,RPS2,RPS2,TRUE,3.28181321759382,1
bwh23,RPS13,RPS13,TRUE,3.55117693508647,1
bwh23,HLA-DOA,HLA-DOA,TRUE,0.027247504573782,0.0313199105145414
bwh23,GSTP1,GSTP1,TRUE,1.88740791933617,0.969798657718121
bwh23,PTMA,PTMA,TRUE,2.07291119279024,0.980984340044743
bwh23,PHLDA1,PHLDA1,TRUE,1.21953756873131,0.852348993288591
bwh23,CARD16,CARD16,TRUE,0.0422528521393514,0.0469798657718121
bwh23,PPA1,PPA1,TRUE,1.15162748805746,0.822147651006711
bwh23,FTH1,FTH1,TRUE,3.00581218944269,0.998881431767338
bwh23,MARCH1,MARCH1,TRUE,0.196176146756252,0.210290827740492
bwh23,PECAM1,PECAM1,TRUE,0.245064241071469,0.230425055928412
bwh23,RPL12,RPL12,TRUE,2.67636615695515,0.996644295302013
bwh23,PCBD1,PCBD1,TRUE,0.247646946874617,0.262863534675615
bwh23,RPS17,RPS17,TRUE,2.30033983424177,0.992170022371365
bwh23,SNX6,SNX6,TRUE,0.377957191601014,0.381431767337808
bwh23,RBPJ,RBPJ,TRUE,0.80731679260184,0.675615212527964
bwh23,DRAM2,DRAM2,TRUE,0.110325134686211,0.120805369127517
bwh24,LYZ,LYZ,TRUE,0.248256745558524,0.177901320361362
bwh24,VIM,VIM,TRUE,3.63060345408915,0.989576094510076
bwh24,AREG,AREG,TRUE,0.0109367680822511,0.00868658790826963
bwh24,HLA-DPB1,HLA-DPB1,TRUE,1.43972651877801,0.752953439888812
bwh24,CD163,CD163,TRUE,0.762343871589542,0.490618485059069
bwh24,LGALS3,LGALS3,TRUE,0.203317067042668,0.158443363446838
bwh24,HLA-DQA1,HLA-DQA1,TRUE,0.7331338352948,0.482626824183461
bwh24,S100A4,S100A4,TRUE,0.148301600766924,0.11952744961779
bwh24,HLA-DPA1,HLA-DPA1,TRUE,2.22079758536501,0.905142460041696
bwh24,S100A6,S100A6,TRUE,2.75748216581964,0.955524669909659
bwh24,HLA-DRB1,HLA-DRB1,TRUE,1.76937759983742,0.829742876997915
bwh24,ANXA1,ANXA1,TRUE,0.991499872644139,0.583391243919389
bwh24,HLA-DQB1,HLA-DQB1,TRUE,1.11473077836168,0.636900625434329
bwh24,HLA-DRA,HLA-DRA,TRUE,3.10045107308249,0.978457261987491
bwh24,SLC40A1,SLC40A1,TRUE,0.359915708939176,0.261292564280751
bwh24,MS4A6A,MS4A6A,TRUE,0.610908841699152,0.405837387074357
bwh24,TGFBI,TGFBI,TRUE,0.159676918472511,0.122307157748436
bwh24,LGALS1,LGALS1,TRUE,1.64965221288185,0.812369701181376
bwh24,CD74,CD74,TRUE,3.49031074328405,0.99131341209173
bwh24,MRC1,MRC1,TRUE,0.0563230075914798,0.0437804030576789
bwh24,CST3,CST3,TRUE,3.35104768047966,0.982974287699792
bwh24,ARL4C,ARL4C,TRUE,0.13827073835611,0.110840861709521
bwh24,ANXA2,ANXA2,TRUE,0.93959443519859,0.567060458651842
bwh24,CTSD,CTSD,TRUE,1.29234304757612,0.708825573314802
bwh24,S100A10,S100A10,TRUE,2.24630594082371,0.898540653231411
bwh24,MS4A4A,MS4A4A,TRUE,0.353454580042528,0.25642807505212
bwh24,FGL2,FGL2,TRUE,0.250283186398742,0.190757470465601
bwh24,CD44,CD44,TRUE,1.7728382866535,0.832522585128561
bwh24,AHR,AHR,TRUE,0.162883173798851,0.128908964558721
bwh24,AHNAK,AHNAK,TRUE,0.676887695648415,0.454829742876998
bwh24,CSTA,CSTA,TRUE,0.0405904894683491,0.0337039610840862
bwh24,CD48,CD48,TRUE,0.031741782258212,0.0257123002084781
bwh24,IQGAP1,IQGAP1,TRUE,0.400667370955045,0.292911744266852
bwh24,NAMPT,NAMPT,TRUE,0.705333783527933,0.465253648366921
bwh24,FCHO2,FCHO2,TRUE,0.0839109981295732,0.0674079221681723
bwh24,MPEG1,MPEG1,TRUE,0.0649828886121696,0.0531619179986102
bwh24,EMP3,EMP3,TRUE,0.17780798632693,0.14176511466296
bwh24,HLA-DMA,HLA-DMA,TRUE,0.613233567322838,0.424252953439889
bwh24,FILIP1L,FILIP1L,TRUE,0.231156967813234,0.177901320361362
bwh24,SH3BP5,SH3BP5,TRUE,0.191425990605072,0.149756775538568
bwh24,FXYD5,FXYD5,TRUE,0.268279483144511,0.202918693537179
bwh24,GRN,GRN,TRUE,0.677506779775461,0.461431549687283
bwh24,LITAF,LITAF,TRUE,0.471995096041087,0.335649756775539
bwh24,CTSS,CTSS,TRUE,0.434810706720374,0.317581653926338
bwh24,CFD,CFD,TRUE,0.063747993204445,0.0524669909659486
bwh24,STAB1,STAB1,TRUE,0.37179197746425,0.273801250868659
bwh24,IFITM3,IFITM3,TRUE,0.945370013302229,0.558721334259903
bwh24,ARHGAP18,ARHGAP18,TRUE,0.134524860022348,0.108408617095205
bwh24,NPC2,NPC2,TRUE,1.32398383990688,0.720986796386379
bwh24,DAB2,DAB2,TRUE,0.249592096043241,0.188672689367616
bwh24,TXNIP,TXNIP,TRUE,0.90974272346147,0.55733148019458
bwh24,TXN,TXN,TRUE,0.79818469419778,0.52223766504517
bwh24,BTG1,BTG1,TRUE,0.433610712695902,0.314454482279361
bwh24,FNBP1,FNBP1,TRUE,0.34378663918782,0.257123002084781
bwh24,AP1S2,AP1S2,TRUE,0.580214962567465,0.399930507296734
bwh24,PSAP,PSAP,TRUE,2.94433200843268,0.972202918693537
bwh24,CD68,CD68,TRUE,0.524912412976897,0.368311327310632
bwh24,BLVRB,BLVRB,TRUE,0.318968697853204,0.248436414176511
bwh24,RNF144B,RNF144B,TRUE,0.0716702597624057,0.0583738707435719
bwh24,YBX1,YBX1,TRUE,1.21547292737136,0.69457956914524
bwh24,C1orf162,C1orf162,TRUE,0.270425634401767,0.20361362056984
bwh24,CHPT1,CHPT1,TRUE,0.278951199982729,0.217164697706741
bwh24,TMSB10,TMSB10,TRUE,3.11764131908814,0.983669214732453
bwh24,GPR183,GPR183,TRUE,0.176286581381153,0.14141765114663
bwh24,BRI3,BRI3,TRUE,0.514138201589794,0.365531619179986
bwh24,RPS18,RPS18,TRUE,3.08635135868983,0.980889506601807
bwh24,HEXA,HEXA,TRUE,0.317648732714702,0.246004169562196
bwh24,FCGRT,FCGRT,TRUE,0.518305526407896,0.366921473245309
bwh24,RNASE6,RNASE6,TRUE,0.218012263600851,0.167129951355108
bwh24,TNFAIP3,TNFAIP3,TRUE,0.0598690563856844,0.0528144544822794
bwh24,SDCBP,SDCBP,TRUE,0.693285123403443,0.464211257817929
bwh24,HLA-DMB,HLA-DMB,TRUE,0.567042402805509,0.395066018068103
bwh24,PPDPF,PPDPF,TRUE,1.25269354432494,0.69909659485754
bwh24,RPS2,RPS2,TRUE,2.91742527110795,0.978457261987491
bwh24,RPS13,RPS13,TRUE,2.61973802299117,0.957956914523975
bwh24,HLA-DOA,HLA-DOA,TRUE,0.31226553553598,0.234190410006949
bwh24,GSTP1,GSTP1,TRUE,1.01867181156999,0.614662960389159
bwh24,PTMA,PTMA,TRUE,2.28091824964211,0.929464906184851
bwh24,PHLDA1,PHLDA1,TRUE,0.457756344173973,0.321751216122307
bwh24,CARD16,CARD16,TRUE,0.1019590195312,0.0820013898540653
bwh24,PPA1,PPA1,TRUE,0.737895241910449,0.481584433634468
bwh24,FTH1,FTH1,TRUE,3.8139291076473,0.997915218902015
bwh24,MARCH1,MARCH1,TRUE,0.217623880348253,0.165392633773454
bwh24,PECAM1,PECAM1,TRUE,0.146333232291134,0.117442668519805
bwh24,RPL12,RPL12,TRUE,2.39523983418766,0.939541348158443
bwh24,PCBD1,PCBD1,TRUE,0.345360608253002,0.262334954829743
bwh24,RPS17,RPS17,TRUE,1.78790157043009,0.847116052814454
bwh24,SNX6,SNX6,TRUE,0.515972321452891,0.364141765114663
bwh24,RBPJ,RBPJ,TRUE,0.468931472925132,0.335997220291869
bwh24,DRAM2,DRAM2,TRUE,0.135223509344446,0.113968033356498
bwh25,LYZ,LYZ,TRUE,0.168676304282658,0.131303952748751
bwh25,VIM,VIM,TRUE,4.24411621189561,0.995910949568378
bwh25,AREG,AREG,TRUE,0.0084768985478018,0.0072694229895502
bwh25,HLA-DPB1,HLA-DPB1,TRUE,1.17278672334199,0.62335302135393
bwh25,CD163,CD163,TRUE,0.35121957670427,0.254429804634257
bwh25,LGALS3,LGALS3,TRUE,0.131434426527762,0.108587005906406
bwh25,HLA-DQA1,HLA-DQA1,TRUE,0.415736696909026,0.296683325761018
bwh25,S100A4,S100A4,TRUE,0.209833328664029,0.168559745570195
bwh25,HLA-DPA1,HLA-DPA1,TRUE,1.8280425415731,0.796001817355747
bwh25,S100A6,S100A6,TRUE,2.15082394302419,0.858700590640618
bwh25,HLA-DRB1,HLA-DRB1,TRUE,1.17612785173525,0.616537937301227
bwh25,ANXA1,ANXA1,TRUE,0.659523297886523,0.416174466151749
bwh25,HLA-DQB1,HLA-DQB1,TRUE,0.725431520155796,0.447978191731031
bwh25,HLA-DRA,HLA-DRA,TRUE,2.55810400480946,0.910040890504316
bwh25,SLC40A1,SLC40A1,TRUE,0.190404058201101,0.146297137664698
bwh25,MS4A6A,MS4A6A,TRUE,0.360668392208441,0.258518855065879
bwh25,TGFBI,TGFBI,TRUE,0.191513460327101,0.15765561108587
bwh25,LGALS1,LGALS1,TRUE,1.28969112358103,0.671058609722853
bwh25,CD74,CD74,TRUE,2.91526116517507,0.934120854157201
bwh25,MRC1,MRC1,TRUE,0.0185029228735261,0.016356201726488
bwh25,CST3,CST3,TRUE,3.05039032088812,0.952748750567924
bwh25,ARL4C,ARL4C,TRUE,0.363213104804066,0.265788278055429
bwh25,ANXA2,ANXA2,TRUE,0.583339345923656,0.393457519309405
bwh25,CTSD,CTSD,TRUE,1.04461972250294,0.58836892321672
bwh25,S100A10,S100A10,TRUE,0.28068851251345,0.206724216265334
bwh25,MS4A4A,MS4A4A,TRUE,0.144458429561623,0.119945479327578
bwh25,FGL2,FGL2,TRUE,0.268844065329151,0.196274420717856
bwh25,CD44,CD44,TRUE,0.950419307707157,0.543389368468878
bwh25,AHR,AHR,TRUE,0.269913775719466,0.20581553839164
bwh25,AHNAK,AHNAK,TRUE,0.272527661322366,0.203089504770559
bwh25,CSTA,CSTA,TRUE,0.0513462492721976,0.040436165379373
bwh25,CD48,CD48,TRUE,0.0178280182883566,0.016356201726488
bwh25,IQGAP1,IQGAP1,TRUE,0.322189543934167,0.237619263970922
bwh25,NAMPT,NAMPT,TRUE,0.357720352032014,0.262607905497501
bwh25,FCHO2,FCHO2,TRUE,0.115643993129527,0.0949568378009995
bwh25,MPEG1,MPEG1,TRUE,0.0348061485500687,0.0318037255792821
bwh25,EMP3,EMP3,TRUE,0.499114448986583,0.339391185824625
bwh25,HLA-DMA,HLA-DMA,TRUE,0.538797360087912,0.370286233530214
bwh25,FILIP1L,FILIP1L,TRUE,0.0936314735920455,0.0717855520218083
bwh25,SH3BP5,SH3BP5,TRUE,0.109490409347741,0.0899591094956838
bwh25,FXYD5,FXYD5,TRUE,0.196694252327559,0.159018627896411
bwh25,GRN,GRN,TRUE,0.669937761668344,0.434348023625625
bwh25,LITAF,LITAF,TRUE,0.43021643605808,0.314402544298046
bwh25,CTSS,CTSS,TRUE,0.298033752731713,0.225806451612903
bwh25,CFD,CFD,TRUE,0.0268552843223241,0.0227169468423444
bwh25,STAB1,STAB1,TRUE,0.183396601601811,0.148114493412085
bwh25,IFITM3,IFITM3,TRUE,0.946531431453397,0.547932757837347
bwh25,ARHGAP18,ARHGAP18,TRUE,0.108965860719289,0.0895047705588369
bwh25,NPC2,NPC2,TRUE,0.877954886422873,0.529304861426624
bwh25,DAB2,DAB2,TRUE,0.146189412138919,0.114947751022263
bwh25,TXNIP,TXNIP,TRUE,0.898712782217112,0.536574284416175
bwh25,TXN,TXN,TRUE,0.414221123281249,0.29486597001363
bwh25,BTG1,BTG1,TRUE,0.442685018060922,0.310767832803271
bwh25,FNBP1,FNBP1,TRUE,0.227603059054934,0.167651067696502
bwh25,AP1S2,AP1S2,TRUE,0.49839892157226,0.339391185824625
bwh25,PSAP,PSAP,TRUE,2.81550222985895,0.93866424352567
bwh25,CD68,CD68,TRUE,0.394881932196421,0.288050885960927
bwh25,BLVRB,BLVRB,TRUE,0.106333651898428,0.0904134484325307
bwh25,RNF144B,RNF144B,TRUE,0.0388919107790219,0.032258064516129
bwh25,YBX1,YBX1,TRUE,1.35548178108886,0.704225352112676
bwh25,C1orf162,C1orf162,TRUE,0.191203638826268,0.149023171285779
bwh25,CHPT1,CHPT1,TRUE,0.196886724674911,0.155383916401636
bwh25,TMSB10,TMSB10,TRUE,3.07393050059648,0.956837800999546
bwh25,GPR183,GPR183,TRUE,0.0830042968618724,0.0717855520218083
bwh25,BRI3,BRI3,TRUE,0.494803086542697,0.349386642435257
bwh25,RPS18,RPS18,TRUE,2.86106627262621,0.944116310767833
bwh25,HEXA,HEXA,TRUE,0.258640719847613,0.206724216265334
bwh25,FCGRT,FCGRT,TRUE,0.436442155667797,0.318491594729668
bwh25,RNASE6,RNASE6,TRUE,0.149470369770048,0.122217174011813
bwh25,TNFAIP3,TNFAIP3,TRUE,0.0370399305102145,0.0318037255792821
bwh25,SDCBP,SDCBP,TRUE,0.675696544053084,0.434348023625625
bwh25,HLA-DMB,HLA-DMB,TRUE,0.511053063732787,0.354838709677419
bwh25,PPDPF,PPDPF,TRUE,0.9804173884995,0.573375738300772
bwh25,RPS2,RPS2,TRUE,3.23517529579276,0.977737392094502
bwh25,RPS13,RPS13,TRUE,1.99586748449381,0.834620626987733
bwh25,HLA-DOA,HLA-DOA,TRUE,0.190337215702309,0.153112221717401
bwh25,GSTP1,GSTP1,TRUE,0.847720195523646,0.509313948205361
bwh25,PTMA,PTMA,TRUE,1.81787649642007,0.800090867787369
bwh25,PHLDA1,PHLDA1,TRUE,1.129008303361,0.619718309859155
bwh25,CARD16,CARD16,TRUE,0.0704258561203465,0.0613357564743299
bwh25,PPA1,PPA1,TRUE,0.917156655048228,0.548387096774194
bwh25,FTH1,FTH1,TRUE,3.92148650676337,0.996365288505225
bwh25,MARCH1,MARCH1,TRUE,0.120794169002245,0.0981372103589278
bwh25,PECAM1,PECAM1,TRUE,0.20705499757727,0.160835983643798
bwh25,RPL12,RPL12,TRUE,2.06223071115778,0.850976828714221
bwh25,PCBD1,PCBD1,TRUE,0.301545330256142,0.221263062244434
bwh25,RPS17,RPS17,TRUE,1.20308421815345,0.648796001817356
bwh25,SNX6,SNX6,TRUE,0.446669245107333,0.310313493866424
bwh25,RBPJ,RBPJ,TRUE,0.568871244031984,0.379373012267151
bwh25,DRAM2,DRAM2,TRUE,0.183267034067861,0.150840527033167
bwh28,LYZ,LYZ,TRUE,0.0335957630912622,0.0179754020813623
bwh28,VIM,VIM,TRUE,1.17499170866792,0.543046357615894
bwh28,AREG,,FALSE,,
bwh28,HLA-DPB1,HLA-DPB1,TRUE,0.283901205503338,0.157048249763482
bwh28,CD163,CD163,TRUE,0.0348024438631586,0.0184484389782403
bwh28,LGALS3,LGALS3,TRUE,0.0529110786237125,0.032166508987701
bwh28,HLA-DQA1,HLA-DQA1,TRUE,0.0371421207434293,0.021286660359508
bwh28,S100A4,,FALSE,,
bwh28,HLA-DPA1,HLA-DPA1,TRUE,0.587348896142975,0.310785241248817
bwh28,S100A6,S100A6,TRUE,0.734471610874773,0.383159886471145
bwh28,HLA-DRB1,HLA-DRB1,TRUE,0.456494164887352,0.242194891201514
bwh28,ANXA1,ANXA1,TRUE,0.0694567529942885,0.0378429517502365
bwh28,HLA-DQB1,HLA-DQB1,TRUE,0.0807353290497273,0.0458845789971618
bwh28,HLA-DRA,HLA-DRA,TRUE,1.23686222460293,0.571428571428571
bwh28,SLC40A1,SLC40A1,TRUE,0.101717308707572,0.0624408703878903
bwh28,MS4A6A,MS4A6A,TRUE,0.0572961828637024,0.032166508987701
bwh28,TGFBI,TGFBI,TRUE,0.047742127450422,0.0283822138126774
bwh28,LGALS1,LGALS1,TRUE,0.489352437727199,0.263481551561022
bwh28,CD74,CD74,TRUE,1.90752545667554,0.769631031220435
bwh28,MRC1,MRC1,TRUE,0.0377875356661132,0.0227057710501419
bwh28,CST3,CST3,TRUE,2.54667987425581,0.873699148533586
bwh28,ARL4C,ARL4C,TRUE,0.0242655157736918,0.0151371807000946
bwh28,ANXA2,ANXA2,TRUE,0.232057281266662,0.135761589403974
bwh28,CTSD,CTSD,TRUE,0.784630685690005,0.412488174077578
bwh28,S100A10,S100A10,TRUE,0.338559310782346,0.187322611163671
bwh28,MS4A4A,MS4A4A,TRUE,0.0438549478670187,0.0260170293282876
bwh28,FGL2,FGL2,TRUE,0.0826680718915454,0.0468306527909177
bwh28,CD44,CD44,TRUE,0.519976502761854,0.276726584673605
bwh28,AHR,AHR,TRUE,0.0743343737036178,0.0473036896877957
bwh28,AHNAK,AHNAK,TRUE,0.450686244858509,0.248344370860927
bwh28,CSTA,,FALSE,,
bwh28,CD48,,FALSE,,
bwh28,IQGAP1,IQGAP1,TRUE,0.072799619620025,0.043046357615894
bwh28,NAMPT,NAMPT,TRUE,0.191989737896426,0.111636707663198
bwh28,FCHO2,FCHO2,TRUE,0.0770635999705134,0.0444654683065279
bwh28,MPEG1,MPEG1,TRUE,0.0549768171758952,0.032639545884579
bwh28,EMP3,EMP3,TRUE,0.0148791174388064,0.00898770104068117
bwh28,HLA-DMA,HLA-DMA,TRUE,0.157541158346617,0.0912961210974456
bwh28,FILIP1L,FILIP1L,TRUE,0.0152440613995044,0.00898770104068117
bwh28,SH3BP5,SH3BP5,TRUE,0.0512054378027041,0.0288552507095553
bwh28,FXYD5,FXYD5,TRUE,0.0608026553965878,0.033112582781457
bwh28,GRN,GRN,TRUE,0.315514802589475,0.179754020813623
bwh28,LITAF,LITAF,TRUE,0.281141601727992,0.164143803216651
bwh28,CTSS,CTSS,TRUE,0.208358930473592,0.116367076631977
bwh28,CFD,CFD,TRUE,0.0297548917627423,0.0175023651844844
bwh28,STAB1,STAB1,TRUE,0.0841460385036111,0.0487228003784295
bwh28,IFITM3,IFITM3,TRUE,0.498049831143432,0.269631031220435
bwh28,ARHGAP18,ARHGAP18,TRUE,0.0215131854488396,0.0127719962157048
bwh28,NPC2,NPC2,TRUE,0.406305975193281,0.228949858088931
bwh28,DAB2,DAB2,TRUE,0.109047287751566,0.0638599810785241
bwh28,TXNIP,TXNIP,TRUE,0.854917227588808,0.436613055818354
bwh28,TXN,TXN,TRUE,0.570467937484049,0.315988647114475
bwh28,BTG1,BTG1,TRUE,0.314114908199093,0.175496688741722
bwh28,FNBP1,FNBP1,TRUE,0.225176922952161,0.128666035950804
bwh28,AP1S2,AP1S2,TRUE,0.292539731978426,0.163197729422895
bwh28,PSAP,PSAP,TRUE,2.2790159393596,0.84484389782403
bwh28,CD68,CD68,TRUE,0.276570281292783,0.156102175969726
bwh28,BLVRB,BLVRB,TRUE,0.162691869559896,0.098391674550615
bwh28,RNF144B,RNF144B,TRUE,0.0193337079088261,0.011352885525071
bwh28,YBX1,YBX1,TRUE,0.99185853124075,0.5
bwh28,C1orf162,C1orf162,TRUE,0.0664005748932913,0.0397350993377483
bwh28,CHPT1,CHPT1,TRUE,0.246762650419575,0.147114474929044
bwh28,TMSB10,TMSB10,TRUE,1.87135862130958,0.775307473982971
bwh28,GPR183,GPR183,TRUE,0.0407542534140547,0.0236518448438978
bwh28,BRI3,BRI3,TRUE,0.462098284933831,0.257332071901608
bwh28,RPS18,RPS18,TRUE,2.5426287659343,0.898770104068117
bwh28,HEXA,HEXA,TRUE,0.143818692586657,0.0884578997161779
bwh28,FCGRT,FCGRT,TRUE,0.332139887070799,0.189687795648061
bwh28,RNASE6,RNASE6,TRUE,0.0818969108166111,0.0491958372753075
bwh28,TNFAIP3,TNFAIP3,TRUE,0.013799720890227,0.00804162724692526
bwh28,SDCBP,SDCBP,TRUE,0.379026726573732,0.213339640491958
bwh28,HLA-DMB,HLA-DMB,TRUE,0.228793241524888,0.128666035950804
bwh28,PPDPF,PPDPF,TRUE,0.591418298807051,0.323557237464522
bwh28,RPS2,RPS2,TRUE,2.54412512049122,0.900189214758751
bwh28,RPS13,RPS13,TRUE,2.34929717710076,0.864711447492904
bwh28,HLA-DOA,HLA-DOA,TRUE,0.057649838387344,0.032166508987701
bwh28,GSTP1,GSTP1,TRUE,0.878692609786755,0.448912015137181
bwh28,PTMA,PTMA,TRUE,1.96863720148373,0.794701986754967
bwh28,PHLDA1,PHLDA1,TRUE,0.546285039225495,0.298959318826869
bwh28,CARD16,CARD16,TRUE,0.0234940902768316,0.0141911069063387
bwh28,PPA1,PPA1,TRUE,0.542629445454537,0.298486281929991
bwh28,FTH1,FTH1,TRUE,3.00899385014897,0.952696310312204
bwh28,MARCH1,MARCH1,TRUE,0.198225474434897,0.116840113528855
bwh28,PECAM1,PECAM1,TRUE,0.0530432442095242,0.0307473982970672
bwh28,RPL12,RPL12,TRUE,2.10903434672101,0.823557237464522
bwh28,PCBD1,PCBD1,TRUE,0.178374044442055,0.10643330179754
bwh28,RPS17,RPS17,TRUE,1.58660153048392,0.698675496688742
bwh28,SNX6,SNX6,TRUE,0.292987380914977,0.166035950804163
bwh28,RBPJ,RBPJ,TRUE,0.421303875436944,0.238883632923368
bwh28,DRAM2,DRAM2,TRUE,0.103580761451452,0.0614947965941343
bwh35,LYZ,LYZ,TRUE,0.049828419403113,0.0272952853598015
bwh35,VIM,VIM,TRUE,1.30261818807321,0.592224979321754
bwh35,AREG,,FALSE,,
bwh35,HLA-DPB1,HLA-DPB1,TRUE,0.556737627869682,0.284532671629446
bwh35,CD163,CD163,TRUE,0.0611805692537919,0.0339123242349049
bwh35,LGALS3,LGALS3,TRUE,0.138060963166237,0.0752688172043011
bwh35,HLA-DQA1,HLA-DQA1,TRUE,0.155241017826826,0.0851943755169562
bwh35,S100A4,,FALSE,,
bwh35,HLA-DPA1,HLA-DPA1,TRUE,0.750737034791693,0.368899917287014
bwh35,S100A6,S100A6,TRUE,1.28045282667296,0.581472291149711
bwh35,HLA-DRB1,HLA-DRB1,TRUE,0.399201039148009,0.209263854425145
bwh35,ANXA1,ANXA1,TRUE,0.11119852142749,0.0595533498759305
bwh35,HLA-DQB1,HLA-DQB1,TRUE,0.216644172052289,0.119933829611249
bwh35,HLA-DRA,HLA-DRA,TRUE,1.15638387706847,0.536807278742763
bwh35,SLC40A1,SLC40A1,TRUE,0.12769993795535,0.0703060380479735
bwh35,MS4A6A,MS4A6A,TRUE,0.184626915175404,0.100909842845327
bwh35,TGFBI,TGFBI,TRUE,0.22626960425321,0.119106699751861
bwh35,LGALS1,LGALS1,TRUE,1.39694914091188,0.625310173697271
bwh35,CD74,CD74,TRUE,1.75132200381398,0.729528535980149
bwh35,MRC1,MRC1,TRUE,0.0352671927248497,0.0198511166253102
bwh35,CST3,CST3,TRUE,3.57573165436335,0.991728701406121
bwh35,ARL4C,ARL4C,TRUE,0.0467136014063026,0.0256410256410256
bwh35,ANXA2,ANXA2,TRUE,0.224483177008846,0.120760959470637
bwh35,CTSD,CTSD,TRUE,0.924225970863046,0.449131513647643
bwh35,S100A10,S100A10,TRUE,0.982485534400763,0.471464019851117
bwh35,MS4A4A,MS4A4A,TRUE,0.0474742510398437,0.0264681555004136
bwh35,FGL2,FGL2,TRUE,0.102391172258279,0.0578990901571547
bwh35,CD44,CD44,TRUE,0.891171106485482,0.432588916459884
bwh35,AHR,AHR,TRUE,0.0921162689881708,0.0504549214226634
bwh35,AHNAK,AHNAK,TRUE,0.575473015150493,0.291149710504549
bwh35,CSTA,CSTA,TRUE,0.0168427124633512,0.00992555831265509
bwh35,CD48,CD48,TRUE,0.0262576687047852,0.0148883374689826
bwh35,IQGAP1,IQGAP1,TRUE,0.112907688469309,0.0603804797353184
bwh35,NAMPT,NAMPT,TRUE,0.185536019427496,0.100082712985939
bwh35,FCHO2,FCHO2,TRUE,0.0556516539863009,0.0306038047973532
bwh35,MPEG1,MPEG1,TRUE,0.0440991438938238,0.0239867659222498
bwh35,EMP3,EMP3,TRUE,0.0572224574436169,0.0297766749379653
bwh35,HLA-DMA,HLA-DMA,TRUE,0.196073636285722,0.10752688172043
bwh35,FILIP1L,FILIP1L,TRUE,0.0552558488489087,0.0306038047973532
bwh35,SH3BP5,SH3BP5,TRUE,0.0557361392578581,0.0297766749379653
bwh35,FXYD5,FXYD5,TRUE,0.165866871857421,0.0893300248138958
bwh35,GRN,GRN,TRUE,0.475336223458169,0.242349048800662
bwh35,LITAF,LITAF,TRUE,0.484480423354981,0.252274607113317
bwh35,CTSS,CTSS,TRUE,0.155552657142732,0.0818858560794045
bwh35,CFD,CFD,TRUE,0.029138751875915,0.0165425971877585
bwh35,STAB1,STAB1,TRUE,0.0937736487716438,0.0488006617038875
bwh35,IFITM3,IFITM3,TRUE,0.319828199235136,0.163771712158809
bwh35,ARHGAP18,ARHGAP18,TRUE,0.0507227868688656,0.0272952853598015
bwh35,NPC2,NPC2,TRUE,0.725457708201479,0.363937138130687
bwh35,DAB2,DAB2,TRUE,0.123947183367197,0.0678246484698098
bwh35,TXNIP,TXNIP,TRUE,0.744303824254433,0.377171215880893
bwh35,TXN,TXN,TRUE,0.492656969221908,0.258064516129032
bwh35,BTG1,BTG1,TRUE,0.23729869695151,0.12737799834574
bwh35,FNBP1,FNBP1,TRUE,0.271314682154091,0.14722911497105
bwh35,AP1S2,AP1S2,TRUE,0.208191990883488,0.11166253101737
bwh35,PSAP,PSAP,TRUE,2.54068383422637,0.909015715467328
bwh35,CD68,CD68,TRUE,0.301601602621483,0.161290322580645
bwh35,BLVRB,BLVRB,TRUE,0.181495455460901,0.100082712985939
bwh35,RNF144B,RNF144B,TRUE,0.0262157858176711,0.0148883374689826
bwh35,YBX1,YBX1,TRUE,0.554167328203756,0.288668320926385
bwh35,C1orf162,C1orf162,TRUE,0.0932882526789749,0.0504549214226634
bwh35,CHPT1,CHPT1,TRUE,0.211463477676926,0.114971050454921
bwh35,TMSB10,TMSB10,TRUE,1.87389488281032,0.749379652605459
bwh35,GPR183,GPR183,TRUE,0.120682325579799,0.0645161290322581
bwh35,BRI3,BRI3,TRUE,0.386138481523217,0.208436724565757
bwh35,RPS18,RPS18,TRUE,2.84806352169115,0.954507857733664
bwh35,HEXA,HEXA,TRUE,0.17236081246247,0.0942928039702233
bwh35,FCGRT,FCGRT,TRUE,0.281602853854669,0.153019023986766
bwh35,RNASE6,RNASE6,TRUE,0.0718912609464696,0.0397022332506204
bwh35,TNFAIP3,TNFAIP3,TRUE,0.0207826804070068,0.0115798180314309
bwh35,SDCBP,SDCBP,TRUE,0.465170895960043,0.241521918941274
bwh35,HLA-DMB,HLA-DMB,TRUE,0.304989625370146,0.165425971877585
bwh35,PPDPF,PPDPF,TRUE,0.571882159447676,0.295285359801489
bwh35,RPS2,RPS2,TRUE,2.31973048308369,0.870140612076096
bwh35,RPS13,RPS13,TRUE,2.85890416209588,0.958643507030604
bwh35,HLA-DOA,HLA-DOA,TRUE,0.0589763216683716,0.033085194375517
bwh35,GSTP1,GSTP1,TRUE,1.18712619611661,0.562448304383788
bwh35,PTMA,PTMA,TRUE,1.4655576890755,0.650951199338296
bwh35,PHLDA1,PHLDA1,TRUE,0.725912360624967,0.367245657568238
bwh35,CARD16,CARD16,TRUE,0.0310073015259749,0.0173697270471464
bwh35,PPA1,PPA1,TRUE,0.441214514557334,0.23490488006617
bwh35,FTH1,FTH1,TRUE,3.69848158999521,0.99586435070306
bwh35,MARCH1,MARCH1,TRUE,0.119668557271598,0.065343258891646
bwh35,PECAM1,PECAM1,TRUE,0.0772594613220468,0.0421836228287841
bwh35,RPL12,RPL12,TRUE,2.30832444607905,0.87262200165426
bwh35,PCBD1,PCBD1,TRUE,0.175896024463251,0.0984284532671629
bwh35,RPS17,RPS17,TRUE,1.45603711519738,0.65343258891646
bwh35,SNX6,SNX6,TRUE,0.255890544789862,0.139784946236559
bwh35,RBPJ,RBPJ,TRUE,0.279298039693081,0.146401985111663
bwh35,DRAM2,DRAM2,TRUE,0.0878112668233925,0.0496277915632754
mgh259,LYZ,LYZ,TRUE,0.131527993603333,0.0720749838396897
mgh259,VIM,VIM,TRUE,0.402724084181996,0.227860374919198
mgh259,AREG,,FALSE,,
mgh259,HLA-DPB1,HLA-DPB1,TRUE,0.167843102351072,0.0992243051066581
mgh259,CD163,CD163,TRUE,0.0259711670287264,0.0158371040723982
mgh259,LGALS3,LGALS3,TRUE,0.0714315119679223,0.039754363283775
mgh259,HLA-DQA1,HLA-DQA1,TRUE,0.0466310615189622,0.0277957336780866
mgh259,S100A4,S100A4,TRUE,0.0233975557721492,0.0129282482223659
mgh259,HLA-DPA1,HLA-DPA1,TRUE,0.155368071791116,0.0904977375565611
mgh259,S100A6,S100A6,TRUE,0.335528256103475,0.195539754363284
mgh259,HLA-DRB1,HLA-DRB1,TRUE,0.217989588523424,0.122818358112476
mgh259,ANXA1,ANXA1,TRUE,0.0641048069660643,0.0384615384615385
mgh259,HLA-DQB1,HLA-DQB1,TRUE,0.0943515487424715,0.054945054945055
mgh259,HLA-DRA,HLA-DRA,TRUE,0.321422162634602,0.171299288946348
mgh259,SLC40A1,SLC40A1,TRUE,0.0506001712310079,0.0310277957336781
mgh259,MS4A6A,MS4A6A,TRUE,0.0556685329539455,0.0342598577892696
mgh259,TGFBI,TGFBI,TRUE,0.0463261022261202,0.0287653522947641
mgh259,LGALS1,LGALS1,TRUE,0.278857450665651,0.161279896574014
mgh259,CD74,CD74,TRUE,0.615665174734566,0.305106658047835
mgh259,MRC1,MRC1,TRUE,0.0126029149351366,0.00840336134453782
mgh259,CST3,CST3,TRUE,1.01405474344424,0.518099547511312
mgh259,ARL4C,ARL4C,TRUE,0.011774184914063,0.00808015513897867
mgh259,ANXA2,ANXA2,TRUE,0.0691145962585526,0.0413703943115708
mgh259,CTSD,CTSD,TRUE,0.618385206009225,0.3409825468649
mgh259,S100A10,S100A10,TRUE,0.132608876439511,0.0762766645119586
mgh259,MS4A4A,MS4A4A,TRUE,0.0345295849430683,0.0206851971557854
mgh259,FGL2,FGL2,TRUE,0.0291258441903013,0.0174531351001939
mgh259,CD44,CD44,TRUE,0.0996395003124472,0.0575307045895281
mgh259,AHR,AHR,TRUE,0.00929717293612817,0.0054945054945055
mgh259,AHNAK,AHNAK,TRUE,0.0719410531298295,0.0429864253393665
mgh259,CSTA,CSTA,TRUE,0.00762281256623287,0.00452488687782806
mgh259,CD48,CD48,TRUE,0.00677621743857947,0.00420168067226891
mgh259,IQGAP1,IQGAP1,TRUE,0.0213964400760698,0.013251454427925
mgh259,NAMPT,NAMPT,TRUE,0.117927200733513,0.0746606334841629
mgh259,FCHO2,FCHO2,TRUE,0.0348145431149129,0.0223012281835811
mgh259,MPEG1,MPEG1,TRUE,0.0324125545895428,0.0190691661279897
mgh259,EMP3,EMP3,TRUE,0.0238610916346326,0.0145442792501616
mgh259,HLA-DMA,HLA-DMA,TRUE,0.0359275797745695,0.0210084033613445
mgh259,FILIP1L,,FALSE,,
mgh259,SH3BP5,SH3BP5,TRUE,0.0560214250372188,0.0342598577892696
mgh259,FXYD5,FXYD5,TRUE,0.0563845976663484,0.0336134453781513
mgh259,GRN,GRN,TRUE,0.276240525462864,0.163542340012928
mgh259,LITAF,LITAF,TRUE,0.0553346091483636,0.0323206205559147
mgh259,CTSS,CTSS,TRUE,0.0732310453706936,0.0423400129282482
mgh259,CFD,CFD,TRUE,0.0376118389054704,0.0226244343891403
mgh259,STAB1,STAB1,TRUE,0.0979631674459969,0.0591467356173239
mgh259,IFITM3,IFITM3,TRUE,0.435293714324918,0.244020685197156
mgh259,ARHGAP18,ARHGAP18,TRUE,0.0236111700965228,0.0145442792501616
mgh259,NPC2,NPC2,TRUE,0.255838784177447,0.145442792501616
mgh259,DAB2,DAB2,TRUE,0.0768799422655863,0.0504201680672269
mgh259,TXNIP,TXNIP,TRUE,0.892519097331417,0.48093083387201
mgh259,TXN,TXN,TRUE,0.701566532027318,0.3939883645766
mgh259,BTG1,BTG1,TRUE,0.223170296366029,0.139301874595992
mgh259,FNBP1,FNBP1,TRUE,0.144000547686237,0.0892049127343245
mgh259,AP1S2,AP1S2,TRUE,0.0587976120340033,0.0371687136393019
mgh259,PSAP,PSAP,TRUE,1.64337816389175,0.728506787330317
mgh259,CD68,CD68,TRUE,0.103105163984441,0.0591467356173239
mgh259,BLVRB,BLVRB,TRUE,0.0583617371150194,0.0365223012281836
mgh259,RNF144B,RNF144B,TRUE,0.0125332426379824,0.00808015513897867
mgh259,YBX1,YBX1,TRUE,0.543396714798869,0.320297349709114
mgh259,C1orf162,C1orf162,TRUE,0.0268960321257657,0.0161603102779573
mgh259,CHPT1,CHPT1,TRUE,0.107446888216236,0.070458952811894
mgh259,TMSB10,TMSB10,TRUE,2.072573557518,0.829347123464771
mgh259,GPR183,,FALSE,,
mgh259,BRI3,BRI3,TRUE,0.205873136216461,0.126696832579186
mgh259,RPS18,RPS18,TRUE,3.83393821696839,0.987071751777634
mgh259,HEXA,HEXA,TRUE,0.0945884925560634,0.0601163542340013
mgh259,FCGRT,FCGRT,TRUE,0.16104084785751,0.096961861667744
mgh259,RNASE6,RNASE6,TRUE,0.0175303428536781,0.0103425985778927
mgh259,TNFAIP3,TNFAIP3,TRUE,0.0058581886798954,0.00323206205559147
mgh259,SDCBP,SDCBP,TRUE,0.324631508951357,0.199741435035553
mgh259,HLA-DMB,HLA-DMB,TRUE,0.0662007093181944,0.0387847446670976
mgh259,PPDPF,PPDPF,TRUE,0.675643224906575,0.376858435681965
mgh259,RPS2,RPS2,TRUE,3.2827685784951,0.983516483516483
mgh259,RPS13,RPS13,TRUE,4.38697300456768,0.999030381383323
mgh259,HLA-DOA,HLA-DOA,TRUE,0.0107361962910222,0.00614091790562379
mgh259,GSTP1,GSTP1,TRUE,1.62427634670854,0.737233354880414
mgh259,PTMA,PTMA,TRUE,1.43143280528257,0.685197155785391
mgh259,PHLDA1,PHLDA1,TRUE,1.52901217173762,0.70458952811894
mgh259,CARD16,CARD16,TRUE,0.0183455681643934,0.010989010989011
mgh259,PPA1,PPA1,TRUE,0.577558508235274,0.333548804137039
mgh259,FTH1,FTH1,TRUE,2.72163491711054,0.946347769877182
mgh259,MARCH1,MARCH1,TRUE,0.0570407337393506,0.035229476405947
mgh259,PECAM1,PECAM1,TRUE,0.0473344450170721,0.0307045895281189
mgh259,RPL12,RPL12,TRUE,3.72342272391713,0.990950226244344
mgh259,PCBD1,PCBD1,TRUE,0.0585125259813149,0.0361990950226244
mgh259,RPS17,RPS17,TRUE,1.38344780608532,0.662249515190692
mgh259,SNX6,SNX6,TRUE,0.145086455247911,0.0937297996121526
mgh259,RBPJ,RBPJ,TRUE,0.155843789782916,0.0966386554621849
mgh259,DRAM2,DRAM2,TRUE,0.0886174271569347,0.0565610859728507
