sample_id,source,target,zone,n_spots,mean_z,z_msr,p_enrich,p_deplete,cohort,histology,who_grade,is_LGG,patient,q_enrich,q_deplete
idha04,C1b,T_cell,inside,12,-0.0806882319611651,-0.332418009837077,0.646,0.356,IDHm,Astrocytoma,2,TRUE,P4,0.7752,1
idha04,C1b,T_cell,ring,91,0.0161490434709484,0.182367570771227,0.42,0.582,IDHm,Astrocytoma,2,TRUE,P4,0.5688,1
idha04,C1b,Endothelial,inside,12,1.07302229721957,3.42831917795484,0.002,1,IDHm,Astrocytoma,2,TRUE,P4,0.008,1
idha04,C1b,Endothelial,ring,91,-0.0544880350633394,-0.44654812220764,0.662,0.34,IDHm,Astrocytoma,2,TRUE,P4,0.722181818181818,1
idha04,C1b,Pericyte,inside,12,-0.413930240800661,-1.5780536755414,0.942,0.06,IDHm,Astrocytoma,2,TRUE,P4,0.942,0.72
idha04,C1b,Pericyte,ring,91,0.0179471821649878,0.13046362199471,0.45,0.552,IDHm,Astrocytoma,2,TRUE,P4,0.5688,1
idha04,C1b,IFN_response,inside,12,0.283094580019344,1.00721526673582,0.178,0.824,IDHm,Astrocytoma,2,TRUE,P4,0.305142857142857,1
idha04,C1b,IFN_response,ring,91,0.0945545332380774,0.772810465766726,0.226,0.776,IDHm,Astrocytoma,2,TRUE,P4,0.387428571428571,1
idha04,C1b,Hypoxia,inside,12,-0.18238438359005,-0.684601272291749,0.744,0.258,IDHm,Astrocytoma,2,TRUE,P4,0.811636363636364,1
idha04,C1b,Hypoxia,ring,91,-0.25012967797065,-2.38564415471205,0.996,0.006,IDHm,Astrocytoma,2,TRUE,P4,0.996,0.072
idha04,C1b,Inflammation,inside,12,0.947824992977724,3.04092083849484,0.006,0.996,IDHm,Astrocytoma,2,TRUE,P4,0.018,1
idha04,C1b,Inflammation,ring,91,0.913987230070855,4.92705783804987,0.002,1,IDHm,Astrocytoma,2,TRUE,P4,0.006,1
idha04,C1b,TAM_microglia,inside,12,1.26135870742208,4.33192318577515,0.002,1,IDHm,Astrocytoma,2,TRUE,P4,0.008,1
idha04,C1b,TAM_microglia,ring,91,0.392305006240182,3.18310086490894,0.002,1,IDHm,Astrocytoma,2,TRUE,P4,0.006,1
idha04,C1b,TAM_monocyte,inside,12,0.576197463809488,2.0766496028264,0.022,0.98,IDHm,Astrocytoma,2,TRUE,P4,0.052,1
idha04,C1b,TAM_monocyte,ring,91,0.302614034554121,2.57154731414553,0.006,0.996,IDHm,Astrocytoma,2,TRUE,P4,0.012,1
idha04,C1b,TAM_SPP1_lipid,inside,12,0.516508863059918,1.99289949376969,0.026,0.976,IDHm,Astrocytoma,2,TRUE,P4,0.052,1
idha04,C1b,TAM_SPP1_lipid,ring,91,0.359709852762864,3.14329582958033,0.002,1,IDHm,Astrocytoma,2,TRUE,P4,0.006,1
idha04,C1b,TAM_C1Q,inside,12,1.34486405556395,4.09610368363516,0.002,1,IDHm,Astrocytoma,2,TRUE,P4,0.008,1
idha04,C1b,TAM_C1Q,ring,91,0.725612618918178,4.50576104188204,0.002,1,IDHm,Astrocytoma,2,TRUE,P4,0.006,1
idha04,C1b,IFNG_response,inside,12,0.130573062239023,0.607318448799821,0.29,0.712,IDHm,Astrocytoma,2,TRUE,P4,0.435,1
idha04,C1b,IFNG_response,ring,91,0.0127916212903157,0.105065389747142,0.474,0.528,IDHm,Astrocytoma,2,TRUE,P4,0.5688,1
idha04,C1b,Malignant_CNA,inside,12,0.132723604690963,0.459272579622501,0.344,0.658,IDHm,Astrocytoma,2,TRUE,P4,0.458666666666667,1
idha04,C1b,Malignant_CNA,ring,91,0.456871468435035,3.24638986225646,0.004,0.998,IDHm,Astrocytoma,2,TRUE,P4,0.0096,1
idha04,APC,T_cell,inside,7,-0.0582501854034315,-0.151887975221766,0.558,0.444,IDHm,Astrocytoma,2,TRUE,P4,0.744,0.982
idha04,APC,T_cell,ring,28,-0.0682683170765607,-0.341663268820488,0.634,0.368,IDHm,Astrocytoma,2,TRUE,P4,0.712,0.6192
idha04,APC,Endothelial,inside,7,-0.365952026346554,-1.02388849419044,0.83,0.172,IDHm,Astrocytoma,2,TRUE,P4,0.862,0.76
idha04,APC,Endothelial,ring,28,-0.0252309893468325,-0.086597541960689,0.53,0.472,IDHm,Astrocytoma,2,TRUE,P4,0.712,0.6192
idha04,APC,Pericyte,inside,7,-0.272313099433732,-0.822632416558948,0.812,0.19,IDHm,Astrocytoma,2,TRUE,P4,0.862,0.76
idha04,APC,Pericyte,ring,28,0.313174875045057,1.24256147609372,0.114,0.888,IDHm,Astrocytoma,2,TRUE,P4,0.712,0.888
idha04,APC,IFN_response,inside,7,0.12037720391001,0.302085765852659,0.368,0.634,IDHm,Astrocytoma,2,TRUE,P4,0.63,0.982
idha04,APC,IFN_response,ring,28,0.016567280810189,-0.0159431716225105,0.506,0.496,IDHm,Astrocytoma,2,TRUE,P4,0.712,0.6192
idha04,APC,Hypoxia,inside,7,-0.392780280416949,-1.02342511273999,0.862,0.14,IDHm,Astrocytoma,2,TRUE,P4,0.862,0.76
idha04,APC,Hypoxia,ring,28,0.0710994601536256,0.394362174653984,0.35,0.652,IDHm,Astrocytoma,2,TRUE,P4,0.712,0.711272727272727
idha04,APC,Inflammation,inside,7,0.0628579955211801,0.176294384559676,0.42,0.582,IDHm,Astrocytoma,2,TRUE,P4,0.63,0.982
idha04,APC,Inflammation,ring,28,-0.206943240350312,-0.39942079513389,0.678,0.324,IDHm,Astrocytoma,2,TRUE,P4,0.712,0.6192
idha04,APC,TAM_microglia,inside,7,0.335531666446797,0.84643272992519,0.212,0.79,IDHm,Astrocytoma,2,TRUE,P4,0.63,0.982
idha04,APC,TAM_microglia,ring,28,-0.100284121763008,-0.43770787764768,0.658,0.344,IDHm,Astrocytoma,2,TRUE,P4,0.712,0.6192
idha04,APC,TAM_monocyte,inside,7,0.116682695756063,0.334278169140569,0.358,0.644,IDHm,Astrocytoma,2,TRUE,P4,0.63,0.982
idha04,APC,TAM_monocyte,ring,28,-0.0978758600897221,-0.350004956610378,0.632,0.37,IDHm,Astrocytoma,2,TRUE,P4,0.712,0.6192
idha04,APC,TAM_SPP1_lipid,inside,7,0.725710367174639,1.92929538195771,0.036,0.966,IDHm,Astrocytoma,2,TRUE,P4,0.216,0.982
idha04,APC,TAM_SPP1_lipid,ring,28,0.00192494821465354,0.0147307667292571,0.486,0.516,IDHm,Astrocytoma,2,TRUE,P4,0.712,0.6192
idha04,APC,TAM_C1Q,inside,7,0.933186532198372,2.084316100671,0.02,0.982,IDHm,Astrocytoma,2,TRUE,P4,0.216,0.982
idha04,APC,TAM_C1Q,ring,28,-0.0494516865037759,-0.157461898332128,0.572,0.43,IDHm,Astrocytoma,2,TRUE,P4,0.712,0.6192
idha04,APC,IFNG_response,inside,7,0.189731811126227,0.48641716978179,0.312,0.69,IDHm,Astrocytoma,2,TRUE,P4,0.63,0.982
idha04,APC,IFNG_response,ring,28,-0.112137546535698,-0.505333556513948,0.712,0.29,IDHm,Astrocytoma,2,TRUE,P4,0.712,0.6192
idha04,APC,Malignant_CNA,inside,7,0.553524978090483,1.21140839720731,0.108,0.894,IDHm,Astrocytoma,2,TRUE,P4,0.432,0.982
idha04,APC,Malignant_CNA,ring,28,0.000319566165662164,-0.0296078307900339,0.514,0.488,IDHm,Astrocytoma,2,TRUE,P4,0.712,0.6192
idha05,C1b,T_cell,inside,63,0.158515392635594,1.15015358499762,0.138,0.864,IDHm,Astrocytoma,2,TRUE,P4,0.236571428571429,1
idha05,C1b,T_cell,ring,348,-0.0154435810903874,-0.253451804312814,0.608,0.394,IDHm,Astrocytoma,2,TRUE,P4,0.663272727272727,1
idha05,C1b,Endothelial,inside,63,0.226351252192204,1.50222727014911,0.074,0.928,IDHm,Astrocytoma,2,TRUE,P4,0.1776,1
idha05,C1b,Endothelial,ring,348,0.0552928890202451,0.762434073002067,0.238,0.764,IDHm,Astrocytoma,2,TRUE,P4,0.317333333333333,1
idha05,C1b,Pericyte,inside,63,0.549004267510946,3.44126213999128,0.002,1,IDHm,Astrocytoma,2,TRUE,P4,0.012,1
idha05,C1b,Pericyte,ring,348,0.0467051313127397,0.646241553044443,0.278,0.724,IDHm,Astrocytoma,2,TRUE,P4,0.3336,1
idha05,C1b,IFN_response,inside,63,-0.064720896609375,-0.491008793521147,0.682,0.32,IDHm,Astrocytoma,2,TRUE,P4,0.744,1
idha05,C1b,IFN_response,ring,348,0.0558412039683847,0.823070970318657,0.216,0.786,IDHm,Astrocytoma,2,TRUE,P4,0.317333333333333,1
idha05,C1b,Hypoxia,inside,63,-0.289204127783555,-1.9842325469144,0.962,0.04,IDHm,Astrocytoma,2,TRUE,P4,0.962,0.48
idha05,C1b,Hypoxia,ring,348,-0.272301693339154,-3.50264093853498,1,0.002,IDHm,Astrocytoma,2,TRUE,P4,1,0.024
idha05,C1b,Inflammation,inside,63,0.260834281272234,0.850347404618656,0.234,0.768,IDHm,Astrocytoma,2,TRUE,P4,0.312,1
idha05,C1b,Inflammation,ring,348,0.217026055222907,1.17231820433799,0.138,0.864,IDHm,Astrocytoma,2,TRUE,P4,0.236571428571429,1
idha05,C1b,TAM_microglia,inside,63,0.21128019892218,1.30345299824764,0.106,0.896,IDHm,Astrocytoma,2,TRUE,P4,0.212,1
idha05,C1b,TAM_microglia,ring,348,0.264422675545747,3.26850405267188,0.002,1,IDHm,Astrocytoma,2,TRUE,P4,0.008,1
idha05,C1b,TAM_monocyte,inside,63,0.0872526315659422,0.542573714150214,0.3,0.702,IDHm,Astrocytoma,2,TRUE,P4,0.36,1
idha05,C1b,TAM_monocyte,ring,348,0.170740881308274,1.86257361525951,0.048,0.954,IDHm,Astrocytoma,2,TRUE,P4,0.1152,1
idha05,C1b,TAM_SPP1_lipid,inside,63,0.563330865688595,3.2983249534244,0.002,1,IDHm,Astrocytoma,2,TRUE,P4,0.012,1
idha05,C1b,TAM_SPP1_lipid,ring,348,0.296664462241019,3.00949475393841,0.002,1,IDHm,Astrocytoma,2,TRUE,P4,0.008,1
idha05,C1b,TAM_C1Q,inside,63,0.338834119356144,2.24591904096764,0.012,0.99,IDHm,Astrocytoma,2,TRUE,P4,0.048,1
idha05,C1b,TAM_C1Q,ring,348,0.309124679596624,3.29658975606608,0.002,1,IDHm,Astrocytoma,2,TRUE,P4,0.008,1
idha05,C1b,IFNG_response,inside,63,0.312109106086278,2.12031728010429,0.016,0.986,IDHm,Astrocytoma,2,TRUE,P4,0.048,1
idha05,C1b,IFNG_response,ring,348,0.098341860227961,1.26531525588884,0.114,0.888,IDHm,Astrocytoma,2,TRUE,P4,0.228,1
idha05,C1b,Malignant_CNA,inside,63,0.153169515190871,0.75596794855281,0.216,0.786,IDHm,Astrocytoma,2,TRUE,P4,0.312,1
idha05,C1b,Malignant_CNA,ring,348,0.249772485223362,2.00675625268521,0.026,0.976,IDHm,Astrocytoma,2,TRUE,P4,0.078,1
idha05,nonMHC,T_cell,inside,12,1.23161355405787,4.04657065226005,0.002,1,IDHm,Astrocytoma,2,TRUE,P4,0.006,1
idha05,nonMHC,T_cell,ring,117,-0.082591708310646,-0.929887257853529,0.822,0.18,IDHm,Astrocytoma,2,TRUE,P4,0.896727272727273,0.996
idha05,nonMHC,Endothelial,inside,12,0.594832411112443,1.76305055017541,0.03,0.972,IDHm,Astrocytoma,2,TRUE,P4,0.072,1
idha05,nonMHC,Endothelial,ring,117,0.238847380683374,1.96297428692502,0.018,0.984,IDHm,Astrocytoma,2,TRUE,P4,0.104,0.996
idha05,nonMHC,Pericyte,inside,12,1.61811057340979,5.26944387215858,0.002,1,IDHm,Astrocytoma,2,TRUE,P4,0.006,1
idha05,nonMHC,Pericyte,ring,117,0.143117720691551,1.32631026933143,0.096,0.906,IDHm,Astrocytoma,2,TRUE,P4,0.2304,0.996
idha05,nonMHC,IFN_response,inside,12,-0.168555323002444,-0.617168460537592,0.738,0.264,IDHm,Astrocytoma,2,TRUE,P4,0.738,1
idha05,nonMHC,IFN_response,ring,117,-0.056457676845414,-0.506256809035965,0.7,0.302,IDHm,Astrocytoma,2,TRUE,P4,0.84,0.996
idha05,nonMHC,Hypoxia,inside,12,-0.121270123779054,-0.431926173088851,0.682,0.32,IDHm,Astrocytoma,2,TRUE,P4,0.738,1
idha05,nonMHC,Hypoxia,ring,117,-0.218187213280092,-1.75156686775234,0.956,0.046,IDHm,Astrocytoma,2,TRUE,P4,0.956,0.552
idha05,nonMHC,Inflammation,inside,12,0.536576687643035,1.20132612019276,0.122,0.88,IDHm,Astrocytoma,2,TRUE,P4,0.244,1
idha05,nonMHC,Inflammation,ring,117,0.257560803741614,1.02707431530279,0.17,0.832,IDHm,Astrocytoma,2,TRUE,P4,0.34,0.996
idha05,nonMHC,TAM_microglia,inside,12,0.0628923798542979,0.275313883932585,0.4,0.602,IDHm,Astrocytoma,2,TRUE,P4,0.685714285714286,1
idha05,nonMHC,TAM_microglia,ring,117,0.25827398260954,1.97820803954988,0.026,0.976,IDHm,Astrocytoma,2,TRUE,P4,0.104,0.996
idha05,nonMHC,TAM_monocyte,inside,12,-0.00603150442182073,-0.00760895594935767,0.516,0.486,IDHm,Astrocytoma,2,TRUE,P4,0.6864,1
idha05,nonMHC,TAM_monocyte,ring,117,-0.00933952489372698,-0.0577841188000453,0.53,0.472,IDHm,Astrocytoma,2,TRUE,P4,0.706666666666667,0.996
idha05,nonMHC,TAM_SPP1_lipid,inside,12,1.00084916441811,3.20120238384929,0.002,1,IDHm,Astrocytoma,2,TRUE,P4,0.006,1
idha05,nonMHC,TAM_SPP1_lipid,ring,117,0.273854439991852,1.77484412186235,0.042,0.96,IDHm,Astrocytoma,2,TRUE,P4,0.126,0.996
idha05,nonMHC,TAM_C1Q,inside,12,-0.0379609313372397,-0.175139284088039,0.572,0.43,IDHm,Astrocytoma,2,TRUE,P4,0.6864,1
idha05,nonMHC,TAM_C1Q,ring,117,0.35429241621598,2.47613710923839,0.006,0.996,IDHm,Astrocytoma,2,TRUE,P4,0.072,0.996
idha05,nonMHC,IFNG_response,inside,12,1.40966761505632,4.61470052596031,0.002,1,IDHm,Astrocytoma,2,TRUE,P4,0.006,1
idha05,nonMHC,IFNG_response,ring,117,0.0117953915317377,0.0727326923062988,0.472,0.53,IDHm,Astrocytoma,2,TRUE,P4,0.706666666666667,0.996
idha05,nonMHC,Malignant_CNA,inside,12,-0.026405891368746,-0.0777306900692616,0.518,0.484,IDHm,Astrocytoma,2,TRUE,P4,0.6864,1
idha05,nonMHC,Malignant_CNA,ring,117,0.149818980264994,0.750096134757193,0.232,0.77,IDHm,Astrocytoma,2,TRUE,P4,0.397714285714286,0.996
idha06,C1b,T_cell,inside,70,0.835835449631029,5.09266930268909,0.002,1,IDHm,Astrocytoma,2,TRUE,P5,0.003,1
idha06,C1b,T_cell,ring,160,0.0662787767318079,0.748913624272438,0.218,0.784,IDHm,Astrocytoma,2,TRUE,P5,0.366,0.986
idha06,C1b,Endothelial,inside,70,0.487727256333889,3.75411840363298,0.002,1,IDHm,Astrocytoma,2,TRUE,P5,0.003,1
idha06,C1b,Endothelial,ring,160,0.0654948554146521,0.83158226617906,0.204,0.798,IDHm,Astrocytoma,2,TRUE,P5,0.366,0.986
idha06,C1b,Pericyte,inside,70,0.77375597116988,4.21295422370567,0.002,1,IDHm,Astrocytoma,2,TRUE,P5,0.003,1
idha06,C1b,Pericyte,ring,160,0.106843164592008,1.09745489202412,0.136,0.866,IDHm,Astrocytoma,2,TRUE,P5,0.3264,0.986
idha06,C1b,IFN_response,inside,70,0.900916533163543,5.78648007799849,0.002,1,IDHm,Astrocytoma,2,TRUE,P5,0.003,1
idha06,C1b,IFN_response,ring,160,0.061661519057782,0.687277299015187,0.244,0.758,IDHm,Astrocytoma,2,TRUE,P5,0.366,0.986
idha06,C1b,Hypoxia,inside,70,-0.341810241992097,-1.53268357765627,0.932,0.07,IDHm,Astrocytoma,2,TRUE,P5,0.932,0.804
idha06,C1b,Hypoxia,ring,160,-0.245280744858318,-2.11966807296723,0.982,0.02,IDHm,Astrocytoma,2,TRUE,P5,0.982,0.24
idha06,C1b,Inflammation,inside,70,0.934132891884923,3.90085337401555,0.002,1,IDHm,Astrocytoma,2,TRUE,P5,0.003,1
idha06,C1b,Inflammation,ring,160,0.00268626432003089,0.132653367336816,0.456,0.546,IDHm,Astrocytoma,2,TRUE,P5,0.5472,0.986
idha06,C1b,TAM_microglia,inside,70,0.667081070207891,2.87463944335108,0.002,1,IDHm,Astrocytoma,2,TRUE,P5,0.003,1
idha06,C1b,TAM_microglia,ring,160,0.160766180564191,1.2549479811044,0.1,0.902,IDHm,Astrocytoma,2,TRUE,P5,0.3264,0.986
idha06,C1b,TAM_monocyte,inside,70,0.431325328062814,2.13382320125916,0.01,0.992,IDHm,Astrocytoma,2,TRUE,P5,0.0133333333333333,1
idha06,C1b,TAM_monocyte,ring,160,0.17686642135731,1.69465195836282,0.046,0.956,IDHm,Astrocytoma,2,TRUE,P5,0.276,0.986
idha06,C1b,TAM_SPP1_lipid,inside,70,-0.0467973703110036,-0.202209354137165,0.578,0.424,IDHm,Astrocytoma,2,TRUE,P5,0.6936,1
idha06,C1b,TAM_SPP1_lipid,ring,160,0.136710476361035,1.2254001077628,0.114,0.888,IDHm,Astrocytoma,2,TRUE,P5,0.3264,0.986
idha06,C1b,TAM_C1Q,inside,70,0.791323957805045,2.90125191846494,0.002,1,IDHm,Astrocytoma,2,TRUE,P5,0.003,1
idha06,C1b,TAM_C1Q,ring,160,0.280098532899334,1.90750534173071,0.016,0.986,IDHm,Astrocytoma,2,TRUE,P5,0.192,0.986
idha06,C1b,IFNG_response,inside,70,0.436226678881643,3.22365918136019,0.002,1,IDHm,Astrocytoma,2,TRUE,P5,0.003,1
idha06,C1b,IFNG_response,ring,160,0.022929907629791,0.323668034343411,0.392,0.61,IDHm,Astrocytoma,2,TRUE,P5,0.522666666666667,0.986
idha06,C1b,Malignant_CNA,inside,70,-0.136722766556166,-1.19295253599523,0.868,0.134,IDHm,Astrocytoma,2,TRUE,P5,0.932,0.804
idha06,C1b,Malignant_CNA,ring,160,-0.145208731975312,-1.67620815904351,0.954,0.048,IDHm,Astrocytoma,2,TRUE,P5,0.982,0.288
idha06,APC,T_cell,inside,15,-0.118403401507985,-0.291329113185562,0.604,0.398,IDHm,Astrocytoma,2,TRUE,P5,0.658909090909091,1
idha06,APC,T_cell,ring,54,0.773905149784785,3.88264418516408,0.002,1,IDHm,Astrocytoma,2,TRUE,P5,0.012,1
idha06,APC,Endothelial,inside,15,0.427578746195042,1.52602399120691,0.054,0.948,IDHm,Astrocytoma,2,TRUE,P5,0.1296,1
idha06,APC,Endothelial,ring,54,0.0628487102701157,0.406248205968537,0.352,0.65,IDHm,Astrocytoma,2,TRUE,P5,0.4224,1
idha06,APC,Pericyte,inside,15,0.872745981516898,2.31770519494205,0.008,0.994,IDHm,Astrocytoma,2,TRUE,P5,0.032,1
idha06,APC,Pericyte,ring,54,0.6234933981608,2.88833553041612,0.002,1,IDHm,Astrocytoma,2,TRUE,P5,0.012,1
idha06,APC,IFN_response,inside,15,0.701356260459518,2.13622943542973,0.02,0.982,IDHm,Astrocytoma,2,TRUE,P5,0.06,1
idha06,APC,IFN_response,ring,54,0.504276321028357,2.74719044569115,0.008,0.994,IDHm,Astrocytoma,2,TRUE,P5,0.024,1
idha06,APC,Hypoxia,inside,15,0.227778641883615,0.504714028816852,0.348,0.654,IDHm,Astrocytoma,2,TRUE,P5,0.464,1
idha06,APC,Hypoxia,ring,54,-0.162091962443466,-0.643490456996582,0.736,0.266,IDHm,Astrocytoma,2,TRUE,P5,0.802909090909091,1
idha06,APC,Inflammation,inside,15,1.93961380471447,3.87364824169455,0.002,1,IDHm,Astrocytoma,2,TRUE,P5,0.024,1
idha06,APC,Inflammation,ring,54,0.699669863308525,2.58132497811876,0.008,0.994,IDHm,Astrocytoma,2,TRUE,P5,0.024,1
idha06,APC,TAM_microglia,inside,15,0.26526830492234,0.50688561250243,0.348,0.654,IDHm,Astrocytoma,2,TRUE,P5,0.464,1
idha06,APC,TAM_microglia,ring,54,0.394475346385854,1.51076139464295,0.066,0.936,IDHm,Astrocytoma,2,TRUE,P5,0.132,1
idha06,APC,TAM_monocyte,inside,15,1.11356944085916,2.39563771909894,0.008,0.994,IDHm,Astrocytoma,2,TRUE,P5,0.032,1
idha06,APC,TAM_monocyte,ring,54,0.0963683012719993,0.468519884703473,0.332,0.67,IDHm,Astrocytoma,2,TRUE,P5,0.4224,1
idha06,APC,TAM_SPP1_lipid,inside,15,-0.427605594323944,-0.900356745676781,0.81,0.192,IDHm,Astrocytoma,2,TRUE,P5,0.81,1
idha06,APC,TAM_SPP1_lipid,ring,54,0.198787712737656,0.781983242350643,0.23,0.772,IDHm,Astrocytoma,2,TRUE,P5,0.394285714285714,1
idha06,APC,TAM_C1Q,inside,15,0.514267714776052,0.852344370797539,0.252,0.75,IDHm,Astrocytoma,2,TRUE,P5,0.432,1
idha06,APC,TAM_C1Q,ring,54,0.233244185081135,0.776585220190769,0.266,0.736,IDHm,Astrocytoma,2,TRUE,P5,0.399,1
idha06,APC,IFNG_response,inside,15,0.341657449118091,1.11640759287126,0.15,0.852,IDHm,Astrocytoma,2,TRUE,P5,0.3,1
idha06,APC,IFNG_response,ring,54,0.333592381240817,2.1065363390241,0.012,0.99,IDHm,Astrocytoma,2,TRUE,P5,0.0288,1
idha06,APC,Malignant_CNA,inside,15,-0.02779251834635,-0.0447451314787359,0.498,0.504,IDHm,Astrocytoma,2,TRUE,P5,0.5976,1
idha06,APC,Malignant_CNA,ring,54,-0.162367998619121,-1.21931436791888,0.878,0.124,IDHm,Astrocytoma,2,TRUE,P5,0.878,1
idha06,nonMHC,T_cell,inside,27,0.676967573787542,2.41293574171755,0.006,0.996,IDHm,Astrocytoma,2,TRUE,P5,0.0144,1
idha06,nonMHC,T_cell,ring,73,0.572874225251195,3.60378842449058,0.002,1,IDHm,Astrocytoma,2,TRUE,P5,0.012,1
idha06,nonMHC,Endothelial,inside,27,0.397631767474126,2.07245074083119,0.022,0.98,IDHm,Astrocytoma,2,TRUE,P5,0.033,1
idha06,nonMHC,Endothelial,ring,73,0.392305839294942,2.95065686476442,0.004,0.998,IDHm,Astrocytoma,2,TRUE,P5,0.012,1
idha06,nonMHC,Pericyte,inside,27,0.965718642024901,3.02417721907753,0.002,1,IDHm,Astrocytoma,2,TRUE,P5,0.008,1
idha06,nonMHC,Pericyte,ring,73,0.385813920369733,2.57300370347676,0.006,0.996,IDHm,Astrocytoma,2,TRUE,P5,0.0144,1
idha06,nonMHC,IFN_response,inside,27,0.856071094890483,3.22342689057815,0.002,1,IDHm,Astrocytoma,2,TRUE,P5,0.008,1
idha06,nonMHC,IFN_response,ring,73,0.395524896484768,2.7175339121109,0.004,0.998,IDHm,Astrocytoma,2,TRUE,P5,0.012,1
idha06,nonMHC,Hypoxia,inside,27,-0.403799492229109,-1.3371756277033,0.922,0.08,IDHm,Astrocytoma,2,TRUE,P5,0.922,0.96
idha06,nonMHC,Hypoxia,ring,73,-0.291779530622493,-1.64248052228384,0.936,0.066,IDHm,Astrocytoma,2,TRUE,P5,0.984,0.396
idha06,nonMHC,Inflammation,inside,27,1.12136904333715,2.80656448377002,0.002,1,IDHm,Astrocytoma,2,TRUE,P5,0.008,1
idha06,nonMHC,Inflammation,ring,73,0.481054128780868,2.46108105506889,0.002,1,IDHm,Astrocytoma,2,TRUE,P5,0.012,1
idha06,nonMHC,TAM_microglia,inside,27,0.735609521859411,2.99437321417876,0.004,0.998,IDHm,Astrocytoma,2,TRUE,P5,0.012,1
idha06,nonMHC,TAM_microglia,ring,73,0.32690503006782,1.73369417046427,0.034,0.968,IDHm,Astrocytoma,2,TRUE,P5,0.051,1
idha06,nonMHC,TAM_monocyte,inside,27,0.455646445316782,2.25687953619501,0.012,0.99,IDHm,Astrocytoma,2,TRUE,P5,0.024,1
idha06,nonMHC,TAM_monocyte,ring,73,0.344482639328179,1.97199412618041,0.028,0.974,IDHm,Astrocytoma,2,TRUE,P5,0.048,1
idha06,nonMHC,TAM_SPP1_lipid,inside,27,-0.0189523424692694,-0.0388511192189423,0.534,0.468,IDHm,Astrocytoma,2,TRUE,P5,0.6408,1
idha06,nonMHC,TAM_SPP1_lipid,ring,73,-0.211716702472543,-1.1441542038364,0.86,0.142,IDHm,Astrocytoma,2,TRUE,P5,0.984,0.568
idha06,nonMHC,TAM_C1Q,inside,27,0.529729483740842,2.24439407147502,0.022,0.98,IDHm,Astrocytoma,2,TRUE,P5,0.033,1
idha06,nonMHC,TAM_C1Q,ring,73,0.499242761470758,2.37473159351098,0.008,0.994,IDHm,Astrocytoma,2,TRUE,P5,0.016,1
idha06,nonMHC,IFNG_response,inside,27,0.296796369858312,1.39129465490862,0.084,0.918,IDHm,Astrocytoma,2,TRUE,P5,0.112,1
idha06,nonMHC,IFNG_response,ring,73,0.206037265728398,1.45883506917736,0.07,0.932,IDHm,Astrocytoma,2,TRUE,P5,0.0933333333333333,1
idha06,nonMHC,Malignant_CNA,inside,27,-0.183187032985301,-0.893538281172693,0.818,0.184,IDHm,Astrocytoma,2,TRUE,P5,0.892363636363636,1
idha06,nonMHC,Malignant_CNA,ring,73,-0.252251653308279,-2.10898436888764,0.984,0.018,IDHm,Astrocytoma,2,TRUE,P5,0.984,0.216
idha07,C1b,T_cell,inside,6,-0.0325278686457084,-0.0459079137242475,0.52,0.482,IDHm,Astrocytoma,3,TRUE,P6,0.536,1
idha07,C1b,T_cell,ring,57,0.535286752256241,4.23490252885153,0.002,1,IDHm,Astrocytoma,3,TRUE,P6,0.008,1
idha07,C1b,Endothelial,inside,6,2.65025198967604,5.98032196293411,0.002,1,IDHm,Astrocytoma,3,TRUE,P6,0.012,1
idha07,C1b,Endothelial,ring,57,0.723522121472182,4.56460740329253,0.002,1,IDHm,Astrocytoma,3,TRUE,P6,0.008,1
idha07,C1b,Pericyte,inside,6,1.82957833464952,4.0407777447699,0.002,1,IDHm,Astrocytoma,3,TRUE,P6,0.012,1
idha07,C1b,Pericyte,ring,57,0.419146184824491,2.5200843052662,0.004,0.998,IDHm,Astrocytoma,3,TRUE,P6,0.012,1
idha07,C1b,IFN_response,inside,6,0.801425703295731,2.0050622659283,0.032,0.97,IDHm,Astrocytoma,3,TRUE,P6,0.064,1
idha07,C1b,IFN_response,ring,57,0.185189574163449,1.26189129644681,0.114,0.888,IDHm,Astrocytoma,3,TRUE,P6,0.195428571428571,1
idha07,C1b,Hypoxia,inside,6,0.215107150997789,0.460491120730456,0.326,0.676,IDHm,Astrocytoma,3,TRUE,P6,0.434666666666667,1
idha07,C1b,Hypoxia,ring,57,-0.156539435710805,-1.13481398232983,0.874,0.128,IDHm,Astrocytoma,3,TRUE,P6,0.874,1
idha07,C1b,Inflammation,inside,6,0.99356613422198,2.07467059596207,0.018,0.984,IDHm,Astrocytoma,3,TRUE,P6,0.054,1
idha07,C1b,Inflammation,ring,57,0.277041279806904,1.74589070469368,0.044,0.958,IDHm,Astrocytoma,3,TRUE,P6,0.1056,1
idha07,C1b,TAM_microglia,inside,6,-0.0690934555068466,-0.153952195939205,0.536,0.466,IDHm,Astrocytoma,3,TRUE,P6,0.536,1
idha07,C1b,TAM_microglia,ring,57,0.102196098498147,0.746932708589699,0.23,0.772,IDHm,Astrocytoma,3,TRUE,P6,0.276,1
idha07,C1b,TAM_monocyte,inside,6,0.49706415417931,1.10361133382831,0.126,0.876,IDHm,Astrocytoma,3,TRUE,P6,0.216,1
idha07,C1b,TAM_monocyte,ring,57,-0.00910106242334598,-0.056655269854298,0.524,0.478,IDHm,Astrocytoma,3,TRUE,P6,0.571636363636364,1
idha07,C1b,TAM_SPP1_lipid,inside,6,0.272513572544396,0.680915572177971,0.256,0.746,IDHm,Astrocytoma,3,TRUE,P6,0.384,1
idha07,C1b,TAM_SPP1_lipid,ring,57,0.151616486191295,1.00013550294973,0.158,0.844,IDHm,Astrocytoma,3,TRUE,P6,0.237,1
idha07,C1b,TAM_C1Q,inside,6,1.08892087544148,2.25734018322642,0.016,0.986,IDHm,Astrocytoma,3,TRUE,P6,0.054,1
idha07,C1b,TAM_C1Q,ring,57,0.711801233116767,4.12862119851799,0.002,1,IDHm,Astrocytoma,3,TRUE,P6,0.008,1
idha07,C1b,IFNG_response,inside,6,0.00170108234415555,-0.00819158650825447,0.504,0.498,IDHm,Astrocytoma,3,TRUE,P6,0.536,1
idha07,C1b,IFNG_response,ring,57,0.175480007297772,1.25498659818756,0.104,0.898,IDHm,Astrocytoma,3,TRUE,P6,0.195428571428571,1
idha07,C1b,Malignant_CNA,inside,6,0.850338136635952,2.01249519916629,0.026,0.976,IDHm,Astrocytoma,3,TRUE,P6,0.0624,1
idha07,C1b,Malignant_CNA,ring,57,0.116005357932495,0.922180955112656,0.188,0.814,IDHm,Astrocytoma,3,TRUE,P6,0.250666666666667,1
idha08,C1b,T_cell,inside,25,-0.0965359286567522,-0.470452191202802,0.678,0.324,IDHm,Astrocytoma,4,FALSE,P7,0.739636363636364,0.977142857142857
idha08,C1b,T_cell,ring,192,-0.0484482041392547,-0.649336778463041,0.738,0.264,IDHm,Astrocytoma,4,FALSE,P7,0.938181818181818,0.6336
idha08,C1b,Endothelial,inside,25,0.648781662271958,2.6858451082351,0.006,0.996,IDHm,Astrocytoma,4,FALSE,P7,0.024,1
idha08,C1b,Endothelial,ring,192,0.0775182370905262,0.795154158018497,0.204,0.798,IDHm,Astrocytoma,4,FALSE,P7,0.938181818181818,0.870545454545455
idha08,C1b,Pericyte,inside,25,0.43627721367471,2.02187404359593,0.018,0.984,IDHm,Astrocytoma,4,FALSE,P7,0.054,1
idha08,C1b,Pericyte,ring,192,-0.00932709165485907,-0.0724832209472435,0.516,0.486,IDHm,Astrocytoma,4,FALSE,P7,0.938181818181818,0.648
idha08,C1b,IFN_response,inside,25,0.0486380931849288,0.190075773004635,0.432,0.57,IDHm,Astrocytoma,4,FALSE,P7,0.690666666666667,0.977142857142857
idha08,C1b,IFN_response,ring,192,-0.118223895724922,-0.900007268902996,0.808,0.194,IDHm,Astrocytoma,4,FALSE,P7,0.938181818181818,0.63
idha08,C1b,Hypoxia,inside,25,-0.0472457148670654,-0.187488140463035,0.582,0.42,IDHm,Astrocytoma,4,FALSE,P7,0.6984,0.977142857142857
idha08,C1b,Hypoxia,ring,192,-0.0858532229919155,-0.80694313673404,0.792,0.21,IDHm,Astrocytoma,4,FALSE,P7,0.938181818181818,0.63
idha08,C1b,Inflammation,inside,25,0.647206032186183,3.10789752178527,0.002,1,IDHm,Astrocytoma,4,FALSE,P7,0.024,1
idha08,C1b,Inflammation,ring,192,0.0048087618817746,0.113556364116733,0.456,0.546,IDHm,Astrocytoma,4,FALSE,P7,0.938181818181818,0.6552
idha08,C1b,TAM_microglia,inside,25,0.0261255244934303,0.146703838897529,0.462,0.54,IDHm,Astrocytoma,4,FALSE,P7,0.690666666666667,0.977142857142857
idha08,C1b,TAM_microglia,ring,192,-0.0166781772810223,-0.195510091493259,0.592,0.41,IDHm,Astrocytoma,4,FALSE,P7,0.938181818181818,0.648
idha08,C1b,TAM_monocyte,inside,25,-0.216353342828354,-1.17528133707303,0.904,0.098,IDHm,Astrocytoma,4,FALSE,P7,0.904,0.977142857142857
idha08,C1b,TAM_monocyte,ring,192,-0.0214089374535245,-0.180260610430949,0.582,0.42,IDHm,Astrocytoma,4,FALSE,P7,0.938181818181818,0.648
idha08,C1b,TAM_SPP1_lipid,inside,25,0.174378956162677,0.835581831943526,0.204,0.798,IDHm,Astrocytoma,4,FALSE,P7,0.4896,1
idha08,C1b,TAM_SPP1_lipid,ring,192,-0.219873126178668,-2.53514496480191,0.996,0.006,IDHm,Astrocytoma,4,FALSE,P7,0.996,0.072
idha08,C1b,TAM_C1Q,inside,25,0.648611812556067,2.75039627459803,0.004,0.998,IDHm,Astrocytoma,4,FALSE,P7,0.024,1
idha08,C1b,TAM_C1Q,ring,192,-0.0015150705682911,-0.0622297333722788,0.524,0.478,IDHm,Astrocytoma,4,FALSE,P7,0.938181818181818,0.648
idha08,C1b,IFNG_response,inside,25,0.0153015118808165,0.018470560369971,0.492,0.51,IDHm,Astrocytoma,4,FALSE,P7,0.690666666666667,0.977142857142857
idha08,C1b,IFNG_response,ring,192,0.10631339465713,1.30819010849198,0.098,0.904,IDHm,Astrocytoma,4,FALSE,P7,0.938181818181818,0.904
idha08,C1b,Malignant_CNA,inside,25,0.00620640365701578,-0.0207594287203915,0.518,0.484,IDHm,Astrocytoma,4,FALSE,P7,0.690666666666667,0.977142857142857
idha08,C1b,Malignant_CNA,ring,192,-0.141099353497981,-1.17859032214052,0.86,0.142,IDHm,Astrocytoma,4,FALSE,P7,0.938181818181818,0.63
idha08,APC,T_cell,inside,12,-0.126772853251229,-0.37888991619884,0.666,0.336,IDHm,Astrocytoma,4,FALSE,P7,0.99,0.672
idha08,APC,T_cell,ring,118,-0.0830811576200504,-0.868331974930594,0.808,0.194,IDHm,Astrocytoma,4,FALSE,P7,0.808,0.744
idha08,APC,Endothelial,inside,12,1.14822909013036,3.67258841156724,0.002,1,IDHm,Astrocytoma,4,FALSE,P7,0.024,1
idha08,APC,Endothelial,ring,118,0.280798555309096,2.02177824758637,0.02,0.982,IDHm,Astrocytoma,4,FALSE,P7,0.2,0.982
idha08,APC,Pericyte,inside,12,0.859994266521169,2.75962768557681,0.004,0.998,IDHm,Astrocytoma,4,FALSE,P7,0.024,1
idha08,APC,Pericyte,ring,118,0.222002506978643,1.61831405046467,0.05,0.952,IDHm,Astrocytoma,4,FALSE,P7,0.2,0.982
idha08,APC,IFN_response,inside,12,0.291627763589385,0.850120440640572,0.2,0.802,IDHm,Astrocytoma,4,FALSE,P7,0.6,1
idha08,APC,IFN_response,ring,118,-0.133113536539679,-0.832452111010133,0.796,0.206,IDHm,Astrocytoma,4,FALSE,P7,0.808,0.744
idha08,APC,Hypoxia,inside,12,0.0566226387709792,0.192677197215099,0.438,0.564,IDHm,Astrocytoma,4,FALSE,P7,0.876,0.966857142857143
idha08,APC,Hypoxia,ring,118,0.25947280856778,1.90450845951968,0.034,0.968,IDHm,Astrocytoma,4,FALSE,P7,0.2,0.982
idha08,APC,Inflammation,inside,12,0.149124752956489,0.513164559640068,0.326,0.676,IDHm,Astrocytoma,4,FALSE,P7,0.7824,1
idha08,APC,Inflammation,ring,118,-0.0281977978476323,-0.251526518315738,0.588,0.414,IDHm,Astrocytoma,4,FALSE,P7,0.808,0.744
idha08,APC,TAM_microglia,inside,12,0.319056529661866,1.07747723034908,0.144,0.858,IDHm,Astrocytoma,4,FALSE,P7,0.576,1
idha08,APC,TAM_microglia,ring,118,-0.046985533790609,-0.38711089578315,0.634,0.368,IDHm,Astrocytoma,4,FALSE,P7,0.808,0.744
idha08,APC,TAM_monocyte,inside,12,-0.343917294817043,-1.15917297531864,0.878,0.124,IDHm,Astrocytoma,4,FALSE,P7,0.99,0.42
idha08,APC,TAM_monocyte,ring,118,0.047294244578091,0.411838523112159,0.346,0.656,IDHm,Astrocytoma,4,FALSE,P7,0.808,0.874666666666667
idha08,APC,TAM_SPP1_lipid,inside,12,-0.497962010391625,-1.51396212305974,0.932,0.07,IDHm,Astrocytoma,4,FALSE,P7,0.99,0.42
idha08,APC,TAM_SPP1_lipid,ring,118,-0.0161569748993083,-0.130588215770124,0.55,0.452,IDHm,Astrocytoma,4,FALSE,P7,0.808,0.744
idha08,APC,TAM_C1Q,inside,12,-0.150652069387552,-0.550431103387371,0.682,0.32,IDHm,Astrocytoma,4,FALSE,P7,0.99,0.672
idha08,APC,TAM_C1Q,ring,118,-0.0625429360369261,-0.41973971250895,0.652,0.35,IDHm,Astrocytoma,4,FALSE,P7,0.808,0.744
idha08,APC,IFNG_response,inside,12,-0.340393819391537,-1.11964037288787,0.862,0.14,IDHm,Astrocytoma,4,FALSE,P7,0.99,0.42
idha08,APC,IFNG_response,ring,118,-0.000295292062771418,-0.0288217266140777,0.506,0.496,IDHm,Astrocytoma,4,FALSE,P7,0.808,0.744
idha08,APC,Malignant_CNA,inside,12,-0.782795844683036,-2.39800613878965,0.99,0.012,IDHm,Astrocytoma,4,FALSE,P7,0.99,0.144
idha08,APC,Malignant_CNA,ring,118,-0.0603136045015174,-0.422533330582651,0.678,0.324,IDHm,Astrocytoma,4,FALSE,P7,0.808,0.744
idha09,C1b,T_cell,inside,246,-0.0865439135351037,-1.35847662527317,0.92,0.082,IDHm,Astrocytoma,4,FALSE,P7,1,0.1968
idha09,C1b,T_cell,ring,567,0.052904842480562,1.48563630223892,0.064,0.938,IDHm,Astrocytoma,4,FALSE,P7,0.1776,1
idha09,C1b,Endothelial,inside,246,-0.0157932039820793,-0.137192302901407,0.558,0.444,IDHm,Astrocytoma,4,FALSE,P7,1,0.5328
idha09,C1b,Endothelial,ring,567,-0.0164731785412747,-0.278904236667746,0.602,0.4,IDHm,Astrocytoma,4,FALSE,P7,0.7224,1
idha09,C1b,Pericyte,inside,246,-0.0448947615039059,-0.474542172516603,0.67,0.332,IDHm,Astrocytoma,4,FALSE,P7,1,0.442666666666667
idha09,C1b,Pericyte,ring,567,-0.0131046906354665,-0.234984183810346,0.592,0.41,IDHm,Astrocytoma,4,FALSE,P7,0.7224,1
idha09,C1b,IFN_response,inside,246,-0.212794884727923,-2.45718371517285,0.998,0.004,IDHm,Astrocytoma,4,FALSE,P7,1,0.024
idha09,C1b,IFN_response,ring,567,0.073471753707897,1.50048178123766,0.074,0.928,IDHm,Astrocytoma,4,FALSE,P7,0.1776,1
idha09,C1b,Hypoxia,inside,246,0.499061688574788,3.79462900577945,0.002,1,IDHm,Astrocytoma,4,FALSE,P7,0.012,1
idha09,C1b,Hypoxia,ring,567,0.090373559772127,1.09064849127526,0.164,0.838,IDHm,Astrocytoma,4,FALSE,P7,0.328,1
idha09,C1b,Inflammation,inside,246,-0.106373666237241,-1.33814658252831,0.92,0.082,IDHm,Astrocytoma,4,FALSE,P7,1,0.1968
idha09,C1b,Inflammation,ring,567,0.148982289475871,2.73887290333994,0.006,0.996,IDHm,Astrocytoma,4,FALSE,P7,0.024,1
idha09,C1b,TAM_microglia,inside,246,-0.073000198387405,-1.07694474700213,0.854,0.148,IDHm,Astrocytoma,4,FALSE,P7,1,0.296
idha09,C1b,TAM_microglia,ring,567,-0.0131408661480535,-0.370616553851503,0.676,0.326,IDHm,Astrocytoma,4,FALSE,P7,0.737454545454546,1
idha09,C1b,TAM_monocyte,inside,246,-0.0476737757952845,-0.765980861482105,0.76,0.242,IDHm,Astrocytoma,4,FALSE,P7,1,0.363
idha09,C1b,TAM_monocyte,ring,567,0.00530738333984923,0.162678902670182,0.424,0.578,IDHm,Astrocytoma,4,FALSE,P7,0.636,1
idha09,C1b,TAM_SPP1_lipid,inside,246,0.297902046543998,3.29474048642245,0.002,1,IDHm,Astrocytoma,4,FALSE,P7,0.012,1
idha09,C1b,TAM_SPP1_lipid,ring,567,-0.0489899656456185,-0.868635677485518,0.822,0.18,IDHm,Astrocytoma,4,FALSE,P7,0.822,1
idha09,C1b,TAM_C1Q,inside,246,-0.068339783817399,-0.739206746602966,0.766,0.236,IDHm,Astrocytoma,4,FALSE,P7,1,0.363
idha09,C1b,TAM_C1Q,ring,567,0.0235446079136501,0.414577909629296,0.33,0.672,IDHm,Astrocytoma,4,FALSE,P7,0.565714285714286,1
idha09,C1b,IFNG_response,inside,246,-0.234160516854831,-2.71468366311647,0.996,0.006,IDHm,Astrocytoma,4,FALSE,P7,1,0.024
idha09,C1b,IFNG_response,ring,567,0.137346679797967,2.67158304180251,0.006,0.996,IDHm,Astrocytoma,4,FALSE,P7,0.024,1
idha09,C1b,Malignant_CNA,inside,246,-0.278126851012122,-3.45411918895425,1,0.002,IDHm,Astrocytoma,4,FALSE,P7,1,0.024
idha09,C1b,Malignant_CNA,ring,567,0.143844502445766,2.94374187230802,0.002,1,IDHm,Astrocytoma,4,FALSE,P7,0.024,1
idha09,APC,T_cell,inside,6,-0.120319123861721,-0.366092452997082,0.636,0.366,IDHm,Astrocytoma,4,FALSE,P7,0.917333333333333,0.860571428571429
idha09,APC,T_cell,ring,63,-0.123681600147258,-0.98520645054541,0.828,0.174,IDHm,Astrocytoma,4,FALSE,P7,1,0.348
idha09,APC,Endothelial,inside,6,3.85456697619776,7.03773349410163,0.002,1,IDHm,Astrocytoma,4,FALSE,P7,0.012,1
idha09,APC,Endothelial,ring,63,1.12263391997042,4.32421464634004,0.002,1,IDHm,Astrocytoma,4,FALSE,P7,0.008,1
idha09,APC,Pericyte,inside,6,2.4000778514972,4.1133564439178,0.002,1,IDHm,Astrocytoma,4,FALSE,P7,0.012,1
idha09,APC,Pericyte,ring,63,1.67276291458631,5.47577410976766,0.002,1,IDHm,Astrocytoma,4,FALSE,P7,0.008,1
idha09,APC,IFN_response,inside,6,-0.220604590367452,-0.440324003013266,0.688,0.314,IDHm,Astrocytoma,4,FALSE,P7,0.917333333333333,0.860571428571429
idha09,APC,IFN_response,ring,63,0.0543134392369208,0.27437716861454,0.4,0.602,IDHm,Astrocytoma,4,FALSE,P7,0.96,0.903
idha09,APC,Hypoxia,inside,6,-0.957045746087459,-1.78936457128395,0.964,0.038,IDHm,Astrocytoma,4,FALSE,P7,0.964,0.288
idha09,APC,Hypoxia,ring,63,-0.925770136817595,-3.14559689516137,1,0.002,IDHm,Astrocytoma,4,FALSE,P7,1,0.024
idha09,APC,Inflammation,inside,6,0.00474331469300465,0.00284667441178201,0.5,0.502,IDHm,Astrocytoma,4,FALSE,P7,0.917333333333333,0.860571428571429
idha09,APC,Inflammation,ring,63,-0.278065859649287,-1.43476968682363,0.914,0.088,IDHm,Astrocytoma,4,FALSE,P7,1,0.264
idha09,APC,TAM_microglia,inside,6,0.312993428434972,0.705125323334181,0.244,0.758,IDHm,Astrocytoma,4,FALSE,P7,0.5856,1
idha09,APC,TAM_microglia,ring,63,0.228506463893202,1.50401900479952,0.066,0.936,IDHm,Astrocytoma,4,FALSE,P7,0.198,1
idha09,APC,TAM_monocyte,inside,6,-0.618220806196177,-1.5839704346361,0.954,0.048,IDHm,Astrocytoma,4,FALSE,P7,0.964,0.288
idha09,APC,TAM_monocyte,ring,63,-0.000970210498677126,-0.0284689152696431,0.508,0.494,IDHm,Astrocytoma,4,FALSE,P7,1,0.846857142857143
idha09,APC,TAM_SPP1_lipid,inside,6,0.440376322202668,0.955837070824663,0.158,0.844,IDHm,Astrocytoma,4,FALSE,P7,0.474,1
idha09,APC,TAM_SPP1_lipid,ring,63,-0.415538967903451,-2.08704557890009,0.992,0.01,IDHm,Astrocytoma,4,FALSE,P7,1,0.06
idha09,APC,TAM_C1Q,inside,6,0.526260879709364,1.0969951383189,0.134,0.868,IDHm,Astrocytoma,4,FALSE,P7,0.474,1
idha09,APC,TAM_C1Q,ring,63,0.60463213102272,2.91016210349768,0.002,1,IDHm,Astrocytoma,4,FALSE,P7,0.008,1
idha09,APC,IFNG_response,inside,6,-0.40104877130963,-0.918333846718216,0.83,0.172,IDHm,Astrocytoma,4,FALSE,P7,0.964,0.688
idha09,APC,IFNG_response,ring,63,-0.196664487867908,-1.12965562370182,0.876,0.126,IDHm,Astrocytoma,4,FALSE,P7,1,0.3024
idha09,APC,Malignant_CNA,inside,6,-0.0658686894039004,-0.107536974214459,0.554,0.448,IDHm,Astrocytoma,4,FALSE,P7,0.917333333333333,0.860571428571429
idha09,APC,Malignant_CNA,ring,63,-0.325157225255336,-2.10451451400302,0.978,0.024,IDHm,Astrocytoma,4,FALSE,P7,1,0.096
idha09,nonMHC,T_cell,inside,18,-0.125195374135172,-0.556221419475131,0.702,0.3,IDHm,Astrocytoma,4,FALSE,P7,0.765818181818182,1
idha09,nonMHC,T_cell,ring,145,0.241506052018372,2.72335397659973,0.006,0.996,IDHm,Astrocytoma,4,FALSE,P7,0.072,0.996
idha09,nonMHC,Endothelial,inside,18,1.2592019711483,3.94517658057066,0.002,1,IDHm,Astrocytoma,4,FALSE,P7,0.0048,1
idha09,nonMHC,Endothelial,ring,145,0.342618616012008,2.04706320219769,0.03,0.972,IDHm,Astrocytoma,4,FALSE,P7,0.072,0.996
idha09,nonMHC,Pericyte,inside,18,1.27923361887153,3.95468601086559,0.002,1,IDHm,Astrocytoma,4,FALSE,P7,0.0048,1
idha09,nonMHC,Pericyte,ring,145,0.358187860842527,2.10102280630701,0.02,0.982,IDHm,Astrocytoma,4,FALSE,P7,0.072,0.996
idha09,nonMHC,IFN_response,inside,18,0.313482991940995,1.14744241534076,0.106,0.896,IDHm,Astrocytoma,4,FALSE,P7,0.159,1
idha09,nonMHC,IFN_response,ring,145,0.0583545046071138,0.473737536139111,0.31,0.692,IDHm,Astrocytoma,4,FALSE,P7,0.372,0.996
idha09,nonMHC,Hypoxia,inside,18,0.199900149202079,0.547886061808382,0.308,0.694,IDHm,Astrocytoma,4,FALSE,P7,0.410666666666667,1
idha09,nonMHC,Hypoxia,ring,145,0.419920758159404,2.12335693053458,0.026,0.976,IDHm,Astrocytoma,4,FALSE,P7,0.072,0.996
idha09,nonMHC,Inflammation,inside,18,0.813662183956851,3.15833880631675,0.002,1,IDHm,Astrocytoma,4,FALSE,P7,0.0048,1
idha09,nonMHC,Inflammation,ring,145,0.130945576544159,0.96090686917242,0.17,0.832,IDHm,Astrocytoma,4,FALSE,P7,0.291428571428571,0.996
idha09,nonMHC,TAM_microglia,inside,18,0.557135654154933,1.99009110613427,0.022,0.98,IDHm,Astrocytoma,4,FALSE,P7,0.0377142857142857,1
idha09,nonMHC,TAM_microglia,ring,145,0.0917808542246668,0.790688886987248,0.228,0.774,IDHm,Astrocytoma,4,FALSE,P7,0.312,0.996
idha09,nonMHC,TAM_monocyte,inside,18,0.628929577113085,2.73730407838261,0.004,0.998,IDHm,Astrocytoma,4,FALSE,P7,0.008,1
idha09,nonMHC,TAM_monocyte,ring,145,0.0729885105653708,0.732823132404334,0.234,0.768,IDHm,Astrocytoma,4,FALSE,P7,0.312,0.996
idha09,nonMHC,TAM_SPP1_lipid,inside,18,0.903844880906784,3.14021445621121,0.002,1,IDHm,Astrocytoma,4,FALSE,P7,0.0048,1
idha09,nonMHC,TAM_SPP1_lipid,ring,145,0.300312758072849,2.02330813232247,0.016,0.986,IDHm,Astrocytoma,4,FALSE,P7,0.072,0.996
idha09,nonMHC,TAM_C1Q,inside,18,1.20784759874764,4.0568395832708,0.002,1,IDHm,Astrocytoma,4,FALSE,P7,0.0048,1
idha09,nonMHC,TAM_C1Q,ring,145,0.198059350639726,1.3570554406716,0.098,0.904,IDHm,Astrocytoma,4,FALSE,P7,0.196,0.996
idha09,nonMHC,IFNG_response,inside,18,-0.101395079444463,-0.408424589411287,0.648,0.354,IDHm,Astrocytoma,4,FALSE,P7,0.765818181818182,1
idha09,nonMHC,IFNG_response,ring,145,-0.0102514889713758,-0.0406777145507064,0.508,0.494,IDHm,Astrocytoma,4,FALSE,P7,0.508,0.996
idha09,nonMHC,Malignant_CNA,inside,18,-0.570113565653088,-2.35135237265033,0.994,0.008,IDHm,Astrocytoma,4,FALSE,P7,0.994,0.096
idha09,nonMHC,Malignant_CNA,ring,145,0.0281154723082696,0.24036262561518,0.404,0.598,IDHm,Astrocytoma,4,FALSE,P7,0.440727272727273,0.996
idha10,C1b,T_cell,inside,23,0.589175983179718,3.08036257654253,0.002,1,IDHm,Astrocytoma,3,TRUE,P8,0.012,1
idha10,C1b,T_cell,ring,196,-0.0599608949181163,-0.876303236700771,0.81,0.192,IDHm,Astrocytoma,3,TRUE,P8,0.944727272727273,0.552
idha10,C1b,Endothelial,inside,23,0.289276856648825,1.35449070750021,0.086,0.916,IDHm,Astrocytoma,3,TRUE,P8,0.2064,1
idha10,C1b,Endothelial,ring,196,0.0687069563281958,0.77268881337619,0.222,0.78,IDHm,Astrocytoma,3,TRUE,P8,0.858,0.907636363636364
idha10,C1b,Pericyte,inside,23,0.473892411554298,2.03465880695578,0.018,0.984,IDHm,Astrocytoma,3,TRUE,P8,0.072,1
idha10,C1b,Pericyte,ring,196,0.18001272589304,2.03670127127111,0.032,0.97,IDHm,Astrocytoma,3,TRUE,P8,0.384,0.97
idha10,C1b,IFN_response,inside,23,0.00557899625759969,0.00629701510639924,0.504,0.498,IDHm,Astrocytoma,3,TRUE,P8,0.6048,1
idha10,C1b,IFN_response,ring,196,-0.132492896323308,-1.11524479416507,0.848,0.154,IDHm,Astrocytoma,3,TRUE,P8,0.944727272727273,0.552
idha10,C1b,Hypoxia,inside,23,0.116364476826601,0.527690779312265,0.31,0.692,IDHm,Astrocytoma,3,TRUE,P8,0.492,1
idha10,C1b,Hypoxia,ring,196,-0.0870040836197804,-1.10492627640242,0.866,0.136,IDHm,Astrocytoma,3,TRUE,P8,0.944727272727273,0.552
idha10,C1b,Inflammation,inside,23,0.149219419470458,0.6412932577495,0.266,0.736,IDHm,Astrocytoma,3,TRUE,P8,0.492,1
idha10,C1b,Inflammation,ring,196,0.0959819159286159,0.994851970046212,0.17,0.832,IDHm,Astrocytoma,3,TRUE,P8,0.858,0.907636363636364
idha10,C1b,TAM_microglia,inside,23,0.0865502516571405,0.455676567468029,0.328,0.674,IDHm,Astrocytoma,3,TRUE,P8,0.492,1
idha10,C1b,TAM_microglia,ring,196,-0.0596721114885217,-0.731548276378151,0.772,0.23,IDHm,Astrocytoma,3,TRUE,P8,0.944727272727273,0.552
idha10,C1b,TAM_monocyte,inside,23,-0.229983272318588,-1.10772814666507,0.866,0.136,IDHm,Astrocytoma,3,TRUE,P8,0.944727272727273,0.816
idha10,C1b,TAM_monocyte,ring,196,-0.025498680465708,-0.319440900179155,0.62,0.382,IDHm,Astrocytoma,3,TRUE,P8,0.944727272727273,0.693
idha10,C1b,TAM_SPP1_lipid,inside,23,-0.434305779774291,-2.02562650355765,0.984,0.018,IDHm,Astrocytoma,3,TRUE,P8,0.984,0.216
idha10,C1b,TAM_SPP1_lipid,ring,196,-0.147523624617554,-1.74501270131741,0.964,0.038,IDHm,Astrocytoma,3,TRUE,P8,0.964,0.456
idha10,C1b,TAM_C1Q,inside,23,0.770391455300745,3.6164447272264,0.002,1,IDHm,Astrocytoma,3,TRUE,P8,0.012,1
idha10,C1b,TAM_C1Q,ring,196,-0.0140197039584239,-0.14293330822938,0.558,0.444,IDHm,Astrocytoma,3,TRUE,P8,0.944727272727273,0.693
idha10,C1b,IFNG_response,inside,23,0.385277131885963,1.77363370890141,0.03,0.972,IDHm,Astrocytoma,3,TRUE,P8,0.09,1
idha10,C1b,IFNG_response,ring,196,-0.0126490173670216,-0.14171258496715,0.54,0.462,IDHm,Astrocytoma,3,TRUE,P8,0.944727272727273,0.693
idha10,C1b,Malignant_CNA,inside,23,0.0545072931963888,0.237030408991571,0.4,0.602,IDHm,Astrocytoma,3,TRUE,P8,0.533333333333333,1
idha10,C1b,Malignant_CNA,ring,196,0.0488760898328035,0.607696532362507,0.286,0.716,IDHm,Astrocytoma,3,TRUE,P8,0.858,0.907636363636364
idha10,APC,T_cell,inside,10,-0.0554208803212686,-0.231163383546339,0.588,0.414,IDHm,Astrocytoma,3,TRUE,P8,0.7392,0.944
idha10,APC,T_cell,ring,91,0.109636145238216,1.00002866438544,0.156,0.846,IDHm,Astrocytoma,3,TRUE,P8,0.3744,1
idha10,APC,Endothelial,inside,10,0.252569464284837,0.7969089412013,0.202,0.8,IDHm,Astrocytoma,3,TRUE,P8,0.54,0.944
idha10,APC,Endothelial,ring,91,-0.0758105718777523,-0.607403839708759,0.748,0.254,IDHm,Astrocytoma,3,TRUE,P8,0.978,0.6096
idha10,APC,Pericyte,inside,10,-0.0663512423315486,-0.279648428761602,0.616,0.386,IDHm,Astrocytoma,3,TRUE,P8,0.7392,0.944
idha10,APC,Pericyte,ring,91,-0.153366014371535,-1.0993717781018,0.838,0.164,IDHm,Astrocytoma,3,TRUE,P8,0.978,0.492
idha10,APC,IFN_response,inside,10,0.529723417160817,1.56659484007942,0.058,0.944,IDHm,Astrocytoma,3,TRUE,P8,0.48,0.944
idha10,APC,IFN_response,ring,91,0.36703138242881,2.26546239043163,0.02,0.982,IDHm,Astrocytoma,3,TRUE,P8,0.06,1
idha10,APC,Hypoxia,inside,10,-0.204099198176725,-0.607464984526932,0.728,0.274,IDHm,Astrocytoma,3,TRUE,P8,0.794181818181818,0.944
idha10,APC,Hypoxia,ring,91,-0.0556752508752751,-0.440633341374506,0.694,0.308,IDHm,Astrocytoma,3,TRUE,P8,0.978,0.616
idha10,APC,Inflammation,inside,10,0.195447364181929,0.573016535838778,0.27,0.732,IDHm,Astrocytoma,3,TRUE,P8,0.54,0.944
idha10,APC,Inflammation,ring,91,-0.203448023578301,-1.45295965303722,0.93,0.072,IDHm,Astrocytoma,3,TRUE,P8,0.978,0.288
idha10,APC,TAM_microglia,inside,10,0.187434308577746,0.679903613396167,0.248,0.754,IDHm,Astrocytoma,3,TRUE,P8,0.54,0.944
idha10,APC,TAM_microglia,ring,91,0.0963719559659599,0.866496021851224,0.218,0.784,IDHm,Astrocytoma,3,TRUE,P8,0.436,1
idha10,APC,TAM_monocyte,inside,10,0.170591215582365,0.45934942971596,0.338,0.664,IDHm,Astrocytoma,3,TRUE,P8,0.579428571428571,0.944
idha10,APC,TAM_monocyte,ring,91,-0.188750781186866,-1.89934477638774,0.978,0.024,IDHm,Astrocytoma,3,TRUE,P8,0.978,0.276
idha10,APC,TAM_SPP1_lipid,inside,10,-0.0841236142034961,-0.156321803057141,0.552,0.45,IDHm,Astrocytoma,3,TRUE,P8,0.7392,0.944
idha10,APC,TAM_SPP1_lipid,ring,91,0.341134027365565,2.89220398125859,0.002,1,IDHm,Astrocytoma,3,TRUE,P8,0.024,1
idha10,APC,TAM_C1Q,inside,10,0.481102795138139,1.47275391296311,0.08,0.922,IDHm,Astrocytoma,3,TRUE,P8,0.48,0.944
idha10,APC,TAM_C1Q,ring,91,0.317953912700842,2.408722455065,0.008,0.994,IDHm,Astrocytoma,3,TRUE,P8,0.048,1
idha10,APC,IFNG_response,inside,10,-0.361147145825401,-1.05179656731745,0.852,0.15,IDHm,Astrocytoma,3,TRUE,P8,0.852,0.944
idha10,APC,IFNG_response,ring,91,0.244323173367711,2.30655039187811,0.02,0.982,IDHm,Astrocytoma,3,TRUE,P8,0.06,1
idha10,APC,Malignant_CNA,inside,10,0.21746023254251,0.683072225658865,0.252,0.75,IDHm,Astrocytoma,3,TRUE,P8,0.54,0.944
idha10,APC,Malignant_CNA,ring,91,-0.209855606643452,-1.71954944948285,0.956,0.046,IDHm,Astrocytoma,3,TRUE,P8,0.978,0.276
idha11,C1b,T_cell,inside,185,0.0821629926775719,1.22263959747395,0.114,0.888,IDHm,Astrocytoma,3,TRUE,P8,0.195428571428571,0.998
idha11,C1b,T_cell,ring,422,-0.0204937905187364,-0.441003975762832,0.65,0.352,IDHm,Astrocytoma,3,TRUE,P8,0.808,0.610666666666667
idha11,C1b,Endothelial,inside,185,0.185676922716477,2.51936791458653,0.01,0.992,IDHm,Astrocytoma,3,TRUE,P8,0.03,0.998
idha11,C1b,Endothelial,ring,422,-0.0232222020035568,-0.511066209688094,0.712,0.29,IDHm,Astrocytoma,3,TRUE,P8,0.808,0.610666666666667
idha11,C1b,Pericyte,inside,185,0.348824970925763,2.73849161654186,0.004,0.998,IDHm,Astrocytoma,3,TRUE,P8,0.03,0.998
idha11,C1b,Pericyte,ring,422,-0.064928268721429,-0.877006780734824,0.808,0.194,IDHm,Astrocytoma,3,TRUE,P8,0.808,0.610666666666667
idha11,C1b,IFN_response,inside,185,0.117248225413088,1.34572093046603,0.088,0.914,IDHm,Astrocytoma,3,TRUE,P8,0.176,0.998
idha11,C1b,IFN_response,ring,422,-0.00507992647463031,-0.175080281353666,0.568,0.434,IDHm,Astrocytoma,3,TRUE,P8,0.808,0.610666666666667
idha11,C1b,Hypoxia,inside,185,-0.16980881423449,-1.81762731471084,0.956,0.046,IDHm,Astrocytoma,3,TRUE,P8,0.956,0.552
idha11,C1b,Hypoxia,ring,422,-0.00647498467205539,-0.0776154498080915,0.544,0.458,IDHm,Astrocytoma,3,TRUE,P8,0.808,0.610666666666667
idha11,C1b,Inflammation,inside,185,-0.270483273797711,-1.14036414947792,0.842,0.16,IDHm,Astrocytoma,3,TRUE,P8,0.956,0.64
idha11,C1b,Inflammation,ring,422,-0.1026482988338,-0.80049236874977,0.77,0.232,IDHm,Astrocytoma,3,TRUE,P8,0.808,0.610666666666667
idha11,C1b,TAM_microglia,inside,185,0.192107982650698,2.18459869981092,0.01,0.992,IDHm,Astrocytoma,3,TRUE,P8,0.03,0.998
idha11,C1b,TAM_microglia,ring,422,-0.0341095324787222,-0.687304265631232,0.744,0.258,IDHm,Astrocytoma,3,TRUE,P8,0.808,0.610666666666667
idha11,C1b,TAM_monocyte,inside,185,-0.0300625009774708,-0.272340312302073,0.61,0.392,IDHm,Astrocytoma,3,TRUE,P8,0.813333333333333,0.998
idha11,C1b,TAM_monocyte,ring,422,-0.00831466002746147,-0.161352529020371,0.566,0.436,IDHm,Astrocytoma,3,TRUE,P8,0.808,0.610666666666667
idha11,C1b,TAM_SPP1_lipid,inside,185,0.130600634613428,1.52238656817649,0.072,0.93,IDHm,Astrocytoma,3,TRUE,P8,0.1728,0.998
idha11,C1b,TAM_SPP1_lipid,ring,422,-0.0110748992353439,-0.267498567831946,0.584,0.418,IDHm,Astrocytoma,3,TRUE,P8,0.808,0.610666666666667
idha11,C1b,TAM_C1Q,inside,185,0.461202215400689,1.89079768405726,0.008,0.994,IDHm,Astrocytoma,3,TRUE,P8,0.03,0.998
idha11,C1b,TAM_C1Q,ring,422,0.0521839138873466,0.510443765045973,0.312,0.69,IDHm,Astrocytoma,3,TRUE,P8,0.808,0.69
idha11,C1b,IFNG_response,inside,185,-0.0803862933931759,-1.21930553585865,0.898,0.104,IDHm,Astrocytoma,3,TRUE,P8,0.956,0.624
idha11,C1b,IFNG_response,ring,422,0.0206908779715676,0.490678146565659,0.328,0.674,IDHm,Astrocytoma,3,TRUE,P8,0.808,0.69
idha11,C1b,Malignant_CNA,inside,185,0.0632990218334373,0.57708162666112,0.294,0.708,IDHm,Astrocytoma,3,TRUE,P8,0.441,0.998
idha11,C1b,Malignant_CNA,ring,422,0.00709310570928803,0.098865724029674,0.456,0.546,IDHm,Astrocytoma,3,TRUE,P8,0.808,0.6552
idha11,nonMHC,T_cell,inside,5,3.09468784747518,6.69397446666993,0.002,1,IDHm,Astrocytoma,3,TRUE,P8,0.006,1
idha11,nonMHC,T_cell,ring,46,0.0886896255365405,0.561328056890672,0.298,0.704,IDHm,Astrocytoma,3,TRUE,P8,0.596,1
idha11,nonMHC,Endothelial,inside,5,2.41418658050037,5.07920113359374,0.002,1,IDHm,Astrocytoma,3,TRUE,P8,0.006,1
idha11,nonMHC,Endothelial,ring,46,0.51233641166538,3.09468947392709,0.002,1,IDHm,Astrocytoma,3,TRUE,P8,0.012,1
idha11,nonMHC,Pericyte,inside,5,4.17964891874625,7.96371014293725,0.002,1,IDHm,Astrocytoma,3,TRUE,P8,0.006,1
idha11,nonMHC,Pericyte,ring,46,0.615612090997053,3.09653784133223,0.002,1,IDHm,Astrocytoma,3,TRUE,P8,0.012,1
idha11,nonMHC,IFN_response,inside,5,1.64951764866102,3.60668221725119,0.002,1,IDHm,Astrocytoma,3,TRUE,P8,0.006,1
idha11,nonMHC,IFN_response,ring,46,0.389555401187619,2.1969002533079,0.016,0.986,IDHm,Astrocytoma,3,TRUE,P8,0.064,1
idha11,nonMHC,Hypoxia,inside,5,0.702955334091849,1.4427241406902,0.086,0.916,IDHm,Astrocytoma,3,TRUE,P8,0.147428571428571,1
idha11,nonMHC,Hypoxia,ring,46,0.162247893453604,0.861773032289622,0.194,0.808,IDHm,Astrocytoma,3,TRUE,P8,0.5088,1
idha11,nonMHC,Inflammation,inside,5,0.0853323430699275,0.132876593239457,0.464,0.538,IDHm,Astrocytoma,3,TRUE,P8,0.464,1
idha11,nonMHC,Inflammation,ring,46,-0.047932334881222,-0.179578434442102,0.576,0.426,IDHm,Astrocytoma,3,TRUE,P8,0.6912,1
idha11,nonMHC,TAM_microglia,inside,5,0.35126514114062,0.775967737323475,0.216,0.786,IDHm,Astrocytoma,3,TRUE,P8,0.288,1
idha11,nonMHC,TAM_microglia,ring,46,-0.279477563697798,-1.57258344375068,0.944,0.058,IDHm,Astrocytoma,3,TRUE,P8,0.944,0.696
idha11,nonMHC,TAM_monocyte,inside,5,0.259912248310191,0.539941898263601,0.296,0.706,IDHm,Astrocytoma,3,TRUE,P8,0.3552,1
idha11,nonMHC,TAM_monocyte,ring,46,0.139529462164268,0.781181598786622,0.212,0.79,IDHm,Astrocytoma,3,TRUE,P8,0.5088,1
idha11,nonMHC,TAM_SPP1_lipid,inside,5,0.474531734291831,1.03030054354613,0.156,0.846,IDHm,Astrocytoma,3,TRUE,P8,0.234,1
idha11,nonMHC,TAM_SPP1_lipid,ring,46,-0.117642931410722,-0.744865161692928,0.762,0.24,IDHm,Astrocytoma,3,TRUE,P8,0.831272727272727,1
idha11,nonMHC,TAM_C1Q,inside,5,0.885780467210529,1.56445205926639,0.06,0.942,IDHm,Astrocytoma,3,TRUE,P8,0.12,1
idha11,nonMHC,TAM_C1Q,ring,46,0.0310175411322091,0.116134167901481,0.444,0.558,IDHm,Astrocytoma,3,TRUE,P8,0.666,1
idha11,nonMHC,IFNG_response,inside,5,1.22448806569974,2.70724327783005,0.004,0.998,IDHm,Astrocytoma,3,TRUE,P8,0.0096,1
idha11,nonMHC,IFNG_response,ring,46,-0.0192300053007949,-0.0694882353600699,0.516,0.486,IDHm,Astrocytoma,3,TRUE,P8,0.688,1
idha11,nonMHC,Malignant_CNA,inside,5,0.0447897029641784,0.148429389675703,0.448,0.554,IDHm,Astrocytoma,3,TRUE,P8,0.464,1
idha11,nonMHC,Malignant_CNA,ring,46,0.0182377295772421,0.139699723556694,0.434,0.568,IDHm,Astrocytoma,3,TRUE,P8,0.666,1
idha12,C1b,T_cell,inside,48,-0.0726043830110835,-0.472616109770802,0.67,0.332,IDHm,Astrocytoma,3,TRUE,P9,0.804,1
idha12,C1b,T_cell,ring,217,-0.0753414487340773,-1.12353787982846,0.868,0.134,IDHm,Astrocytoma,3,TRUE,P9,0.878,0.696
idha12,C1b,Endothelial,inside,48,1.02082797791288,5.27723428161755,0.002,1,IDHm,Astrocytoma,3,TRUE,P9,0.008,1
idha12,C1b,Endothelial,ring,217,0.0588994296288253,0.555248752019445,0.306,0.696,IDHm,Astrocytoma,3,TRUE,P9,0.748,0.848
idha12,C1b,Pericyte,inside,48,1.24784472719827,5.38991216227414,0.002,1,IDHm,Astrocytoma,3,TRUE,P9,0.008,1
idha12,C1b,Pericyte,ring,217,0.108929667951368,0.793282506653111,0.224,0.778,IDHm,Astrocytoma,3,TRUE,P9,0.748,0.848
idha12,C1b,IFN_response,inside,48,-0.00184386309065425,-0.0818177149226526,0.548,0.454,IDHm,Astrocytoma,3,TRUE,P9,0.804,1
idha12,C1b,IFN_response,ring,217,-0.0871451082553852,-0.723380334532556,0.762,0.24,IDHm,Astrocytoma,3,TRUE,P9,0.878,0.72
idha12,C1b,Hypoxia,inside,48,0.199929238693166,1.15896943840028,0.128,0.874,IDHm,Astrocytoma,3,TRUE,P9,0.219428571428571,1
idha12,C1b,Hypoxia,ring,217,0.0322455713826623,0.340432033745587,0.374,0.628,IDHm,Astrocytoma,3,TRUE,P9,0.748,0.848
idha12,C1b,Inflammation,inside,48,0.394968764500712,2.49061341656564,0.004,0.998,IDHm,Astrocytoma,3,TRUE,P9,0.012,1
idha12,C1b,Inflammation,ring,217,0.0436781286744962,0.436358390104417,0.358,0.644,IDHm,Astrocytoma,3,TRUE,P9,0.748,0.848
idha12,C1b,TAM_microglia,inside,48,0.422489918710038,2.83118338694511,0.002,1,IDHm,Astrocytoma,3,TRUE,P9,0.008,1
idha12,C1b,TAM_microglia,ring,217,0.0111756161366563,0.0939435369279056,0.442,0.56,IDHm,Astrocytoma,3,TRUE,P9,0.757714285714286,0.848
idha12,C1b,TAM_monocyte,inside,48,-0.108923346103552,-0.736956347819486,0.77,0.232,IDHm,Astrocytoma,3,TRUE,P9,0.84,1
idha12,C1b,TAM_monocyte,ring,217,-0.0543693345566455,-0.908620297527815,0.828,0.174,IDHm,Astrocytoma,3,TRUE,P9,0.878,0.696
idha12,C1b,TAM_SPP1_lipid,inside,48,0.419832052172852,2.40044211356027,0.008,0.994,IDHm,Astrocytoma,3,TRUE,P9,0.0192,1
idha12,C1b,TAM_SPP1_lipid,ring,217,0.0820228227897599,0.82716245140162,0.22,0.782,IDHm,Astrocytoma,3,TRUE,P9,0.748,0.848
idha12,C1b,TAM_C1Q,inside,48,0.174719334728939,1.07867541326924,0.126,0.876,IDHm,Astrocytoma,3,TRUE,P9,0.219428571428571,1
idha12,C1b,TAM_C1Q,ring,217,0.078606450691464,1.10181561375368,0.154,0.848,IDHm,Astrocytoma,3,TRUE,P9,0.748,0.848
idha12,C1b,IFNG_response,inside,48,-0.0571815108856459,-0.347849364290977,0.626,0.376,IDHm,Astrocytoma,3,TRUE,P9,0.804,1
idha12,C1b,IFNG_response,ring,217,-0.00454496950975014,-0.126166146909329,0.538,0.464,IDHm,Astrocytoma,3,TRUE,P9,0.807,0.848
idha12,C1b,Malignant_CNA,inside,48,-0.848660728219894,-4.18723439158589,1,0.002,IDHm,Astrocytoma,3,TRUE,P9,1,0.024
idha12,C1b,Malignant_CNA,ring,217,-0.141134751856504,-1.20758041118428,0.878,0.124,IDHm,Astrocytoma,3,TRUE,P9,0.878,0.696
idha12,APC,T_cell,inside,15,-0.0787888909148495,-0.32413300807408,0.632,0.37,IDHm,Astrocytoma,3,TRUE,P9,0.689454545454546,0.998
idha12,APC,T_cell,ring,106,0.0387913973977592,0.565635964893401,0.28,0.722,IDHm,Astrocytoma,3,TRUE,P9,0.48,0.901090909090909
idha12,APC,Endothelial,inside,15,0.265600055860722,0.946795554562521,0.174,0.828,IDHm,Astrocytoma,3,TRUE,P9,0.522,0.998
idha12,APC,Endothelial,ring,106,0.109915519178146,0.786846443753875,0.216,0.786,IDHm,Astrocytoma,3,TRUE,P9,0.48,0.901090909090909
idha12,APC,Pericyte,inside,15,-0.0325212751007514,-0.0802638907141219,0.542,0.46,IDHm,Astrocytoma,3,TRUE,P9,0.6504,0.998
idha12,APC,Pericyte,ring,106,-0.132070993207221,-0.850910906209234,0.814,0.188,IDHm,Astrocytoma,3,TRUE,P9,0.934,0.564
idha12,APC,IFN_response,inside,15,0.0342637376629398,0.0473451145532716,0.498,0.504,IDHm,Astrocytoma,3,TRUE,P9,0.6504,0.998
idha12,APC,IFN_response,ring,106,0.153612442327814,0.941452809970355,0.176,0.826,IDHm,Astrocytoma,3,TRUE,P9,0.48,0.901090909090909
idha12,APC,Hypoxia,inside,15,0.208106587671854,0.706750888605058,0.256,0.746,IDHm,Astrocytoma,3,TRUE,P9,0.524,0.998
idha12,APC,Hypoxia,ring,106,-0.13588243216947,-0.99356113124993,0.83,0.172,IDHm,Astrocytoma,3,TRUE,P9,0.934,0.564
idha12,APC,Inflammation,inside,15,0.785454995641272,2.78551357877087,0.004,0.998,IDHm,Astrocytoma,3,TRUE,P9,0.048,0.998
idha12,APC,Inflammation,ring,106,0.429280460544746,2.96261301989274,0.002,1,IDHm,Astrocytoma,3,TRUE,P9,0.024,1
idha12,APC,TAM_microglia,inside,15,0.0113987524395259,-0.000726894395024627,0.494,0.508,IDHm,Astrocytoma,3,TRUE,P9,0.6504,0.998
idha12,APC,TAM_microglia,ring,106,0.0674069756315333,0.649020044798868,0.276,0.726,IDHm,Astrocytoma,3,TRUE,P9,0.48,0.901090909090909
idha12,APC,TAM_monocyte,inside,15,0.114532784634602,0.409858352833481,0.36,0.642,IDHm,Astrocytoma,3,TRUE,P9,0.617142857142857,0.998
idha12,APC,TAM_monocyte,ring,106,-0.000534771303615877,0.0614262074767325,0.474,0.528,IDHm,Astrocytoma,3,TRUE,P9,0.711,0.901090909090909
idha12,APC,TAM_SPP1_lipid,inside,15,0.199938616849615,0.603362009944779,0.262,0.74,IDHm,Astrocytoma,3,TRUE,P9,0.524,0.998
idha12,APC,TAM_SPP1_lipid,ring,106,-0.159235127060858,-1.130931189713,0.868,0.134,IDHm,Astrocytoma,3,TRUE,P9,0.934,0.564
idha12,APC,TAM_C1Q,inside,15,0.701371452135668,2.61937632863093,0.008,0.994,IDHm,Astrocytoma,3,TRUE,P9,0.048,0.998
idha12,APC,TAM_C1Q,ring,106,0.0773993242454087,0.755647672531966,0.24,0.762,IDHm,Astrocytoma,3,TRUE,P9,0.48,0.901090909090909
idha12,APC,IFNG_response,inside,15,0.299435645426325,1.06200849479344,0.138,0.864,IDHm,Astrocytoma,3,TRUE,P9,0.522,0.998
idha12,APC,IFNG_response,ring,106,0.0727332046428076,0.698395100680101,0.248,0.754,IDHm,Astrocytoma,3,TRUE,P9,0.48,0.901090909090909
idha12,APC,Malignant_CNA,inside,15,-0.52352619613346,-1.73175644308445,0.972,0.03,IDHm,Astrocytoma,3,TRUE,P9,0.972,0.36
idha12,APC,Malignant_CNA,ring,106,-0.210266264131096,-1.58079103776384,0.934,0.068,IDHm,Astrocytoma,3,TRUE,P9,0.934,0.564
idha12,nonMHC,T_cell,inside,16,-0.0806717947522177,-0.299628243329452,0.62,0.382,IDHm,Astrocytoma,3,TRUE,P9,0.826666666666667,0.9504
idha12,nonMHC,T_cell,ring,79,-0.081234952619548,-0.832967809598968,0.808,0.194,IDHm,Astrocytoma,3,TRUE,P9,0.997090909090909,0.582
idha12,nonMHC,Endothelial,inside,16,0.935971339193036,2.93414702056585,0.004,0.998,IDHm,Astrocytoma,3,TRUE,P9,0.012,1
idha12,nonMHC,Endothelial,ring,79,0.053217279576249,0.228247876504951,0.448,0.554,IDHm,Astrocytoma,3,TRUE,P9,0.922285714285714,0.738666666666667
idha12,nonMHC,Pericyte,inside,16,1.22192871762642,3.34224380396692,0.002,1,IDHm,Astrocytoma,3,TRUE,P9,0.012,1
idha12,nonMHC,Pericyte,ring,79,0.208654173029493,0.908956614847672,0.178,0.824,IDHm,Astrocytoma,3,TRUE,P9,0.712,0.9888
idha12,nonMHC,IFN_response,inside,16,-0.0502962160890968,-0.226810126641243,0.606,0.396,IDHm,Astrocytoma,3,TRUE,P9,0.826666666666667,0.9504
idha12,nonMHC,IFN_response,ring,79,-0.226955918999612,-1.02855599115677,0.834,0.168,IDHm,Astrocytoma,3,TRUE,P9,0.997090909090909,0.582
idha12,nonMHC,Hypoxia,inside,16,1.6444676908854,4.45687374829502,0.002,1,IDHm,Astrocytoma,3,TRUE,P9,0.012,1
idha12,nonMHC,Hypoxia,ring,79,0.761544123956187,2.36031071009142,0.004,0.998,IDHm,Astrocytoma,3,TRUE,P9,0.048,0.998
idha12,nonMHC,Inflammation,inside,16,0.245190213373482,0.724013472731455,0.246,0.756,IDHm,Astrocytoma,3,TRUE,P9,0.421714285714286,1
idha12,nonMHC,Inflammation,ring,79,-0.308889089936611,-1.36038729678907,0.914,0.088,IDHm,Astrocytoma,3,TRUE,P9,0.997090909090909,0.528
idha12,nonMHC,TAM_microglia,inside,16,0.432474361916132,1.68538171129213,0.044,0.958,IDHm,Astrocytoma,3,TRUE,P9,0.1056,1
idha12,nonMHC,TAM_microglia,ring,79,-0.0513727341184669,-0.441681090691866,0.676,0.326,IDHm,Astrocytoma,3,TRUE,P9,0.997090909090909,0.738666666666667
idha12,nonMHC,TAM_monocyte,inside,16,-0.277136114694505,-1.16714336348158,0.874,0.128,IDHm,Astrocytoma,3,TRUE,P9,0.953454545454545,0.768
idha12,nonMHC,TAM_monocyte,ring,79,-0.337492885784621,-3.03521102721884,0.998,0.004,IDHm,Astrocytoma,3,TRUE,P9,0.998,0.048
idha12,nonMHC,TAM_SPP1_lipid,inside,16,0.883445046912348,3.13984578915642,0.004,0.998,IDHm,Astrocytoma,3,TRUE,P9,0.012,1
idha12,nonMHC,TAM_SPP1_lipid,ring,79,0.327306761746862,2.19369070429179,0.014,0.988,IDHm,Astrocytoma,3,TRUE,P9,0.084,0.998
idha12,nonMHC,TAM_C1Q,inside,16,0.176085951571377,0.761838130300536,0.226,0.776,IDHm,Astrocytoma,3,TRUE,P9,0.421714285714286,1
idha12,nonMHC,TAM_C1Q,ring,79,-0.0155270745895819,-0.0735359838505729,0.538,0.464,IDHm,Astrocytoma,3,TRUE,P9,0.922285714285714,0.738666666666667
idha12,nonMHC,IFNG_response,inside,16,-0.133932580156969,-0.578413660154319,0.706,0.296,IDHm,Astrocytoma,3,TRUE,P9,0.8472,0.9504
idha12,nonMHC,IFNG_response,ring,79,-0.00026074876861635,-0.0415174697739834,0.52,0.482,IDHm,Astrocytoma,3,TRUE,P9,0.922285714285714,0.738666666666667
idha12,nonMHC,Malignant_CNA,inside,16,-0.931079765864982,-2.91264514589014,0.998,0.004,IDHm,Astrocytoma,3,TRUE,P9,0.998,0.048
idha12,nonMHC,Malignant_CNA,ring,79,0.0113996722849004,0.0705975132924596,0.478,0.524,IDHm,Astrocytoma,3,TRUE,P9,0.922285714285714,0.738666666666667
idha13,C1b,T_cell,inside,107,0.288339019563811,1.9552422762916,0.026,0.976,IDHm,Astrocytoma,3,TRUE,P9,0.039,1
idha13,C1b,T_cell,ring,66,-0.0266211164336781,-0.149274198950872,0.55,0.452,IDHm,Astrocytoma,3,TRUE,P9,0.736,0.966545454545454
idha13,C1b,Endothelial,inside,107,0.69584875009727,3.61194635458566,0.002,1,IDHm,Astrocytoma,3,TRUE,P9,0.0048,1
idha13,C1b,Endothelial,ring,66,-0.0593857657940829,-0.306552310270555,0.63,0.372,IDHm,Astrocytoma,3,TRUE,P9,0.756,0.966545454545454
idha13,C1b,Pericyte,inside,107,0.430781921255394,2.70289343758635,0.004,0.998,IDHm,Astrocytoma,3,TRUE,P9,0.008,1
idha13,C1b,Pericyte,ring,66,0.0183101651672954,0.0728999602378118,0.46,0.542,IDHm,Astrocytoma,3,TRUE,P9,0.736,0.966545454545454
idha13,C1b,IFN_response,inside,107,0.242918819981188,1.62596828611033,0.054,0.948,IDHm,Astrocytoma,3,TRUE,P9,0.0648,1
idha13,C1b,IFN_response,ring,66,-0.179237535195702,-1.02546473054829,0.858,0.144,IDHm,Astrocytoma,3,TRUE,P9,0.858,0.966545454545454
idha13,C1b,Hypoxia,inside,107,-0.264653821632821,-2.19404252808716,0.99,0.012,IDHm,Astrocytoma,3,TRUE,P9,0.99,0.144
idha13,C1b,Hypoxia,ring,66,-0.0149802250103499,-0.0767719620419096,0.552,0.45,IDHm,Astrocytoma,3,TRUE,P9,0.736,0.966545454545454
idha13,C1b,Inflammation,inside,107,0.901217561221297,2.88785528386673,0.002,1,IDHm,Astrocytoma,3,TRUE,P9,0.0048,1
idha13,C1b,Inflammation,ring,66,-0.186347726932783,-0.872569343979104,0.812,0.19,IDHm,Astrocytoma,3,TRUE,P9,0.858,0.966545454545454
idha13,C1b,TAM_microglia,inside,107,0.528447861162092,2.3569280818529,0.002,1,IDHm,Astrocytoma,3,TRUE,P9,0.0048,1
idha13,C1b,TAM_microglia,ring,66,0.0697031184267225,0.299729837510148,0.4,0.602,IDHm,Astrocytoma,3,TRUE,P9,0.736,0.966545454545454
idha13,C1b,TAM_monocyte,inside,107,0.273813357785588,1.75549496409328,0.018,0.984,IDHm,Astrocytoma,3,TRUE,P9,0.0308571428571429,1
idha13,C1b,TAM_monocyte,ring,66,0.17931155610759,1.14932406938028,0.128,0.874,IDHm,Astrocytoma,3,TRUE,P9,0.512,0.966545454545454
idha13,C1b,TAM_SPP1_lipid,inside,107,0.551976299328006,1.87162360107627,0.03,0.972,IDHm,Astrocytoma,3,TRUE,P9,0.04,1
idha13,C1b,TAM_SPP1_lipid,ring,66,0.292535375716293,1.23728624487904,0.116,0.886,IDHm,Astrocytoma,3,TRUE,P9,0.512,0.966545454545454
idha13,C1b,TAM_C1Q,inside,107,1.35256000304409,2.64332578952558,0.002,1,IDHm,Astrocytoma,3,TRUE,P9,0.0048,1
idha13,C1b,TAM_C1Q,ring,66,0.725738603261373,1.85634729973453,0.028,0.974,IDHm,Astrocytoma,3,TRUE,P9,0.336,0.974
idha13,C1b,IFNG_response,inside,107,0.551691487548816,2.32329339873376,0.002,1,IDHm,Astrocytoma,3,TRUE,P9,0.0048,1
idha13,C1b,IFNG_response,ring,66,0.0991257760382992,0.497548030776925,0.346,0.656,IDHm,Astrocytoma,3,TRUE,P9,0.736,0.966545454545454
idha13,C1b,Malignant_CNA,inside,107,0.13237801631356,0.9895462988797,0.192,0.81,IDHm,Astrocytoma,3,TRUE,P9,0.209454545454545,1
idha13,C1b,Malignant_CNA,ring,66,0.105471374235582,0.745287333172614,0.22,0.782,IDHm,Astrocytoma,3,TRUE,P9,0.66,0.966545454545454
idha13,nonMHC,T_cell,inside,21,1.07197266246346,4.04169354525923,0.002,1,IDHm,Astrocytoma,3,TRUE,P9,0.0048,1
idha13,nonMHC,T_cell,ring,88,0.108059056588773,0.725909470555157,0.24,0.762,IDHm,Astrocytoma,3,TRUE,P9,0.261818181818182,1
idha13,nonMHC,Endothelial,inside,21,1.33659897557859,4.4215727154456,0.002,1,IDHm,Astrocytoma,3,TRUE,P9,0.0048,1
idha13,nonMHC,Endothelial,ring,88,0.563472384662077,2.85078564616092,0.002,1,IDHm,Astrocytoma,3,TRUE,P9,0.0048,1
idha13,nonMHC,Pericyte,inside,21,0.514830370246755,1.91960266836628,0.034,0.968,IDHm,Astrocytoma,3,TRUE,P9,0.068,1
idha13,nonMHC,Pericyte,ring,88,0.534668630540464,3.28196042203854,0.002,1,IDHm,Astrocytoma,3,TRUE,P9,0.0048,1
idha13,nonMHC,IFN_response,inside,21,0.268692212114007,1.07373370415339,0.144,0.858,IDHm,Astrocytoma,3,TRUE,P9,0.192,1
idha13,nonMHC,IFN_response,ring,88,0.301651873075699,1.91610013194045,0.03,0.972,IDHm,Astrocytoma,3,TRUE,P9,0.036,1
idha13,nonMHC,Hypoxia,inside,21,-0.142856890426806,-0.694406515391424,0.752,0.25,IDHm,Astrocytoma,3,TRUE,P9,0.752,1
idha13,nonMHC,Hypoxia,ring,88,-0.261360554020701,-2.00065807209282,0.982,0.02,IDHm,Astrocytoma,3,TRUE,P9,0.982,0.24
idha13,nonMHC,Inflammation,inside,21,1.22995603459366,2.83624994351852,0.002,1,IDHm,Astrocytoma,3,TRUE,P9,0.0048,1
idha13,nonMHC,Inflammation,ring,88,0.849619802458941,2.81438971234849,0.002,1,IDHm,Astrocytoma,3,TRUE,P9,0.0048,1
idha13,nonMHC,TAM_microglia,inside,21,0.327649857425226,0.977968903067255,0.16,0.842,IDHm,Astrocytoma,3,TRUE,P9,0.192,1
idha13,nonMHC,TAM_microglia,ring,88,0.538522978312686,2.38463484424371,0.004,0.998,IDHm,Astrocytoma,3,TRUE,P9,0.00685714285714286,1
idha13,nonMHC,TAM_monocyte,inside,21,0.197723623254318,0.768216180801256,0.244,0.758,IDHm,Astrocytoma,3,TRUE,P9,0.266181818181818,1
idha13,nonMHC,TAM_monocyte,ring,88,0.372761199763537,2.25445661623922,0.002,1,IDHm,Astrocytoma,3,TRUE,P9,0.0048,1
idha13,nonMHC,TAM_SPP1_lipid,inside,21,0.56055662057659,1.54522201489354,0.074,0.928,IDHm,Astrocytoma,3,TRUE,P9,0.126857142857143,1
idha13,nonMHC,TAM_SPP1_lipid,ring,88,0.578928691485494,1.90768184331771,0.03,0.972,IDHm,Astrocytoma,3,TRUE,P9,0.036,1
idha13,nonMHC,TAM_C1Q,inside,21,1.58885462276736,2.5916412229144,0.002,1,IDHm,Astrocytoma,3,TRUE,P9,0.0048,1
idha13,nonMHC,TAM_C1Q,ring,88,1.36545624335248,2.66877544413209,0.002,1,IDHm,Astrocytoma,3,TRUE,P9,0.0048,1
idha13,nonMHC,IFNG_response,inside,21,0.970442870464384,2.87025288269692,0.002,1,IDHm,Astrocytoma,3,TRUE,P9,0.0048,1
idha13,nonMHC,IFNG_response,ring,88,0.537399980021176,2.18182379562375,0.004,0.998,IDHm,Astrocytoma,3,TRUE,P9,0.00685714285714286,1
idha13,nonMHC,Malignant_CNA,inside,21,0.25580219115032,1.01945463217506,0.144,0.858,IDHm,Astrocytoma,3,TRUE,P9,0.192,1
idha13,nonMHC,Malignant_CNA,ring,88,0.314488031832019,2.32504430114531,0.008,0.994,IDHm,Astrocytoma,3,TRUE,P9,0.012,1
idha14,C1b,T_cell,inside,156,0.180704481561103,2.40176423826767,0.01,0.992,IDHm,Astrocytoma,3,TRUE,P10,0.096,0.992
idha14,C1b,T_cell,ring,603,-0.0159019212348035,-0.52255176481222,0.714,0.288,IDHm,Astrocytoma,3,TRUE,P10,0.876,0.576
idha14,C1b,Endothelial,inside,156,-0.0614579502082611,-0.658034291698681,0.742,0.26,IDHm,Astrocytoma,3,TRUE,P10,0.8904,0.792
idha14,C1b,Endothelial,ring,603,-0.00749037260295154,-0.224459971533861,0.57,0.432,IDHm,Astrocytoma,3,TRUE,P10,0.876,0.576
idha14,C1b,Pericyte,inside,156,-0.0416087741189728,-0.544781722204799,0.71,0.292,IDHm,Astrocytoma,3,TRUE,P10,0.8904,0.792
idha14,C1b,Pericyte,ring,603,0.0516877761838523,1.16602855730096,0.126,0.876,IDHm,Astrocytoma,3,TRUE,P10,0.504,1
idha14,C1b,IFN_response,inside,156,-0.0875135251356908,-1.0275626465818,0.838,0.164,IDHm,Astrocytoma,3,TRUE,P10,0.892,0.792
idha14,C1b,IFN_response,ring,603,-0.0505719709264865,-1.16648623739338,0.876,0.126,IDHm,Astrocytoma,3,TRUE,P10,0.876,0.576
idha14,C1b,Hypoxia,inside,156,-0.144783051902055,-1.22435663403176,0.892,0.11,IDHm,Astrocytoma,3,TRUE,P10,0.892,0.792
idha14,C1b,Hypoxia,ring,603,-0.0903172957639585,-1.07289963853798,0.85,0.152,IDHm,Astrocytoma,3,TRUE,P10,0.876,0.576
idha14,C1b,Inflammation,inside,156,-0.16641931065029,-0.551247732036547,0.672,0.33,IDHm,Astrocytoma,3,TRUE,P10,0.8904,0.792
idha14,C1b,Inflammation,ring,603,-0.119202894940441,-0.553755956281467,0.656,0.346,IDHm,Astrocytoma,3,TRUE,P10,0.876,0.576
idha14,C1b,TAM_microglia,inside,156,0.109496423273988,1.29389532985134,0.114,0.888,IDHm,Astrocytoma,3,TRUE,P10,0.288,0.992
idha14,C1b,TAM_microglia,ring,603,-0.0276714836402815,-0.646401219269868,0.73,0.272,IDHm,Astrocytoma,3,TRUE,P10,0.876,0.576
idha14,C1b,TAM_monocyte,inside,156,0.0393727840524006,0.486957382043166,0.302,0.7,IDHm,Astrocytoma,3,TRUE,P10,0.604,0.992
idha14,C1b,TAM_monocyte,ring,603,-0.0346362095951884,-0.821822585611912,0.814,0.188,IDHm,Astrocytoma,3,TRUE,P10,0.876,0.576
idha14,C1b,TAM_SPP1_lipid,inside,156,0.272389670722792,1.95525348402353,0.024,0.978,IDHm,Astrocytoma,3,TRUE,P10,0.096,0.992
idha14,C1b,TAM_SPP1_lipid,ring,603,-0.020377496532859,-0.216507709482875,0.574,0.428,IDHm,Astrocytoma,3,TRUE,P10,0.876,0.576
idha14,C1b,TAM_C1Q,inside,156,0.208192422677205,2.1123177616097,0.018,0.984,IDHm,Astrocytoma,3,TRUE,P10,0.096,0.992
idha14,C1b,TAM_C1Q,ring,603,0.143741104612628,2.82044988009002,0.002,1,IDHm,Astrocytoma,3,TRUE,P10,0.024,1
idha14,C1b,IFNG_response,inside,156,-0.0155006435818773,-0.175308432943171,0.582,0.42,IDHm,Astrocytoma,3,TRUE,P10,0.8904,0.84
idha14,C1b,IFNG_response,ring,603,-0.0207222793054699,-0.524032371262953,0.696,0.306,IDHm,Astrocytoma,3,TRUE,P10,0.876,0.576
idha14,C1b,Malignant_CNA,inside,156,0.128595656191629,1.14336362733694,0.12,0.882,IDHm,Astrocytoma,3,TRUE,P10,0.288,0.992
idha14,C1b,Malignant_CNA,ring,603,0.167104463452241,2.40932249936812,0.006,0.996,IDHm,Astrocytoma,3,TRUE,P10,0.036,1
idha15,C1b,T_cell,inside,130,0.059333626801032,0.587806638185595,0.288,0.714,IDHm,Astrocytoma,3,TRUE,P11,0.576,1
idha15,C1b,T_cell,ring,728,0.098785644375424,2.35855960901391,0.006,0.996,IDHm,Astrocytoma,3,TRUE,P11,0.072,0.996
idha15,C1b,Endothelial,inside,130,-0.0125495950003822,-0.0558827256812053,0.532,0.47,IDHm,Astrocytoma,3,TRUE,P11,0.7344,1
idha15,C1b,Endothelial,ring,728,0.0254999978881193,0.518966683435795,0.322,0.68,IDHm,Astrocytoma,3,TRUE,P11,0.717,0.952
idha15,C1b,Pericyte,inside,130,0.132153904538605,1.45071088582395,0.066,0.936,IDHm,Astrocytoma,3,TRUE,P11,0.264,1
idha15,C1b,Pericyte,ring,728,0.00220875781302211,0.0829237706141465,0.478,0.524,IDHm,Astrocytoma,3,TRUE,P11,0.717,0.952
idha15,C1b,IFN_response,inside,130,0.0616505433631363,0.599948096464911,0.248,0.754,IDHm,Astrocytoma,3,TRUE,P11,0.576,1
idha15,C1b,IFN_response,ring,728,0.0508168945715381,1.08226385742333,0.146,0.856,IDHm,Astrocytoma,3,TRUE,P11,0.584,0.996
idha15,C1b,Hypoxia,inside,130,-0.154381467654198,-1.60163847491074,0.946,0.056,IDHm,Astrocytoma,3,TRUE,P11,0.946,0.66
idha15,C1b,Hypoxia,ring,728,-0.0839417604739282,-1.68861387663668,0.954,0.048,IDHm,Astrocytoma,3,TRUE,P11,0.954,0.576
idha15,C1b,Inflammation,inside,130,-0.132461460365138,-0.387825084124766,0.612,0.39,IDHm,Astrocytoma,3,TRUE,P11,0.7344,1
idha15,C1b,Inflammation,ring,728,-0.0906815556258895,-0.363353742006906,0.602,0.4,IDHm,Astrocytoma,3,TRUE,P11,0.7224,0.952
idha15,C1b,TAM_microglia,inside,130,0.139905473761899,0.96530691950385,0.184,0.818,IDHm,Astrocytoma,3,TRUE,P11,0.552,1
idha15,C1b,TAM_microglia,ring,728,0.0425662998448889,0.440490032119106,0.39,0.612,IDHm,Astrocytoma,3,TRUE,P11,0.717,0.952
idha15,C1b,TAM_monocyte,inside,130,-0.0555449846577828,-0.282455022874199,0.586,0.416,IDHm,Astrocytoma,3,TRUE,P11,0.7344,1
idha15,C1b,TAM_monocyte,ring,728,-0.0567937035327307,-0.388359120091882,0.596,0.406,IDHm,Astrocytoma,3,TRUE,P11,0.7224,0.952
idha15,C1b,TAM_SPP1_lipid,inside,130,0.472172951576415,3.0706259896121,0.002,1,IDHm,Astrocytoma,3,TRUE,P11,0.024,1
idha15,C1b,TAM_SPP1_lipid,ring,728,0.197991196451429,1.98792520432286,0.018,0.984,IDHm,Astrocytoma,3,TRUE,P11,0.108,0.996
idha15,C1b,TAM_C1Q,inside,130,0.0582509468901902,0.420539841564712,0.336,0.666,IDHm,Astrocytoma,3,TRUE,P11,0.576,1
idha15,C1b,TAM_C1Q,ring,728,0.0252986421580264,0.282849745983169,0.426,0.576,IDHm,Astrocytoma,3,TRUE,P11,0.717,0.952
idha15,C1b,IFNG_response,inside,130,0.199641787843125,2.03903253149147,0.024,0.978,IDHm,Astrocytoma,3,TRUE,P11,0.144,1
idha15,C1b,IFNG_response,ring,728,0.0338704286513645,0.636621236086319,0.288,0.714,IDHm,Astrocytoma,3,TRUE,P11,0.717,0.952
idha15,C1b,Malignant_CNA,inside,130,-0.278110696285286,-1.27125981668296,0.892,0.11,IDHm,Astrocytoma,3,TRUE,P11,0.946,0.66
idha15,C1b,Malignant_CNA,ring,728,-0.171592168814339,-1.04639002609986,0.8,0.202,IDHm,Astrocytoma,3,TRUE,P11,0.872727272727273,0.952
idha15,APC,T_cell,inside,27,-0.109251786585286,-0.529462594193033,0.716,0.286,IDHm,Astrocytoma,3,TRUE,P11,0.914,0.490285714285714
idha15,APC,T_cell,ring,248,0.0307898962627056,0.423274981575833,0.358,0.644,IDHm,Astrocytoma,3,TRUE,P11,0.938,0.858666666666667
idha15,APC,Endothelial,inside,27,0.0154620971652859,0.0847992627127537,0.474,0.528,IDHm,Astrocytoma,3,TRUE,P11,0.914,0.62
idha15,APC,Endothelial,ring,248,0.0178586409403749,0.252463692667664,0.402,0.6,IDHm,Astrocytoma,3,TRUE,P11,0.938,0.858666666666667
idha15,APC,Pericyte,inside,27,-0.25668232318538,-1.30558776375863,0.914,0.088,IDHm,Astrocytoma,3,TRUE,P11,0.914,0.490285714285714
idha15,APC,Pericyte,ring,248,-0.111298014447291,-1.2924264303661,0.896,0.106,IDHm,Astrocytoma,3,TRUE,P11,0.938,0.484
idha15,APC,IFN_response,inside,27,-0.0383294268813859,-0.152245361810395,0.568,0.434,IDHm,Astrocytoma,3,TRUE,P11,0.914,0.578666666666667
idha15,APC,IFN_response,ring,248,0.294497874734493,3.40984223269146,0.002,1,IDHm,Astrocytoma,3,TRUE,P11,0.024,1
idha15,APC,Hypoxia,inside,27,0.0482665690808545,0.238337119044432,0.414,0.588,IDHm,Astrocytoma,3,TRUE,P11,0.914,0.62
idha15,APC,Hypoxia,ring,248,-0.110627290280966,-1.19923508707254,0.87,0.132,IDHm,Astrocytoma,3,TRUE,P11,0.938,0.484
idha15,APC,Inflammation,inside,27,-0.545729306718141,-0.765487647614932,0.718,0.284,IDHm,Astrocytoma,3,TRUE,P11,0.914,0.490285714285714
idha15,APC,Inflammation,ring,248,-0.36425733404122,-0.688485165543605,0.674,0.328,IDHm,Astrocytoma,3,TRUE,P11,0.938,0.562285714285714
idha15,APC,TAM_microglia,inside,27,-0.287451126517901,-1.03583084527885,0.86,0.142,IDHm,Astrocytoma,3,TRUE,P11,0.914,0.490285714285714
idha15,APC,TAM_microglia,ring,248,-0.154503488084575,-0.857410837142231,0.764,0.238,IDHm,Astrocytoma,3,TRUE,P11,0.938,0.484
idha15,APC,TAM_monocyte,inside,27,-0.28559183085511,-0.737546156577551,0.728,0.274,IDHm,Astrocytoma,3,TRUE,P11,0.914,0.490285714285714
idha15,APC,TAM_monocyte,ring,248,-0.329958003676896,-1.10354965201253,0.794,0.208,IDHm,Astrocytoma,3,TRUE,P11,0.938,0.484
idha15,APC,TAM_SPP1_lipid,inside,27,0.101921078924075,0.341373172299043,0.382,0.62,IDHm,Astrocytoma,3,TRUE,P11,0.914,0.62
idha15,APC,TAM_SPP1_lipid,ring,248,0.284390114661421,1.2852951292149,0.128,0.874,IDHm,Astrocytoma,3,TRUE,P11,0.768,0.953454545454545
idha15,APC,TAM_C1Q,inside,27,-0.0871296402994552,-0.288451693867063,0.598,0.404,IDHm,Astrocytoma,3,TRUE,P11,0.914,0.578666666666667
idha15,APC,TAM_C1Q,ring,248,-0.186600670727903,-0.887110732382998,0.76,0.242,IDHm,Astrocytoma,3,TRUE,P11,0.938,0.484
idha15,APC,IFNG_response,inside,27,-0.206621387126948,-0.948172316136463,0.83,0.172,IDHm,Astrocytoma,3,TRUE,P11,0.914,0.490285714285714
idha15,APC,IFNG_response,ring,248,0.0842984777864772,0.781845870687926,0.238,0.764,IDHm,Astrocytoma,3,TRUE,P11,0.938,0.9168
idha15,APC,Malignant_CNA,inside,27,-0.543436785091164,-1.10814620522752,0.83,0.172,IDHm,Astrocytoma,3,TRUE,P11,0.914,0.490285714285714
idha15,APC,Malignant_CNA,ring,248,-0.486223598521303,-1.40742486282833,0.938,0.064,IDHm,Astrocytoma,3,TRUE,P11,0.938,0.484
idha16,C1b,T_cell,inside,309,0.208402091534335,2.34072043961541,0.008,0.994,IDHm,Astrocytoma,4,FALSE,P12,0.024,1
idha16,C1b,T_cell,ring,427,0.0101352156347227,0.242918010784542,0.41,0.592,IDHm,Astrocytoma,4,FALSE,P12,0.5256,1
idha16,C1b,Endothelial,inside,309,0.374120446939949,2.88076165794886,0.002,1,IDHm,Astrocytoma,4,FALSE,P12,0.008,1
idha16,C1b,Endothelial,ring,427,-0.00792890140120312,-0.0736558527279239,0.532,0.47,IDHm,Astrocytoma,4,FALSE,P12,0.580363636363636,1
idha16,C1b,Pericyte,inside,309,-0.114674162803648,-0.772349903296752,0.77,0.232,IDHm,Astrocytoma,4,FALSE,P12,0.84,0.928
idha16,C1b,Pericyte,ring,427,-0.0326902025973531,-0.409158922594105,0.686,0.316,IDHm,Astrocytoma,4,FALSE,P12,0.686,1
idha16,C1b,IFN_response,inside,309,0.080717603912801,0.556354174284413,0.288,0.714,IDHm,Astrocytoma,4,FALSE,P12,0.384,1
idha16,C1b,IFN_response,ring,427,0.208055086680508,2.87944084536631,0.004,0.998,IDHm,Astrocytoma,4,FALSE,P12,0.024,1
idha16,C1b,Hypoxia,inside,309,-0.640814007526445,-3.51295466670871,1,0.002,IDHm,Astrocytoma,4,FALSE,P12,1,0.024
idha16,C1b,Hypoxia,ring,427,0.0187710353461844,0.247857625370567,0.436,0.566,IDHm,Astrocytoma,4,FALSE,P12,0.5256,1
idha16,C1b,Inflammation,inside,309,-0.0687555143240124,-0.797817792400935,0.77,0.232,IDHm,Astrocytoma,4,FALSE,P12,0.84,0.928
idha16,C1b,Inflammation,ring,427,0.010994102092514,0.172838768282957,0.438,0.564,IDHm,Astrocytoma,4,FALSE,P12,0.5256,1
idha16,C1b,TAM_microglia,inside,309,0.476001221484971,3.41860030210418,0.002,1,IDHm,Astrocytoma,4,FALSE,P12,0.008,1
idha16,C1b,TAM_microglia,ring,427,0.0456369141881489,0.857890886218313,0.204,0.798,IDHm,Astrocytoma,4,FALSE,P12,0.408,1
idha16,C1b,TAM_monocyte,inside,309,0.141232291481228,1.11831277528637,0.138,0.864,IDHm,Astrocytoma,4,FALSE,P12,0.276,1
idha16,C1b,TAM_monocyte,ring,427,0.149991045999571,2.55218000774885,0.01,0.992,IDHm,Astrocytoma,4,FALSE,P12,0.04,1
idha16,C1b,TAM_SPP1_lipid,inside,309,0.0878344152299759,0.646602496106989,0.264,0.738,IDHm,Astrocytoma,4,FALSE,P12,0.384,1
idha16,C1b,TAM_SPP1_lipid,ring,427,0.0441229531313023,0.524538987327264,0.31,0.692,IDHm,Astrocytoma,4,FALSE,P12,0.5256,1
idha16,C1b,TAM_C1Q,inside,309,0.386742249449142,2.3635124931607,0.002,1,IDHm,Astrocytoma,4,FALSE,P12,0.008,1
idha16,C1b,TAM_C1Q,ring,427,0.271331783724282,3.50442327322318,0.002,1,IDHm,Astrocytoma,4,FALSE,P12,0.024,1
idha16,C1b,IFNG_response,inside,309,0.132555972768845,0.996842247255869,0.172,0.83,IDHm,Astrocytoma,4,FALSE,P12,0.294857142857143,1
idha16,C1b,IFNG_response,ring,427,0.150239878197669,2.10613006947266,0.018,0.984,IDHm,Astrocytoma,4,FALSE,P12,0.054,1
idha16,C1b,Malignant_CNA,inside,309,0.189646923816807,1.5163842821145,0.062,0.94,IDHm,Astrocytoma,4,FALSE,P12,0.1488,1
idha16,C1b,Malignant_CNA,ring,427,0.127806182572919,1.66646734526482,0.05,0.952,IDHm,Astrocytoma,4,FALSE,P12,0.12,1
idha16,APC,T_cell,inside,10,0.210138243885746,0.543756031580281,0.296,0.706,IDHm,Astrocytoma,4,FALSE,P12,0.592,0.992
idha16,APC,T_cell,ring,121,0.129466331475489,0.91136481247337,0.188,0.814,IDHm,Astrocytoma,4,FALSE,P12,0.282,1
idha16,APC,Endothelial,inside,10,0.00674355509653571,0.0186796871694691,0.484,0.518,IDHm,Astrocytoma,4,FALSE,P12,0.770666666666667,0.992
idha16,APC,Endothelial,ring,121,0.230461376501501,0.97076232316806,0.176,0.826,IDHm,Astrocytoma,4,FALSE,P12,0.282,1
idha16,APC,Pericyte,inside,10,-0.940448986874228,-2.65199489752583,1,0.002,IDHm,Astrocytoma,4,FALSE,P12,1,0.012
idha16,APC,Pericyte,ring,121,-0.293356000969349,-1.20440905980954,0.876,0.126,IDHm,Astrocytoma,4,FALSE,P12,0.955636363636364,0.756
idha16,APC,IFN_response,inside,10,0.479091582745957,1.27483541306167,0.11,0.892,IDHm,Astrocytoma,4,FALSE,P12,0.33,0.992
idha16,APC,IFN_response,ring,121,0.602567166248816,2.49802511387869,0.002,1,IDHm,Astrocytoma,4,FALSE,P12,0.012,1
idha16,APC,Hypoxia,inside,10,-1.04612645752891,-2.76832654160006,1,0.002,IDHm,Astrocytoma,4,FALSE,P12,1,0.012
idha16,APC,Hypoxia,ring,121,-0.77101251849649,-2.60276952925991,1,0.002,IDHm,Astrocytoma,4,FALSE,P12,1,0.024
idha16,APC,Inflammation,inside,10,-0.0536538320501139,-0.152929269639055,0.578,0.424,IDHm,Astrocytoma,4,FALSE,P12,0.770666666666667,0.992
idha16,APC,Inflammation,ring,121,0.165503617840148,1.27024416528633,0.104,0.898,IDHm,Astrocytoma,4,FALSE,P12,0.2496,1
idha16,APC,TAM_microglia,inside,10,0.847543960856165,2.21446821860375,0.012,0.99,IDHm,Astrocytoma,4,FALSE,P12,0.072,0.992
idha16,APC,TAM_microglia,ring,121,0.647633068036446,2.56730573880417,0.002,1,IDHm,Astrocytoma,4,FALSE,P12,0.012,1
idha16,APC,TAM_monocyte,inside,10,-0.265231234784578,-0.700035643711629,0.76,0.242,IDHm,Astrocytoma,4,FALSE,P12,0.912,0.968
idha16,APC,TAM_monocyte,ring,121,0.0603078206307063,0.437748907601844,0.334,0.668,IDHm,Astrocytoma,4,FALSE,P12,0.445333333333333,1
idha16,APC,TAM_SPP1_lipid,inside,10,-0.0456572552483345,-0.211822153288479,0.568,0.434,IDHm,Astrocytoma,4,FALSE,P12,0.770666666666667,0.992
idha16,APC,TAM_SPP1_lipid,ring,121,-0.12066211689234,-0.621349416958597,0.724,0.278,IDHm,Astrocytoma,4,FALSE,P12,0.8688,1
idha16,APC,TAM_C1Q,inside,10,0.960019313087445,2.40685079971234,0.01,0.992,IDHm,Astrocytoma,4,FALSE,P12,0.072,0.992
idha16,APC,TAM_C1Q,ring,121,0.373851141884596,1.27736643985956,0.126,0.876,IDHm,Astrocytoma,4,FALSE,P12,0.252,1
idha16,APC,IFNG_response,inside,10,0.686968966469986,1.95742944101704,0.026,0.976,IDHm,Astrocytoma,4,FALSE,P12,0.104,0.992
idha16,APC,IFNG_response,ring,121,0.497033962101747,2.2590797103813,0.008,0.994,IDHm,Astrocytoma,4,FALSE,P12,0.03,1
idha16,APC,Malignant_CNA,inside,10,0.260120100820785,0.922402054209736,0.188,0.814,IDHm,Astrocytoma,4,FALSE,P12,0.4512,0.992
idha16,APC,Malignant_CNA,ring,121,0.407008800313005,2.56060089595114,0.01,0.992,IDHm,Astrocytoma,4,FALSE,P12,0.03,1
idha16,nonMHC,T_cell,inside,16,-0.110057991786807,-0.368204884659849,0.65,0.352,IDHm,Astrocytoma,4,FALSE,P12,0.8688,0.8448
idha16,nonMHC,T_cell,ring,105,0.098130598138433,0.705293228954706,0.24,0.762,IDHm,Astrocytoma,4,FALSE,P12,0.48,1
idha16,nonMHC,Endothelial,inside,16,-0.104899772494025,-0.389574718444524,0.666,0.336,IDHm,Astrocytoma,4,FALSE,P12,0.8688,0.8448
idha16,nonMHC,Endothelial,ring,105,-0.0413346770351153,-0.26089717405554,0.61,0.392,IDHm,Astrocytoma,4,FALSE,P12,0.813333333333333,1
idha16,nonMHC,Pericyte,inside,16,-0.536598596595612,-1.22347580579991,0.894,0.108,IDHm,Astrocytoma,4,FALSE,P12,0.894,0.72
idha16,nonMHC,Pericyte,ring,105,-0.546916852491736,-1.89875454343497,0.972,0.03,IDHm,Astrocytoma,4,FALSE,P12,0.972,0.36
idha16,nonMHC,IFN_response,inside,16,-0.189424875864226,-0.56364493068482,0.724,0.278,IDHm,Astrocytoma,4,FALSE,P12,0.8688,0.8448
idha16,nonMHC,IFN_response,ring,105,-0.202326306656239,-0.873820116497702,0.8,0.202,IDHm,Astrocytoma,4,FALSE,P12,0.872727272727273,1
idha16,nonMHC,Hypoxia,inside,16,0.634713564491308,1.45228861848073,0.08,0.922,IDHm,Astrocytoma,4,FALSE,P12,0.264,0.994
idha16,nonMHC,Hypoxia,ring,105,0.681102869520039,2.48314038598265,0.004,0.998,IDHm,Astrocytoma,4,FALSE,P12,0.016,1
idha16,nonMHC,Inflammation,inside,16,0.898066106827362,2.11235461512629,0.008,0.994,IDHm,Astrocytoma,4,FALSE,P12,0.096,0.994
idha16,nonMHC,Inflammation,ring,105,0.680004414288059,3.13674645069741,0.002,1,IDHm,Astrocytoma,4,FALSE,P12,0.012,1
idha16,nonMHC,TAM_microglia,inside,16,-0.0199057842045424,-0.0932700259277861,0.508,0.494,IDHm,Astrocytoma,4,FALSE,P12,0.8688,0.988
idha16,nonMHC,TAM_microglia,ring,105,0.13341244120892,0.626064799836647,0.312,0.69,IDHm,Astrocytoma,4,FALSE,P12,0.534857142857143,1
idha16,nonMHC,TAM_monocyte,inside,16,0.42575144504104,1.35522667872479,0.088,0.914,IDHm,Astrocytoma,4,FALSE,P12,0.264,0.994
idha16,nonMHC,TAM_monocyte,ring,105,0.502708064046908,2.87932519711062,0.002,1,IDHm,Astrocytoma,4,FALSE,P12,0.012,1
idha16,nonMHC,TAM_SPP1_lipid,inside,16,0.320751424244461,1.00100637984438,0.174,0.828,IDHm,Astrocytoma,4,FALSE,P12,0.348,0.994
idha16,nonMHC,TAM_SPP1_lipid,ring,105,-0.120897587855303,-0.535478360322262,0.706,0.296,IDHm,Astrocytoma,4,FALSE,P12,0.8472,1
idha16,nonMHC,TAM_C1Q,inside,16,0.703322395272129,1.71049545085395,0.046,0.956,IDHm,Astrocytoma,4,FALSE,P12,0.264,0.994
idha16,nonMHC,TAM_C1Q,ring,105,0.425996744952486,1.51400523269886,0.054,0.948,IDHm,Astrocytoma,4,FALSE,P12,0.1296,1
idha16,nonMHC,IFNG_response,inside,16,-0.393266660440434,-1.19074726281254,0.882,0.12,IDHm,Astrocytoma,4,FALSE,P12,0.894,0.72
idha16,nonMHC,IFNG_response,ring,105,-0.0428575753096267,-0.189512239255846,0.582,0.42,IDHm,Astrocytoma,4,FALSE,P12,0.813333333333333,1
idha16,nonMHC,Malignant_CNA,inside,16,0.393470938674168,1.03481710580978,0.148,0.854,IDHm,Astrocytoma,4,FALSE,P12,0.348,0.994
idha16,nonMHC,Malignant_CNA,ring,105,0.552100774419835,2.60727100262876,0.006,0.996,IDHm,Astrocytoma,4,FALSE,P12,0.018,1
idha17,C1b,T_cell,inside,172,0.488489778338751,5.28835499444014,0.002,1,IDHm,Astrocytoma,2,TRUE,P13,0.012,1
idha17,C1b,T_cell,ring,604,0.0198770798174716,0.421647695923114,0.336,0.666,IDHm,Astrocytoma,2,TRUE,P13,0.448,1
idha17,C1b,Endothelial,inside,172,-0.0347544253522734,-0.443372472924185,0.666,0.336,IDHm,Astrocytoma,2,TRUE,P13,0.726545454545455,1
idha17,C1b,Endothelial,ring,604,-0.0536879557246139,-1.10195321985599,0.868,0.134,IDHm,Astrocytoma,2,TRUE,P13,0.946909090909091,0.804
idha17,C1b,Pericyte,inside,172,-0.00347546669683957,-0.0102140012028379,0.488,0.514,IDHm,Astrocytoma,2,TRUE,P13,0.5856,1
idha17,C1b,Pericyte,ring,604,0.00822856467702531,0.135766920161356,0.434,0.568,IDHm,Astrocytoma,2,TRUE,P13,0.5208,1
idha17,C1b,IFN_response,inside,172,0.255648268880801,2.45512927628712,0.004,0.998,IDHm,Astrocytoma,2,TRUE,P13,0.012,1
idha17,C1b,IFN_response,ring,604,0.0859624085830547,1.37329928577312,0.094,0.908,IDHm,Astrocytoma,2,TRUE,P13,0.161142857142857,1
idha17,C1b,Hypoxia,inside,172,-0.221104930608107,-2.46266458059105,0.994,0.008,IDHm,Astrocytoma,2,TRUE,P13,0.994,0.096
idha17,C1b,Hypoxia,ring,604,-0.147870170152217,-2.98914611733845,1,0.002,IDHm,Astrocytoma,2,TRUE,P13,1,0.024
idha17,C1b,Inflammation,inside,172,0.0188370984026977,0.205528055062245,0.398,0.604,IDHm,Astrocytoma,2,TRUE,P13,0.530666666666667,1
idha17,C1b,Inflammation,ring,604,0.15053047437932,1.81197584469434,0.04,0.962,IDHm,Astrocytoma,2,TRUE,P13,0.096,1
idha17,C1b,TAM_microglia,inside,172,0.230767232596339,2.53799779491967,0.01,0.992,IDHm,Astrocytoma,2,TRUE,P13,0.024,1
idha17,C1b,TAM_microglia,ring,604,0.090106975767798,1.51143745357498,0.058,0.944,IDHm,Astrocytoma,2,TRUE,P13,0.116,1
idha17,C1b,TAM_monocyte,inside,172,0.15730056185137,1.42875089398226,0.088,0.914,IDHm,Astrocytoma,2,TRUE,P13,0.150857142857143,1
idha17,C1b,TAM_monocyte,ring,604,0.190910145450085,2.00209170100493,0.026,0.976,IDHm,Astrocytoma,2,TRUE,P13,0.084,1
idha17,C1b,TAM_SPP1_lipid,inside,172,0.0730742964875989,0.575544381720714,0.278,0.724,IDHm,Astrocytoma,2,TRUE,P13,0.417,1
idha17,C1b,TAM_SPP1_lipid,ring,604,0.0962845781973835,1.0001916465051,0.176,0.826,IDHm,Astrocytoma,2,TRUE,P13,0.264,1
idha17,C1b,TAM_C1Q,inside,172,0.59734741641284,4.04304127584376,0.002,1,IDHm,Astrocytoma,2,TRUE,P13,0.012,1
idha17,C1b,TAM_C1Q,ring,604,0.336190504193807,3.18988374369433,0.002,1,IDHm,Astrocytoma,2,TRUE,P13,0.012,1
idha17,C1b,IFNG_response,inside,172,0.433738366089356,3.63449252349344,0.004,0.998,IDHm,Astrocytoma,2,TRUE,P13,0.012,1
idha17,C1b,IFNG_response,ring,604,0.243480938486878,3.25588650734616,0.002,1,IDHm,Astrocytoma,2,TRUE,P13,0.012,1
idha17,C1b,Malignant_CNA,inside,172,0.342590925723444,1.79496762597756,0.05,0.952,IDHm,Astrocytoma,2,TRUE,P13,0.1,1
idha17,C1b,Malignant_CNA,ring,604,0.323883570664644,2.06046814337185,0.028,0.974,IDHm,Astrocytoma,2,TRUE,P13,0.084,1
idho03,C1b,T_cell,inside,29,-0.0503232958391302,-0.226084762034012,0.588,0.414,IDHm,Oligodendroglioma,3,TRUE,P21,0.676363636363636,1
idho03,C1b,T_cell,ring,137,-0.0566994334825655,-0.480943957524132,0.654,0.348,IDHm,Oligodendroglioma,3,TRUE,P21,0.713454545454546,0.998
idho03,C1b,Endothelial,inside,29,0.983203129896872,3.26880741787138,0.002,1,IDHm,Oligodendroglioma,3,TRUE,P21,0.012,1
idho03,C1b,Endothelial,ring,137,0.126553995815141,0.693752707178301,0.244,0.758,IDHm,Oligodendroglioma,3,TRUE,P21,0.381,0.998
idho03,C1b,Pericyte,inside,29,0.566028076718065,2.16307596389188,0.022,0.98,IDHm,Oligodendroglioma,3,TRUE,P21,0.088,1
idho03,C1b,Pericyte,ring,137,0.103178205399514,0.74545446148199,0.254,0.748,IDHm,Oligodendroglioma,3,TRUE,P21,0.381,0.998
idho03,C1b,IFN_response,inside,29,0.267224832882786,1.0898522987912,0.144,0.858,IDHm,Oligodendroglioma,3,TRUE,P21,0.3456,1
idho03,C1b,IFN_response,ring,137,0.286103424625233,2.08367926094064,0.018,0.984,IDHm,Oligodendroglioma,3,TRUE,P21,0.108,0.998
idho03,C1b,Hypoxia,inside,29,0.0183082932773934,0.132627991555584,0.46,0.542,IDHm,Oligodendroglioma,3,TRUE,P21,0.613333333333333,1
idho03,C1b,Hypoxia,ring,137,0.13940355870314,1.65996117359278,0.042,0.96,IDHm,Oligodendroglioma,3,TRUE,P21,0.126,0.998
idho03,C1b,Inflammation,inside,29,-0.0442762442575635,-0.250577407050076,0.62,0.382,IDHm,Oligodendroglioma,3,TRUE,P21,0.676363636363636,1
idho03,C1b,Inflammation,ring,137,0.0379991510103446,0.57428237402357,0.304,0.698,IDHm,Oligodendroglioma,3,TRUE,P21,0.405333333333333,0.998
idho03,C1b,TAM_microglia,inside,29,0.155437174944623,0.894744568481507,0.184,0.818,IDHm,Oligodendroglioma,3,TRUE,P21,0.368,1
idho03,C1b,TAM_microglia,ring,137,0.149360080738642,1.71785238901957,0.042,0.96,IDHm,Oligodendroglioma,3,TRUE,P21,0.126,0.998
idho03,C1b,TAM_monocyte,inside,29,0.0497258362524006,0.184490910123785,0.416,0.586,IDHm,Oligodendroglioma,3,TRUE,P21,0.613333333333333,1
idho03,C1b,TAM_monocyte,ring,137,0.0922961457395117,0.775777980312379,0.224,0.778,IDHm,Oligodendroglioma,3,TRUE,P21,0.381,0.998
idho03,C1b,TAM_SPP1_lipid,inside,29,0.358307654428205,1.44964234305974,0.072,0.93,IDHm,Oligodendroglioma,3,TRUE,P21,0.216,1
idho03,C1b,TAM_SPP1_lipid,ring,137,0.40999933247911,2.38007965834459,0.004,0.998,IDHm,Oligodendroglioma,3,TRUE,P21,0.048,0.998
idho03,C1b,TAM_C1Q,inside,29,0.727553323472588,3.28236848214582,0.002,1,IDHm,Oligodendroglioma,3,TRUE,P21,0.012,1
idho03,C1b,TAM_C1Q,ring,137,0.179033015894263,1.6540776812756,0.056,0.946,IDHm,Oligodendroglioma,3,TRUE,P21,0.1344,0.998
idho03,C1b,IFNG_response,inside,29,0.110134618221662,0.545813889014318,0.294,0.708,IDHm,Oligodendroglioma,3,TRUE,P21,0.504,1
idho03,C1b,IFNG_response,ring,137,-0.0330375013947633,-0.243956777346905,0.6,0.402,IDHm,Oligodendroglioma,3,TRUE,P21,0.713454545454546,0.998
idho03,C1b,Malignant_CNA,inside,29,-0.311759716300775,-1.15257536854428,0.876,0.126,IDHm,Oligodendroglioma,3,TRUE,P21,0.876,1
idho03,C1b,Malignant_CNA,ring,137,-0.185247290147557,-1.06560072614811,0.844,0.158,IDHm,Oligodendroglioma,3,TRUE,P21,0.844,0.998
idho03,APC,T_cell,inside,5,-0.0759821039808273,-0.22611756249898,0.572,0.43,IDHm,Oligodendroglioma,3,TRUE,P21,0.706,0.942
idho03,APC,T_cell,ring,39,-0.0875597858063923,-0.368877525983785,0.626,0.376,IDHm,Oligodendroglioma,3,TRUE,P21,0.682909090909091,0.9672
idho03,APC,Endothelial,inside,5,0.680372089149134,1.26167702564951,0.108,0.894,IDHm,Oligodendroglioma,3,TRUE,P21,0.6,0.942
idho03,APC,Endothelial,ring,39,-0.0802382087612061,-0.279536341187154,0.61,0.392,IDHm,Oligodendroglioma,3,TRUE,P21,0.682909090909091,0.9672
idho03,APC,Pericyte,inside,5,0.274256111750916,0.58821561494362,0.288,0.714,IDHm,Oligodendroglioma,3,TRUE,P21,0.632,0.942
idho03,APC,Pericyte,ring,39,0.00773752304842021,-0.00683573040067329,0.514,0.488,IDHm,Oligodendroglioma,3,TRUE,P21,0.682909090909091,0.9672
idho03,APC,IFN_response,inside,5,0.247650803113406,0.402169919690929,0.316,0.686,IDHm,Oligodendroglioma,3,TRUE,P21,0.632,0.942
idho03,APC,IFN_response,ring,39,0.656503836267186,3.00642081963749,0.002,1,IDHm,Oligodendroglioma,3,TRUE,P21,0.024,1
idho03,APC,Hypoxia,inside,5,0.0568183666218815,0.0331714940572095,0.5,0.502,IDHm,Oligodendroglioma,3,TRUE,P21,0.706,0.942
idho03,APC,Hypoxia,ring,39,0.0176219846369378,0.0499589399473956,0.476,0.526,IDHm,Oligodendroglioma,3,TRUE,P21,0.682909090909091,0.9672
idho03,APC,Inflammation,inside,5,-0.237389517839302,-0.550113186803717,0.702,0.3,IDHm,Oligodendroglioma,3,TRUE,P21,0.706,0.942
idho03,APC,Inflammation,ring,39,-0.0241332954254037,-0.209466623423986,0.596,0.406,IDHm,Oligodendroglioma,3,TRUE,P21,0.682909090909091,0.9672
idho03,APC,TAM_microglia,inside,5,0.693697653808036,1.55760740362824,0.06,0.942,IDHm,Oligodendroglioma,3,TRUE,P21,0.6,0.942
idho03,APC,TAM_microglia,ring,39,0.153747729448937,0.936305489107249,0.198,0.804,IDHm,Oligodendroglioma,3,TRUE,P21,0.594,0.9672
idho03,APC,TAM_monocyte,inside,5,-0.088918679826784,-0.234733084305745,0.586,0.416,IDHm,Oligodendroglioma,3,TRUE,P21,0.706,0.942
idho03,APC,TAM_monocyte,ring,39,0.0277783684226139,0.20130104199427,0.412,0.59,IDHm,Oligodendroglioma,3,TRUE,P21,0.682909090909091,0.9672
idho03,APC,TAM_SPP1_lipid,inside,5,0.454216071918017,0.862475150834314,0.2,0.802,IDHm,Oligodendroglioma,3,TRUE,P21,0.6,0.942
idho03,APC,TAM_SPP1_lipid,ring,39,0.567965940521813,1.97179599987862,0.03,0.972,IDHm,Oligodendroglioma,3,TRUE,P21,0.18,1
idho03,APC,TAM_C1Q,inside,5,-0.152446032564633,-0.316781095598228,0.628,0.374,IDHm,Oligodendroglioma,3,TRUE,P21,0.706,0.942
idho03,APC,TAM_C1Q,ring,39,0.0944183437009357,0.554511767881885,0.292,0.71,IDHm,Oligodendroglioma,3,TRUE,P21,0.682909090909091,0.9672
idho03,APC,IFNG_response,inside,5,-0.235771613079538,-0.461481181960866,0.706,0.296,IDHm,Oligodendroglioma,3,TRUE,P21,0.706,0.942
idho03,APC,IFNG_response,ring,39,0.153083861044167,0.822005655318614,0.196,0.806,IDHm,Oligodendroglioma,3,TRUE,P21,0.594,0.9672
idho03,APC,Malignant_CNA,inside,5,0.443736331328318,0.912326404639596,0.198,0.804,IDHm,Oligodendroglioma,3,TRUE,P21,0.6,0.942
idho03,APC,Malignant_CNA,ring,39,-0.203515600506491,-0.929163443629575,0.814,0.188,IDHm,Oligodendroglioma,3,TRUE,P21,0.814,0.9672
idho05,C1b,T_cell,inside,59,0.0544279333034386,0.428136346824142,0.328,0.674,IDHm,Oligodendroglioma,3,TRUE,P23,0.437333333333333,0.982
idho05,C1b,T_cell,ring,262,0.0283444929402301,0.311699929216567,0.414,0.588,IDHm,Oligodendroglioma,3,TRUE,P23,0.552,0.968
idho05,C1b,Endothelial,inside,59,0.326607295961138,1.66944630816534,0.056,0.946,IDHm,Oligodendroglioma,3,TRUE,P23,0.224,0.982
idho05,C1b,Endothelial,ring,262,0.181124087181042,1.71629075949678,0.04,0.962,IDHm,Oligodendroglioma,3,TRUE,P23,0.224,0.968
idho05,C1b,Pericyte,inside,59,0.230231652876446,1.22118585164638,0.114,0.888,IDHm,Oligodendroglioma,3,TRUE,P23,0.228,0.982
idho05,C1b,Pericyte,ring,262,0.114878690060264,1.10825996798131,0.156,0.846,IDHm,Oligodendroglioma,3,TRUE,P23,0.36,0.968
idho05,C1b,IFN_response,inside,59,0.248598370957861,1.23963134272536,0.11,0.892,IDHm,Oligodendroglioma,3,TRUE,P23,0.228,0.982
idho05,C1b,IFN_response,ring,262,0.0876530232594771,0.864081549893161,0.21,0.792,IDHm,Oligodendroglioma,3,TRUE,P23,0.36,0.968
idho05,C1b,Hypoxia,inside,59,-0.633987217009745,-3.53509053609808,1,0.002,IDHm,Oligodendroglioma,3,TRUE,P23,1,0.024
idho05,C1b,Hypoxia,ring,262,-0.0144166343276798,-0.179404765654669,0.556,0.446,IDHm,Oligodendroglioma,3,TRUE,P23,0.606545454545455,0.968
idho05,C1b,Inflammation,inside,59,0.185880174515311,0.863806305260414,0.21,0.792,IDHm,Oligodendroglioma,3,TRUE,P23,0.315,0.982
idho05,C1b,Inflammation,ring,262,0.209104236950248,1.52462149998128,0.056,0.946,IDHm,Oligodendroglioma,3,TRUE,P23,0.224,0.968
idho05,C1b,TAM_microglia,inside,59,0.307683455692459,2.1647290738618,0.022,0.98,IDHm,Oligodendroglioma,3,TRUE,P23,0.132,0.982
idho05,C1b,TAM_microglia,ring,262,0.0916360935782302,1.14584094525046,0.124,0.878,IDHm,Oligodendroglioma,3,TRUE,P23,0.36,0.968
idho05,C1b,TAM_monocyte,inside,59,-0.0369732455682818,-0.294447537858449,0.594,0.408,IDHm,Oligodendroglioma,3,TRUE,P23,0.648,0.982
idho05,C1b,TAM_monocyte,ring,262,0.0500278445801647,0.89789267676225,0.188,0.814,IDHm,Oligodendroglioma,3,TRUE,P23,0.36,0.968
idho05,C1b,TAM_SPP1_lipid,inside,59,0.319623841155106,2.12660330521481,0.02,0.982,IDHm,Oligodendroglioma,3,TRUE,P23,0.132,0.982
idho05,C1b,TAM_SPP1_lipid,ring,262,0.0401043929080008,0.504996865218874,0.326,0.676,IDHm,Oligodendroglioma,3,TRUE,P23,0.489,0.968
idho05,C1b,TAM_C1Q,inside,59,0.209602541375146,1.2431951054573,0.106,0.896,IDHm,Oligodendroglioma,3,TRUE,P23,0.228,0.982
idho05,C1b,TAM_C1Q,ring,262,0.197685380136937,1.81462462604265,0.034,0.968,IDHm,Oligodendroglioma,3,TRUE,P23,0.224,0.968
idho05,C1b,IFNG_response,inside,59,0.118400399172529,0.837734777270096,0.208,0.794,IDHm,Oligodendroglioma,3,TRUE,P23,0.315,0.982
idho05,C1b,IFNG_response,ring,262,-0.000946002686547825,0.0354248820711421,0.48,0.522,IDHm,Oligodendroglioma,3,TRUE,P23,0.576,0.968
idho05,C1b,Malignant_CNA,inside,59,0.0136900023914171,0.150647516273467,0.432,0.57,IDHm,Oligodendroglioma,3,TRUE,P23,0.5184,0.982
idho05,C1b,Malignant_CNA,ring,262,-0.140831174252355,-0.811778895165432,0.756,0.246,IDHm,Oligodendroglioma,3,TRUE,P23,0.756,0.968
idho05,APC,T_cell,inside,13,-0.105335271735065,-0.314661682465111,0.618,0.384,IDHm,Oligodendroglioma,3,TRUE,P23,0.687272727272727,0.813
idho05,APC,T_cell,ring,73,-0.116062048710369,-0.82098867760564,0.784,0.218,IDHm,Oligodendroglioma,3,TRUE,P23,0.956,0.56
idho05,APC,Endothelial,inside,13,-0.112011698094563,-0.317230665184016,0.616,0.386,IDHm,Oligodendroglioma,3,TRUE,P23,0.687272727272727,0.813
idho05,APC,Endothelial,ring,73,-0.105341469769508,-0.724783279329977,0.76,0.242,IDHm,Oligodendroglioma,3,TRUE,P23,0.956,0.56
idho05,APC,Pericyte,inside,13,0.2845128063633,0.95112446018254,0.162,0.84,IDHm,Oligodendroglioma,3,TRUE,P23,0.687272727272727,0.878
idho05,APC,Pericyte,ring,73,-0.0356545149840047,-0.14047157442149,0.53,0.472,IDHm,Oligodendroglioma,3,TRUE,P23,0.956,0.809142857142857
idho05,APC,IFN_response,inside,13,0.0169601767217764,0.076759373702516,0.46,0.542,IDHm,Oligodendroglioma,3,TRUE,P23,0.687272727272727,0.813
idho05,APC,IFN_response,ring,73,0.104318644871593,0.738790677962972,0.242,0.76,IDHm,Oligodendroglioma,3,TRUE,P23,0.906,0.864
idho05,APC,Hypoxia,inside,13,-0.0578131207515698,-0.200325789108578,0.574,0.428,IDHm,Oligodendroglioma,3,TRUE,P23,0.687272727272727,0.813
idho05,APC,Hypoxia,ring,73,-0.23364174513707,-1.68841015530635,0.956,0.046,IDHm,Oligodendroglioma,3,TRUE,P23,0.956,0.456
idho05,APC,Inflammation,inside,13,-0.00916738559918557,-0.0698840988226601,0.52,0.482,IDHm,Oligodendroglioma,3,TRUE,P23,0.687272727272727,0.813
idho05,APC,Inflammation,ring,73,0.181156225840458,0.819959006652866,0.21,0.792,IDHm,Oligodendroglioma,3,TRUE,P23,0.906,0.864
idho05,APC,TAM_microglia,inside,13,0.126268599103011,0.477773469917622,0.328,0.674,IDHm,Oligodendroglioma,3,TRUE,P23,0.687272727272727,0.8304
idho05,APC,TAM_microglia,ring,73,0.0151635101657234,0.0818890395959356,0.45,0.552,IDHm,Oligodendroglioma,3,TRUE,P23,0.956,0.828
idho05,APC,TAM_monocyte,inside,13,-0.0883416488372176,-0.295135838390435,0.63,0.372,IDHm,Oligodendroglioma,3,TRUE,P23,0.687272727272727,0.813
idho05,APC,TAM_monocyte,ring,73,0.0725574606503692,0.536557501673594,0.302,0.7,IDHm,Oligodendroglioma,3,TRUE,P23,0.906,0.864
idho05,APC,TAM_SPP1_lipid,inside,13,0.192738781882779,0.54416312251633,0.31,0.692,IDHm,Oligodendroglioma,3,TRUE,P23,0.687272727272727,0.8304
idho05,APC,TAM_SPP1_lipid,ring,73,-0.182542275042902,-1.23558909406148,0.894,0.108,IDHm,Oligodendroglioma,3,TRUE,P23,0.956,0.456
idho05,APC,TAM_C1Q,inside,13,0.35057867808266,1.26735947333445,0.124,0.878,IDHm,Oligodendroglioma,3,TRUE,P23,0.687272727272727,0.878
idho05,APC,TAM_C1Q,ring,73,-0.0988675016869968,-0.606339197614619,0.722,0.28,IDHm,Oligodendroglioma,3,TRUE,P23,0.956,0.56
idho05,APC,IFNG_response,inside,13,0.0192688513193355,0.044588792577534,0.476,0.526,IDHm,Oligodendroglioma,3,TRUE,P23,0.687272727272727,0.813
idho05,APC,IFNG_response,ring,73,0.181573885629843,1.5421757010919,0.066,0.936,IDHm,Oligodendroglioma,3,TRUE,P23,0.792,0.936
idho05,APC,Malignant_CNA,inside,13,-0.67957502409128,-1.93514552159684,0.972,0.03,IDHm,Oligodendroglioma,3,TRUE,P23,0.972,0.36
idho05,APC,Malignant_CNA,ring,73,-0.271110709682856,-1.23078661195169,0.888,0.114,IDHm,Oligodendroglioma,3,TRUE,P23,0.956,0.456
idho08,C1b,T_cell,inside,162,0.0757071884763933,0.97767779522265,0.158,0.844,IDHm,Oligodendroglioma,2,TRUE,P26,0.1896,1
idho08,C1b,T_cell,ring,242,0.202506573446668,3.36330049610326,0.002,1,IDHm,Oligodendroglioma,2,TRUE,P26,0.006,1
idho08,C1b,Endothelial,inside,162,0.227375980383568,2.37316579619958,0.01,0.992,IDHm,Oligodendroglioma,2,TRUE,P26,0.015,1
idho08,C1b,Endothelial,ring,242,0.0921749142611103,1.14353364982618,0.128,0.874,IDHm,Oligodendroglioma,2,TRUE,P26,0.146181818181818,1
idho08,C1b,Pericyte,inside,162,0.347408730617942,3.62118280661229,0.002,1,IDHm,Oligodendroglioma,2,TRUE,P26,0.00342857142857143,1
idho08,C1b,Pericyte,ring,242,0.223525805005889,2.36787036824229,0.008,0.994,IDHm,Oligodendroglioma,2,TRUE,P26,0.0137142857142857,1
idho08,C1b,IFN_response,inside,162,0.923474093607083,4.02184356614116,0.002,1,IDHm,Oligodendroglioma,2,TRUE,P26,0.00342857142857143,1
idho08,C1b,IFN_response,ring,242,0.495040340306211,3.68989930554978,0.002,1,IDHm,Oligodendroglioma,2,TRUE,P26,0.006,1
idho08,C1b,Hypoxia,inside,162,-0.180829935323542,-2.20995592566724,0.984,0.018,IDHm,Oligodendroglioma,2,TRUE,P26,0.984,0.216
idho08,C1b,Hypoxia,ring,242,0.0636221432205126,1.11705372493171,0.134,0.868,IDHm,Oligodendroglioma,2,TRUE,P26,0.146181818181818,1
idho08,C1b,Inflammation,inside,162,0.862519684248779,4.22399224814302,0.002,1,IDHm,Oligodendroglioma,2,TRUE,P26,0.00342857142857143,1
idho08,C1b,Inflammation,ring,242,0.293076862525946,2.19916340811605,0.012,0.99,IDHm,Oligodendroglioma,2,TRUE,P26,0.016,1
idho08,C1b,TAM_microglia,inside,162,0.618518823004319,3.28887695629302,0.002,1,IDHm,Oligodendroglioma,2,TRUE,P26,0.00342857142857143,1
idho08,C1b,TAM_microglia,ring,242,0.252258119225723,2.29983220465789,0.008,0.994,IDHm,Oligodendroglioma,2,TRUE,P26,0.0137142857142857,1
idho08,C1b,TAM_monocyte,inside,162,0.236992148792585,2.30164720640849,0.014,0.988,IDHm,Oligodendroglioma,2,TRUE,P26,0.0186666666666667,1
idho08,C1b,TAM_monocyte,ring,242,0.167985856876996,2.22235119825026,0.012,0.99,IDHm,Oligodendroglioma,2,TRUE,P26,0.016,1
idho08,C1b,TAM_SPP1_lipid,inside,162,0.975056591484797,3.55277161367165,0.002,1,IDHm,Oligodendroglioma,2,TRUE,P26,0.00342857142857143,1
idho08,C1b,TAM_SPP1_lipid,ring,242,0.524735769771791,3.08696715266519,0.002,1,IDHm,Oligodendroglioma,2,TRUE,P26,0.006,1
idho08,C1b,TAM_C1Q,inside,162,1.23363949820385,4.05365956091544,0.002,1,IDHm,Oligodendroglioma,2,TRUE,P26,0.00342857142857143,1
idho08,C1b,TAM_C1Q,ring,242,0.596796205629059,2.91314326200999,0.002,1,IDHm,Oligodendroglioma,2,TRUE,P26,0.006,1
idho08,C1b,IFNG_response,inside,162,0.283010359120875,2.82277027831623,0.002,1,IDHm,Oligodendroglioma,2,TRUE,P26,0.00342857142857143,1
idho08,C1b,IFNG_response,ring,242,0.206437471448217,2.82185293795864,0.004,0.998,IDHm,Oligodendroglioma,2,TRUE,P26,0.0096,1
idho08,C1b,Malignant_CNA,inside,162,0.0281239664030608,0.271013578324468,0.39,0.612,IDHm,Oligodendroglioma,2,TRUE,P26,0.425454545454545,1
idho08,C1b,Malignant_CNA,ring,242,6.02150666770718e-05,-0.0302570631791779,0.506,0.496,IDHm,Oligodendroglioma,2,TRUE,P26,0.506,1
idho08,APC,T_cell,inside,16,-0.0877066249082292,-0.294688130900707,0.61,0.392,IDHm,Oligodendroglioma,2,TRUE,P26,0.665454545454545,1
idho08,APC,T_cell,ring,139,0.0424435328843645,0.519809771798004,0.29,0.712,IDHm,Oligodendroglioma,2,TRUE,P26,0.435,1
idho08,APC,Endothelial,inside,16,0.107277777290135,0.36774434520397,0.372,0.63,IDHm,Oligodendroglioma,2,TRUE,P26,0.4464,1
idho08,APC,Endothelial,ring,139,-0.0852469792579645,-0.876869710171393,0.808,0.194,IDHm,Oligodendroglioma,2,TRUE,P26,0.881454545454545,1
idho08,APC,Pericyte,inside,16,0.454603283946253,1.70251066277067,0.054,0.948,IDHm,Oligodendroglioma,2,TRUE,P26,0.1296,1
idho08,APC,Pericyte,ring,139,-0.0422822242797104,-0.30679830842538,0.61,0.392,IDHm,Oligodendroglioma,2,TRUE,P26,0.732,1
idho08,APC,IFN_response,inside,16,0.321906709076326,0.988217242714527,0.18,0.822,IDHm,Oligodendroglioma,2,TRUE,P26,0.36,1
idho08,APC,IFN_response,ring,139,0.686975319354839,3.01009102628521,0.002,1,IDHm,Oligodendroglioma,2,TRUE,P26,0.008,1
idho08,APC,Hypoxia,inside,16,-0.3639427296502,-1.48614703186537,0.914,0.088,IDHm,Oligodendroglioma,2,TRUE,P26,0.914,1
idho08,APC,Hypoxia,ring,139,-0.110108915917798,-1.37135612611969,0.924,0.078,IDHm,Oligodendroglioma,2,TRUE,P26,0.924,0.936
idho08,APC,Inflammation,inside,16,0.977946418263276,3.25582641067058,0.002,1,IDHm,Oligodendroglioma,2,TRUE,P26,0.024,1
idho08,APC,Inflammation,ring,139,0.519039090746816,2.63824713477277,0.004,0.998,IDHm,Oligodendroglioma,2,TRUE,P26,0.012,1
idho08,APC,TAM_microglia,inside,16,0.132823578942427,0.463463100158227,0.334,0.668,IDHm,Oligodendroglioma,2,TRUE,P26,0.445333333333333,1
idho08,APC,TAM_microglia,ring,139,0.48703111157923,2.5106700376737,0.008,0.994,IDHm,Oligodendroglioma,2,TRUE,P26,0.016,1
idho08,APC,TAM_monocyte,inside,16,0.234450637248651,0.826908030901897,0.224,0.778,IDHm,Oligodendroglioma,2,TRUE,P26,0.372,1
idho08,APC,TAM_monocyte,ring,139,0.112178674474256,1.0481814003629,0.154,0.848,IDHm,Oligodendroglioma,2,TRUE,P26,0.264,1
idho08,APC,TAM_SPP1_lipid,inside,16,0.721572119408106,1.988486134352,0.03,0.972,IDHm,Oligodendroglioma,2,TRUE,P26,0.09,1
idho08,APC,TAM_SPP1_lipid,ring,139,0.962143299790727,3.38012664047744,0.002,1,IDHm,Oligodendroglioma,2,TRUE,P26,0.008,1
idho08,APC,TAM_C1Q,inside,16,0.999293919424259,2.42139768942443,0.012,0.99,IDHm,Oligodendroglioma,2,TRUE,P26,0.072,1
idho08,APC,TAM_C1Q,ring,139,1.129205716393,3.61645402440818,0.002,1,IDHm,Oligodendroglioma,2,TRUE,P26,0.008,1
idho08,APC,IFNG_response,inside,16,0.178864975481899,0.664260415920532,0.248,0.754,IDHm,Oligodendroglioma,2,TRUE,P26,0.372,1
idho08,APC,IFNG_response,ring,139,0.247790830139213,2.41510057625472,0.006,0.996,IDHm,Oligodendroglioma,2,TRUE,P26,0.0144,1
idho08,APC,Malignant_CNA,inside,16,0.557225508313129,2.16634816301956,0.022,0.98,IDHm,Oligodendroglioma,2,TRUE,P26,0.088,1
idho08,APC,Malignant_CNA,ring,139,0.0343620059391726,0.318102804869771,0.398,0.604,IDHm,Oligodendroglioma,2,TRUE,P26,0.530666666666667,1
idho08,nonMHC,T_cell,inside,29,1.31812110378701,5.59463829422624,0.002,1,IDHm,Oligodendroglioma,2,TRUE,P26,0.00342857142857143,1
idho08,nonMHC,T_cell,ring,143,0.0862289697143775,1.02033649669088,0.15,0.852,IDHm,Oligodendroglioma,2,TRUE,P26,0.225,1
idho08,nonMHC,Endothelial,inside,29,1.42377567089119,6.53832313396026,0.002,1,IDHm,Oligodendroglioma,2,TRUE,P26,0.00342857142857143,1
idho08,nonMHC,Endothelial,ring,143,-0.0392215950827764,-0.347034297196658,0.632,0.37,IDHm,Oligodendroglioma,2,TRUE,P26,0.632,1
idho08,nonMHC,Pericyte,inside,29,1.91746332756291,7.45451945418424,0.002,1,IDHm,Oligodendroglioma,2,TRUE,P26,0.00342857142857143,1
idho08,nonMHC,Pericyte,ring,143,0.167716990168533,1.55891408544325,0.062,0.94,IDHm,Oligodendroglioma,2,TRUE,P26,0.106285714285714,1
idho08,nonMHC,IFN_response,inside,29,0.808115932866001,3.17126653302878,0.004,0.998,IDHm,Oligodendroglioma,2,TRUE,P26,0.0048,1
idho08,nonMHC,IFN_response,ring,143,0.507192272599982,3.20922414570724,0.002,1,IDHm,Oligodendroglioma,2,TRUE,P26,0.006,1
idho08,nonMHC,Hypoxia,inside,29,0.460272116790675,2.50403439561303,0.004,0.998,IDHm,Oligodendroglioma,2,TRUE,P26,0.0048,1
idho08,nonMHC,Hypoxia,ring,143,-0.0346355640783635,-0.383330575287389,0.628,0.374,IDHm,Oligodendroglioma,2,TRUE,P26,0.632,1
idho08,nonMHC,Inflammation,inside,29,1.12053205616111,4.00822104239785,0.002,1,IDHm,Oligodendroglioma,2,TRUE,P26,0.00342857142857143,1
idho08,nonMHC,Inflammation,ring,143,0.48513442580349,2.72673349758555,0.002,1,IDHm,Oligodendroglioma,2,TRUE,P26,0.006,1
idho08,nonMHC,TAM_microglia,inside,29,0.370793600620303,1.67600409450422,0.054,0.948,IDHm,Oligodendroglioma,2,TRUE,P26,0.0589090909090909,1
idho08,nonMHC,TAM_microglia,ring,143,0.31732118230317,2.44157134860062,0.012,0.99,IDHm,Oligodendroglioma,2,TRUE,P26,0.0288,1
idho08,nonMHC,TAM_monocyte,inside,29,0.636477166414861,3.08692049901682,0.004,0.998,IDHm,Oligodendroglioma,2,TRUE,P26,0.0048,1
idho08,nonMHC,TAM_monocyte,ring,143,0.0127971701021375,0.170649380755312,0.45,0.552,IDHm,Oligodendroglioma,2,TRUE,P26,0.6,1
idho08,nonMHC,TAM_SPP1_lipid,inside,29,1.2837922590644,3.88009857883052,0.002,1,IDHm,Oligodendroglioma,2,TRUE,P26,0.00342857142857143,1
idho08,nonMHC,TAM_SPP1_lipid,ring,143,0.693898205364009,3.1528455986609,0.002,1,IDHm,Oligodendroglioma,2,TRUE,P26,0.006,1
idho08,nonMHC,TAM_C1Q,inside,29,1.53668548893271,4.3656477402105,0.002,1,IDHm,Oligodendroglioma,2,TRUE,P26,0.00342857142857143,1
idho08,nonMHC,TAM_C1Q,ring,143,0.673250982387796,2.78101371770551,0.002,1,IDHm,Oligodendroglioma,2,TRUE,P26,0.006,1
idho08,nonMHC,IFNG_response,inside,29,0.716225184865743,3.71775185079993,0.002,1,IDHm,Oligodendroglioma,2,TRUE,P26,0.00342857142857143,1
idho08,nonMHC,IFNG_response,ring,143,0.166791093588278,1.79327525288494,0.03,0.972,IDHm,Oligodendroglioma,2,TRUE,P26,0.06,1
idho08,nonMHC,Malignant_CNA,inside,29,-0.367111568473854,-1.68352313997474,0.958,0.044,IDHm,Oligodendroglioma,2,TRUE,P26,0.958,0.528
idho08,nonMHC,Malignant_CNA,ring,143,-0.0312806341848509,-0.305343077135334,0.608,0.394,IDHm,Oligodendroglioma,2,TRUE,P26,0.632,1
